2026-08-31 00:05:00.057 INFO  [c.a.a.a.s.ArCardRecordScheduler] [AutoImport] Bắt đầu tự động đọc dữ liệu quẹt thẻ: fromDate=2026-08-29, toDate=2026-08-31
2026-08-31 00:05:00.508 INFO  [c.a.a.a.s.i.ArCardRecordServiceImpl] [importFromDevice] Bắt đầu đọc dữ liệu quẹt thẻ từ máy chủ, fromDate=2026-08-29, toDate=2026-08-31
2026-08-31 00:05:30.549 ERROR [c.a.a.a.s.i.ArCardRecordServiceImpl] [importFromDevice] Lỗi kết nối hoặc xử lý dữ liệu
com.microsoft.sqlserver.jdbc.SQLServerException: The TCP/IP connection to the host 10.43.7.249, port 1433 has failed. Error: "Connect timed out. Verify the connection properties. Make sure that an instance of SQL Server is running on the host and accepting TCP/IP connections at the port. Make sure that TCP connections to the port are not blocked by a firewall.".
	at at com.microsoft.sqlserver.jdbc.SQLServerException.makeFromDriverError(SQLServerException.java:231)
2026-08-31 00:05:30.578 ERROR [c.a.a.a.s.ArCardRecordScheduler] [AutoImport] Thất bại: Lỗi kết nối máy chủ quẹt thẻ: The TCP/IP connection to the host 10.43.7.249, port 1433 has failed. Error: "Connect timed out. Verify the connection properties. Make sure that an instance of SQL Server is running on the host and accepting TCP/IP connections at the port. Make sure that TCP connections to the port are not blocked by a firewall.".
2026-08-31 01:05:00.016 INFO  [c.a.a.a.s.ArCardRecordScheduler] [AutoImport] Bắt đầu tự động đọc dữ liệu quẹt thẻ: fromDate=2026-08-29, toDate=2026-08-31
2026-08-31 01:05:00.062 INFO  [c.a.a.a.s.i.ArCardRecordServiceImpl] [importFromDevice] Bắt đầu đọc dữ liệu quẹt thẻ từ máy chủ, fromDate=2026-08-29, toDate=2026-08-31
2026-08-31 01:05:30.078 ERROR [c.a.a.a.s.i.ArCardRecordServiceImpl] [importFromDevice] Lỗi kết nối hoặc xử lý dữ liệu
com.microsoft.sqlserver.jdbc.SQLServerException: The TCP/IP connection to the host 10.43.7.249, port 1433 has failed. Error: "Connect timed out. Verify the connection properties. Make sure that an instance of SQL Server is running on the host and accepting TCP/IP connections at the port. Make sure that TCP connections to the port are not blocked by a firewall.".
	at at com.microsoft.sqlserver.jdbc.SQLServerException.makeFromDriverError(SQLServerException.java:231)
2026-08-31 01:05:30.092 ERROR [c.a.a.a.s.ArCardRecordScheduler] [AutoImport] Thất bại: Lỗi kết nối máy chủ quẹt thẻ: The TCP/IP connection to the host 10.43.7.249, port 1433 has failed. Error: "Connect timed out. Verify the connection properties. Make sure that an instance of SQL Server is running on the host and accepting TCP/IP connections at the port. Make sure that TCP connections to the port are not blocked by a firewall.".
2026-08-31 02:05:00.010 INFO  [c.a.a.a.s.ArCardRecordScheduler] [AutoImport] Bắt đầu tự động đọc dữ liệu quẹt thẻ: fromDate=2026-08-29, toDate=2026-08-31
2026-08-31 02:05:00.021 INFO  [c.a.a.a.s.i.ArCardRecordServiceImpl] [importFromDevice] Bắt đầu đọc dữ liệu quẹt thẻ từ máy chủ, fromDate=2026-08-29, toDate=2026-08-31
2026-08-31 02:05:30.035 ERROR [c.a.a.a.s.i.ArCardRecordServiceImpl] [importFromDevice] Lỗi kết nối hoặc xử lý dữ liệu
com.microsoft.sqlserver.jdbc.SQLServerException: The TCP/IP connection to the host 10.43.7.249, port 1433 has failed. Error: "Connect timed out. Verify the connection properties. Make sure that an instance of SQL Server is running on the host and accepting TCP/IP connections at the port. Make sure that TCP connections to the port are not blocked by a firewall.".
	at at com.microsoft.sqlserver.jdbc.SQLServerException.makeFromDriverError(SQLServerException.java:231)
2026-08-31 02:05:30.040 ERROR [c.a.a.a.s.ArCardRecordScheduler] [AutoImport] Thất bại: Lỗi kết nối máy chủ quẹt thẻ: The TCP/IP connection to the host 10.43.7.249, port 1433 has failed. Error: "Connect timed out. Verify the connection properties. Make sure that an instance of SQL Server is running on the host and accepting TCP/IP connections at the port. Make sure that TCP connections to the port are not blocked by a firewall.".
2026-08-31 07:01:20.498 WARN  [c.z.hikari.pool.HikariPool] HrAppPool - Thread starvation or clock leap detected (housekeeper delta=4h46m34s463ms155µs).
2026-08-31 07:01:25.549 WARN  [c.zaxxer.hikari.pool.PoolBase] HrAppPool - Failed to validate connection oracle.jdbc.driver.T4CConnection@7ff3ef9d (ORA-17008: Closed connection
https://docs.oracle.com/error-help/db/ora-17008/). Possibly consider using a shorter maxLifetime value.
2026-08-31 07:01:30.559 WARN  [c.zaxxer.hikari.pool.PoolBase] HrAppPool - Failed to validate connection oracle.jdbc.driver.T4CConnection@52cb2688 (ORA-17008: Closed connection
https://docs.oracle.com/error-help/db/ora-17008/). Possibly consider using a shorter maxLifetime value.
2026-08-31 07:01:35.561 WARN  [c.zaxxer.hikari.pool.PoolBase] HrAppPool - Failed to validate connection oracle.jdbc.driver.T4CConnection@31eef5ee (ORA-17008: Closed connection
https://docs.oracle.com/error-help/db/ora-17008/). Possibly consider using a shorter maxLifetime value.
2026-08-31 07:01:40.565 WARN  [c.zaxxer.hikari.pool.PoolBase] HrAppPool - Failed to validate connection oracle.jdbc.driver.T4CConnection@5fcd788b (ORA-17008: Closed connection
https://docs.oracle.com/error-help/db/ora-17008/). Possibly consider using a shorter maxLifetime value.
2026-08-31 07:01:45.568 WARN  [c.zaxxer.hikari.pool.PoolBase] HrAppPool - Failed to validate connection oracle.jdbc.driver.T4CConnection@6a210683 (ORA-17008: Closed connection
https://docs.oracle.com/error-help/db/ora-17008/). Possibly consider using a shorter maxLifetime value.
2026-08-31 07:01:47.654 INFO  [c.a.a.a.s.ArCardRecordForSelfScheduler] [AutoImportForSelf] Bắt đầu tự động đọc dữ liệu quẹt thẻ cá nhân: fromDate=2026-08-30, toDate=2026-08-30
2026-08-31 07:01:47.693 INFO  [c.a.a.a.s.i.ArCardRecordForSelfServiceImpl] [ArCardRecordForSelfService] importFromDevice fromDate=2026-08-30, toDate=2026-08-30
2026-08-31 07:02:17.727 ERROR [c.a.a.a.s.i.ArCardRecordForSelfServiceImpl] [ArCardRecordForSelfService] Lỗi kết nối hoặc xử lý dữ liệu
com.microsoft.sqlserver.jdbc.SQLServerException: The TCP/IP connection to the host 10.43.7.249, port 1433 has failed. Error: "Connect timed out. Verify the connection properties. Make sure that an instance of SQL Server is running on the host and accepting TCP/IP connections at the port. Make sure that TCP connections to the port are not blocked by a firewall.".
	at at com.microsoft.sqlserver.jdbc.SQLServerException.makeFromDriverError(SQLServerException.java:231)
2026-08-31 07:02:17.734 ERROR [c.a.a.a.s.ArCardRecordForSelfScheduler] [AutoImportForSelf] Thất bại: Lỗi kết nối máy chủ quẹt thẻ: The TCP/IP connection to the host 10.43.7.249, port 1433 has failed. Error: "Connect timed out. Verify the connection properties. Make sure that an instance of SQL Server is running on the host and accepting TCP/IP connections at the port. Make sure that TCP connections to the port are not blocked by a firewall.".
2026-08-31 07:02:17.739 INFO  [c.a.a.a.s.ArCardRecordScheduler] [AutoImport] Bắt đầu tự động đọc dữ liệu quẹt thẻ: fromDate=2026-08-29, toDate=2026-08-31
2026-08-31 07:02:17.741 INFO  [c.a.a.a.s.i.ArCardRecordServiceImpl] [importFromDevice] Bắt đầu đọc dữ liệu quẹt thẻ từ máy chủ, fromDate=2026-08-29, toDate=2026-08-31
2026-08-31 07:02:47.758 ERROR [c.a.a.a.s.i.ArCardRecordServiceImpl] [importFromDevice] Lỗi kết nối hoặc xử lý dữ liệu
com.microsoft.sqlserver.jdbc.SQLServerException: The TCP/IP connection to the host 10.43.7.249, port 1433 has failed. Error: "Connect timed out. Verify the connection properties. Make sure that an instance of SQL Server is running on the host and accepting TCP/IP connections at the port. Make sure that TCP connections to the port are not blocked by a firewall.".
	at at com.microsoft.sqlserver.jdbc.SQLServerException.makeFromDriverError(SQLServerException.java:231)
2026-08-31 07:02:47.761 ERROR [c.a.a.a.s.ArCardRecordScheduler] [AutoImport] Thất bại: Lỗi kết nối máy chủ quẹt thẻ: The TCP/IP connection to the host 10.43.7.249, port 1433 has failed. Error: "Connect timed out. Verify the connection properties. Make sure that an instance of SQL Server is running on the host and accepting TCP/IP connections at the port. Make sure that TCP connections to the port are not blocked by a firewall.".
2026-08-31 07:02:47.822 INFO  [c.a.a.a.s.ArMacRecordEatScheduler] [AutoImportMeal] Bắt đầu tự động đọc dữ liệu suất ăn: fromDate=2026-08-29, toDate=2026-08-31
2026-08-31 07:02:47.827 INFO  [c.a.a.a.s.i.ArMacRecordEatServiceImpl] [importMealFromDevice] Bắt đầu đọc dữ liệu suất ăn, fromDate=2026-08-29, toDate=2026-08-31
2026-08-31 07:03:17.843 ERROR [c.a.a.a.s.i.ArMacRecordEatServiceImpl] [importMealFromDevice] Lỗi kết nối hoặc xử lý dữ liệu
com.microsoft.sqlserver.jdbc.SQLServerException: The TCP/IP connection to the host 10.43.7.249, port 1433 has failed. Error: "Connect timed out. Verify the connection properties. Make sure that an instance of SQL Server is running on the host and accepting TCP/IP connections at the port. Make sure that TCP connections to the port are not blocked by a firewall.".
	at at com.microsoft.sqlserver.jdbc.SQLServerException.makeFromDriverError(SQLServerException.java:231)
2026-08-31 07:03:17.844 ERROR [c.a.a.a.s.ArMacRecordEatScheduler] [AutoImportMeal] Thất bại: Lỗi kết nối máy chủ suất ăn: The TCP/IP connection to the host 10.43.7.249, port 1433 has failed. Error: "Connect timed out. Verify the connection properties. Make sure that an instance of SQL Server is running on the host and accepting TCP/IP connections at the port. Make sure that TCP connections to the port are not blocked by a firewall.".
2026-08-31 07:05:00.014 INFO  [c.a.a.a.s.ArCardRecordScheduler] [AutoImport] Bắt đầu tự động đọc dữ liệu quẹt thẻ: fromDate=2026-08-29, toDate=2026-08-31
2026-08-31 07:05:00.034 INFO  [c.a.a.a.s.i.ArCardRecordServiceImpl] [importFromDevice] Bắt đầu đọc dữ liệu quẹt thẻ từ máy chủ, fromDate=2026-08-29, toDate=2026-08-31
2026-08-31 07:05:30.045 ERROR [c.a.a.a.s.i.ArCardRecordServiceImpl] [importFromDevice] Lỗi kết nối hoặc xử lý dữ liệu
com.microsoft.sqlserver.jdbc.SQLServerException: The TCP/IP connection to the host 10.43.7.249, port 1433 has failed. Error: "Connect timed out. Verify the connection properties. Make sure that an instance of SQL Server is running on the host and accepting TCP/IP connections at the port. Make sure that TCP connections to the port are not blocked by a firewall.".
	at at com.microsoft.sqlserver.jdbc.SQLServerException.makeFromDriverError(SQLServerException.java:231)
2026-08-31 07:05:30.047 ERROR [c.a.a.a.s.ArCardRecordScheduler] [AutoImport] Thất bại: Lỗi kết nối máy chủ quẹt thẻ: The TCP/IP connection to the host 10.43.7.249, port 1433 has failed. Error: "Connect timed out. Verify the connection properties. Make sure that an instance of SQL Server is running on the host and accepting TCP/IP connections at the port. Make sure that TCP connections to the port are not blocked by a firewall.".
2026-08-31 08:05:00.008 INFO  [c.a.a.a.s.ArCardRecordScheduler] [AutoImport] Bắt đầu tự động đọc dữ liệu quẹt thẻ: fromDate=2026-08-29, toDate=2026-08-31
2026-08-31 08:05:00.039 INFO  [c.a.a.a.s.i.ArCardRecordServiceImpl] [importFromDevice] Bắt đầu đọc dữ liệu quẹt thẻ từ máy chủ, fromDate=2026-08-29, toDate=2026-08-31
2026-08-31 08:05:30.046 ERROR [c.a.a.a.s.i.ArCardRecordServiceImpl] [importFromDevice] Lỗi kết nối hoặc xử lý dữ liệu
com.microsoft.sqlserver.jdbc.SQLServerException: The TCP/IP connection to the host 10.43.7.249, port 1433 has failed. Error: "Connect timed out. Verify the connection properties. Make sure that an instance of SQL Server is running on the host and accepting TCP/IP connections at the port. Make sure that TCP connections to the port are not blocked by a firewall.".
	at at com.microsoft.sqlserver.jdbc.SQLServerException.makeFromDriverError(SQLServerException.java:231)
2026-08-31 08:05:30.051 ERROR [c.a.a.a.s.ArCardRecordScheduler] [AutoImport] Thất bại: Lỗi kết nối máy chủ quẹt thẻ: The TCP/IP connection to the host 10.43.7.249, port 1433 has failed. Error: "Connect timed out. Verify the connection properties. Make sure that an instance of SQL Server is running on the host and accepting TCP/IP connections at the port. Make sure that TCP connections to the port are not blocked by a firewall.".
2026-08-31 11:01:31.037 WARN  [o.s.b.a.s.s.UserDetailsServiceAutoConfiguration] 

Using generated security password: 191a9050-e6e6-4357-ab19-6ddedfebe769

This generated password is for development use only. Your security configuration must be updated before running your application in production.

2026-08-31 11:02:32.020 WARN  [i.m.c.instrument.MeterRegistry] This Gauge has been already registered (MeterId{name='system.memory.usage.percent', tags=[]}), the registration will be ignored. Note that subsequent logs will be logged at debug level.
2026-08-31 11:05:00.011 INFO  [c.a.a.a.s.ArCardRecordScheduler] [AutoImport] Bắt đầu tự động đọc dữ liệu quẹt thẻ: fromDate=2026-08-29, toDate=2026-08-31
2026-08-31 11:05:00.078 INFO  [c.a.a.a.s.i.ArCardRecordServiceImpl] [importFromDevice] Bắt đầu đọc dữ liệu quẹt thẻ từ máy chủ, fromDate=2026-08-29, toDate=2026-08-31
2026-08-31 11:05:30.361 ERROR [c.a.a.a.s.i.ArCardRecordServiceImpl] [importFromDevice] Lỗi kết nối hoặc xử lý dữ liệu
com.microsoft.sqlserver.jdbc.SQLServerException: The TCP/IP connection to the host 10.43.7.249, port 1433 has failed. Error: "Connect timed out. Verify the connection properties. Make sure that an instance of SQL Server is running on the host and accepting TCP/IP connections at the port. Make sure that TCP connections to the port are not blocked by a firewall.".
	at at com.microsoft.sqlserver.jdbc.SQLServerException.makeFromDriverError(SQLServerException.java:231)
2026-08-31 11:05:30.392 ERROR [c.a.a.a.s.ArCardRecordScheduler] [AutoImport] Thất bại: Lỗi kết nối máy chủ quẹt thẻ: The TCP/IP connection to the host 10.43.7.249, port 1433 has failed. Error: "Connect timed out. Verify the connection properties. Make sure that an instance of SQL Server is running on the host and accepting TCP/IP connections at the port. Make sure that TCP connections to the port are not blocked by a firewall.".
2026-08-31 11:06:03.419 ERROR [c.a.c.GlobalApiExceptionHandler] Unhandled exception for uri=/login
java.io.FileNotFoundException: class path resource [static/ng-app/index.html] cannot be resolved to URL because it does not exist
	at at org.springframework.core.io.ClassPathResource.getURL(ClassPathResource.java:230)
2026-08-31 11:06:03.420 WARN  [o.s.w.s.m.m.a.ExceptionHandlerExceptionResolver] Resolved [java.io.FileNotFoundException: class path resource [static/ng-app/index.html] cannot be resolved to URL because it does not exist]
2026-08-31 11:06:03.436 ERROR [c.a.c.GlobalApiExceptionHandler] Unhandled exception for uri=/error/500
java.io.FileNotFoundException: class path resource [static/ng-app/index.html] cannot be resolved to URL because it does not exist
	at at org.springframework.core.io.ClassPathResource.getURL(ClassPathResource.java:230)
2026-08-31 11:06:03.437 WARN  [o.s.w.s.m.m.a.ExceptionHandlerExceptionResolver] Resolved [java.io.FileNotFoundException: class path resource [static/ng-app/index.html] cannot be resolved to URL because it does not exist]
2026-08-31 11:06:03.447 ERROR [c.a.c.GlobalApiExceptionHandler] Unhandled exception for uri=/error/error/500
java.io.FileNotFoundException: class path resource [static/ng-app/index.html] cannot be resolved to URL because it does not exist
	at at org.springframework.core.io.ClassPathResource.getURL(ClassPathResource.java:230)
2026-08-31 11:06:03.447 WARN  [o.s.w.s.m.m.a.ExceptionHandlerExceptionResolver] Resolved [java.io.FileNotFoundException: class path resource [static/ng-app/index.html] cannot be resolved to URL because it does not exist]
2026-08-31 11:06:03.453 ERROR [c.a.c.GlobalApiExceptionHandler] Unhandled exception for uri=/error/error/error/500
java.io.FileNotFoundException: class path resource [static/ng-app/index.html] cannot be resolved to URL because it does not exist
	at at org.springframework.core.io.ClassPathResource.getURL(ClassPathResource.java:230)
2026-08-31 11:06:03.454 WARN  [o.s.w.s.m.m.a.ExceptionHandlerExceptionResolver] Resolved [java.io.FileNotFoundException: class path resource [static/ng-app/index.html] cannot be resolved to URL because it does not exist]
2026-08-31 11:06:03.460 ERROR [c.a.c.GlobalApiExceptionHandler] Unhandled exception for uri=/error/error/error/error/500
java.io.FileNotFoundException: class path resource [static/ng-app/index.html] cannot be resolved to URL because it does not exist
	at at org.springframework.core.io.ClassPathResource.getURL(ClassPathResource.java:230)
2026-08-31 11:06:03.460 WARN  [o.s.w.s.m.m.a.ExceptionHandlerExceptionResolver] Resolved [java.io.FileNotFoundException: class path resource [static/ng-app/index.html] cannot be resolved to URL because it does not exist]
2026-08-31 11:06:03.471 ERROR [c.a.c.GlobalApiExceptionHandler] Unhandled exception for uri=/error/error/error/error/error/500
java.io.FileNotFoundException: class path resource [static/ng-app/index.html] cannot be resolved to URL because it does not exist
	at at org.springframework.core.io.ClassPathResource.getURL(ClassPathResource.java:230)
2026-08-31 11:06:03.472 WARN  [o.s.w.s.m.m.a.ExceptionHandlerExceptionResolver] Resolved [java.io.FileNotFoundException: class path resource [static/ng-app/index.html] cannot be resolved to URL because it does not exist]
2026-08-31 11:06:03.479 ERROR [c.a.c.GlobalApiExceptionHandler] Unhandled exception for uri=/error/error/error/error/error/error/500
java.io.FileNotFoundException: class path resource [static/ng-app/index.html] cannot be resolved to URL because it does not exist
	at at org.springframework.core.io.ClassPathResource.getURL(ClassPathResource.java:230)
2026-08-31 11:06:03.480 WARN  [o.s.w.s.m.m.a.ExceptionHandlerExceptionResolver] Resolved [java.io.FileNotFoundException: class path resource [static/ng-app/index.html] cannot be resolved to URL because it does not exist]
2026-08-31 11:06:03.488 ERROR [c.a.c.GlobalApiExceptionHandler] Unhandled exception for uri=/error/error/error/error/error/error/error/500
java.io.FileNotFoundException: class path resource [static/ng-app/index.html] cannot be resolved to URL because it does not exist
	at at org.springframework.core.io.ClassPathResource.getURL(ClassPathResource.java:230)
2026-08-31 11:06:03.489 WARN  [o.s.w.s.m.m.a.ExceptionHandlerExceptionResolver] Resolved [java.io.FileNotFoundException: class path resource [static/ng-app/index.html] cannot be resolved to URL because it does not exist]
2026-08-31 11:06:03.501 ERROR [c.a.c.GlobalApiExceptionHandler] Unhandled exception for uri=/error/error/error/error/error/error/error/error/500
java.io.FileNotFoundException: class path resource [static/ng-app/index.html] cannot be resolved to URL because it does not exist
	at at org.springframework.core.io.ClassPathResource.getURL(ClassPathResource.java:230)
2026-08-31 11:06:03.503 WARN  [o.s.w.s.m.m.a.ExceptionHandlerExceptionResolver] Resolved [java.io.FileNotFoundException: class path resource [static/ng-app/index.html] cannot be resolved to URL because it does not exist]
2026-08-31 11:06:03.513 ERROR [c.a.c.GlobalApiExceptionHandler] Unhandled exception for uri=/error/error/error/error/error/error/error/error/error/500
java.io.FileNotFoundException: class path resource [static/ng-app/index.html] cannot be resolved to URL because it does not exist
	at at org.springframework.core.io.ClassPathResource.getURL(ClassPathResource.java:230)
2026-08-31 11:06:03.515 WARN  [o.s.w.s.m.m.a.ExceptionHandlerExceptionResolver] Resolved [java.io.FileNotFoundException: class path resource [static/ng-app/index.html] cannot be resolved to URL because it does not exist]
2026-08-31 11:06:03.526 ERROR [c.a.c.GlobalApiExceptionHandler] Unhandled exception for uri=/error/error/error/error/error/error/error/error/error/error/500
java.io.FileNotFoundException: class path resource [static/ng-app/index.html] cannot be resolved to URL because it does not exist
	at at org.springframework.core.io.ClassPathResource.getURL(ClassPathResource.java:230)
2026-08-31 11:06:03.528 WARN  [o.s.w.s.m.m.a.ExceptionHandlerExceptionResolver] Resolved [java.io.FileNotFoundException: class path resource [static/ng-app/index.html] cannot be resolved to URL because it does not exist]
2026-08-31 11:06:03.539 ERROR [c.a.c.GlobalApiExceptionHandler] Unhandled exception for uri=/error/error/error/error/error/error/error/error/error/error/error/500
java.io.FileNotFoundException: class path resource [static/ng-app/index.html] cannot be resolved to URL because it does not exist
	at at org.springframework.core.io.ClassPathResource.getURL(ClassPathResource.java:230)
2026-08-31 11:06:03.541 WARN  [o.s.w.s.m.m.a.ExceptionHandlerExceptionResolver] Resolved [java.io.FileNotFoundException: class path resource [static/ng-app/index.html] cannot be resolved to URL because it does not exist]
2026-08-31 11:06:03.552 ERROR [c.a.c.GlobalApiExceptionHandler] Unhandled exception for uri=/error/error/error/error/error/error/error/error/error/error/error/error/500
java.io.FileNotFoundException: class path resource [static/ng-app/index.html] cannot be resolved to URL because it does not exist
	at at org.springframework.core.io.ClassPathResource.getURL(ClassPathResource.java:230)
2026-08-31 11:06:03.555 WARN  [o.s.w.s.m.m.a.ExceptionHandlerExceptionResolver] Resolved [java.io.FileNotFoundException: class path resource [static/ng-app/index.html] cannot be resolved to URL because it does not exist]
2026-08-31 11:06:03.565 ERROR [c.a.c.GlobalApiExceptionHandler] Unhandled exception for uri=/error/error/error/error/error/error/error/error/error/error/error/error/error/500
java.io.FileNotFoundException: class path resource [static/ng-app/index.html] cannot be resolved to URL because it does not exist
	at at org.springframework.core.io.ClassPathResource.getURL(ClassPathResource.java:230)
2026-08-31 11:06:03.566 WARN  [o.s.w.s.m.m.a.ExceptionHandlerExceptionResolver] Resolved [java.io.FileNotFoundException: class path resource [static/ng-app/index.html] cannot be resolved to URL because it does not exist]
2026-08-31 11:06:03.577 ERROR [c.a.c.GlobalApiExceptionHandler] Unhandled exception for uri=/error/error/error/error/error/error/error/error/error/error/error/error/error/error/500
java.io.FileNotFoundException: class path resource [static/ng-app/index.html] cannot be resolved to URL because it does not exist
	at at org.springframework.core.io.ClassPathResource.getURL(ClassPathResource.java:230)
2026-08-31 11:06:03.579 WARN  [o.s.w.s.m.m.a.ExceptionHandlerExceptionResolver] Resolved [java.io.FileNotFoundException: class path resource [static/ng-app/index.html] cannot be resolved to URL because it does not exist]
2026-08-31 11:06:03.588 ERROR [c.a.c.GlobalApiExceptionHandler] Unhandled exception for uri=/error/error/error/error/error/error/error/error/error/error/error/error/error/error/error/500
java.io.FileNotFoundException: class path resource [static/ng-app/index.html] cannot be resolved to URL because it does not exist
	at at org.springframework.core.io.ClassPathResource.getURL(ClassPathResource.java:230)
2026-08-31 11:06:03.590 WARN  [o.s.w.s.m.m.a.ExceptionHandlerExceptionResolver] Resolved [java.io.FileNotFoundException: class path resource [static/ng-app/index.html] cannot be resolved to URL because it does not exist]
2026-08-31 11:06:03.599 ERROR [c.a.c.GlobalApiExceptionHandler] Unhandled exception for uri=/error/error/error/error/error/error/error/error/error/error/error/error/error/error/error/error/500
java.io.FileNotFoundException: class path resource [static/ng-app/index.html] cannot be resolved to URL because it does not exist
	at at org.springframework.core.io.ClassPathResource.getURL(ClassPathResource.java:230)
2026-08-31 11:06:03.600 WARN  [o.s.w.s.m.m.a.ExceptionHandlerExceptionResolver] Resolved [java.io.FileNotFoundException: class path resource [static/ng-app/index.html] cannot be resolved to URL because it does not exist]
2026-08-31 11:06:03.609 ERROR [c.a.c.GlobalApiExceptionHandler] Unhandled exception for uri=/error/error/error/error/error/error/error/error/error/error/error/error/error/error/error/error/error/500
java.io.FileNotFoundException: class path resource [static/ng-app/index.html] cannot be resolved to URL because it does not exist
	at at org.springframework.core.io.ClassPathResource.getURL(ClassPathResource.java:230)
2026-08-31 11:06:03.611 WARN  [o.s.w.s.m.m.a.ExceptionHandlerExceptionResolver] Resolved [java.io.FileNotFoundException: class path resource [static/ng-app/index.html] cannot be resolved to URL because it does not exist]
2026-08-31 11:06:03.621 ERROR [c.a.c.GlobalApiExceptionHandler] Unhandled exception for uri=/error/error/error/error/error/error/error/error/error/error/error/error/error/error/error/error/error/error/500
java.io.FileNotFoundException: class path resource [static/ng-app/index.html] cannot be resolved to URL because it does not exist
	at at org.springframework.core.io.ClassPathResource.getURL(ClassPathResource.java:230)
2026-08-31 11:06:03.623 WARN  [o.s.w.s.m.m.a.ExceptionHandlerExceptionResolver] Resolved [java.io.FileNotFoundException: class path resource [static/ng-app/index.html] cannot be resolved to URL because it does not exist]
2026-08-31 11:06:03.635 ERROR [c.a.c.GlobalApiExceptionHandler] Unhandled exception for uri=/error/error/error/error/error/error/error/error/error/error/error/error/error/error/error/error/error/error/error/500
java.io.FileNotFoundException: class path resource [static/ng-app/index.html] cannot be resolved to URL because it does not exist
	at at org.springframework.core.io.ClassPathResource.getURL(ClassPathResource.java:230)
2026-08-31 11:06:03.636 WARN  [o.s.w.s.m.m.a.ExceptionHandlerExceptionResolver] Resolved [java.io.FileNotFoundException: class path resource [static/ng-app/index.html] cannot be resolved to URL because it does not exist]
2026-08-31 11:06:03.646 ERROR [c.a.c.GlobalApiExceptionHandler] Unhandled exception for uri=/error/error/error/error/error/error/error/error/error/error/error/error/error/error/error/error/error/error/error/error/500
java.io.FileNotFoundException: class path resource [static/ng-app/index.html] cannot be resolved to URL because it does not exist
	at at org.springframework.core.io.ClassPathResource.getURL(ClassPathResource.java:230)
2026-08-31 11:06:03.648 WARN  [o.s.w.s.m.m.a.ExceptionHandlerExceptionResolver] Resolved [java.io.FileNotFoundException: class path resource [static/ng-app/index.html] cannot be resolved to URL because it does not exist]
2026-08-31 11:06:03.659 ERROR [c.a.c.GlobalApiExceptionHandler] Unhandled exception for uri=/error/error/error/error/error/error/error/error/error/error/error/error/error/error/error/error/error/error/error/error/error/500
java.io.FileNotFoundException: class path resource [static/ng-app/index.html] cannot be resolved to URL because it does not exist
	at at org.springframework.core.io.ClassPathResource.getURL(ClassPathResource.java:230)
2026-08-31 11:06:03.661 WARN  [o.s.w.s.m.m.a.ExceptionHandlerExceptionResolver] Resolved [java.io.FileNotFoundException: class path resource [static/ng-app/index.html] cannot be resolved to URL because it does not exist]
2026-08-31 11:06:03.671 ERROR [c.a.c.GlobalApiExceptionHandler] Unhandled exception for uri=/error/error/error/error/error/error/error/error/error/error/error/error/error/error/error/error/error/error/error/error/error/error/500
java.io.FileNotFoundException: class path resource [static/ng-app/index.html] cannot be resolved to URL because it does not exist
	at at org.springframework.core.io.ClassPathResource.getURL(ClassPathResource.java:230)
2026-08-31 11:06:03.672 WARN  [o.s.w.s.m.m.a.ExceptionHandlerExceptionResolver] Resolved [java.io.FileNotFoundException: class path resource [static/ng-app/index.html] cannot be resolved to URL because it does not exist]
2026-08-31 11:06:03.684 ERROR [c.a.c.GlobalApiExceptionHandler] Unhandled exception for uri=/error/error/error/error/error/error/error/error/error/error/error/error/error/error/error/error/error/error/error/error/error/error/error/500
java.io.FileNotFoundException: class path resource [static/ng-app/index.html] cannot be resolved to URL because it does not exist
	at at org.springframework.core.io.ClassPathResource.getURL(ClassPathResource.java:230)
2026-08-31 11:06:03.685 WARN  [o.s.w.s.m.m.a.ExceptionHandlerExceptionResolver] Resolved [java.io.FileNotFoundException: class path resource [static/ng-app/index.html] cannot be resolved to URL because it does not exist]
2026-08-31 11:06:03.693 ERROR [c.a.c.GlobalApiExceptionHandler] Unhandled exception for uri=/error/error/error/error/error/error/error/error/error/error/error/error/error/error/error/error/error/error/error/error/error/error/error/error/500
java.io.FileNotFoundException: class path resource [static/ng-app/index.html] cannot be resolved to URL because it does not exist
	at at org.springframework.core.io.ClassPathResource.getURL(ClassPathResource.java:230)
2026-08-31 11:06:03.694 WARN  [o.s.w.s.m.m.a.ExceptionHandlerExceptionResolver] Resolved [java.io.FileNotFoundException: class path resource [static/ng-app/index.html] cannot be resolved to URL because it does not exist]
2026-08-31 11:06:03.701 ERROR [c.a.c.GlobalApiExceptionHandler] Unhandled exception for uri=/error/error/error/error/error/error/error/error/error/error/error/error/error/error/error/error/error/error/error/error/error/error/error/error/error/500
java.io.FileNotFoundException: class path resource [static/ng-app/index.html] cannot be resolved to URL because it does not exist
	at at org.springframework.core.io.ClassPathResource.getURL(ClassPathResource.java:230)
2026-08-31 11:06:03.702 WARN  [o.s.w.s.m.m.a.ExceptionHandlerExceptionResolver] Resolved [java.io.FileNotFoundException: class path resource [static/ng-app/index.html] cannot be resolved to URL because it does not exist]
2026-08-31 11:06:03.717 ERROR [c.a.c.GlobalApiExceptionHandler] Unhandled exception for uri=/error/error/error/error/error/error/error/error/error/error/error/error/error/error/error/error/error/error/error/error/error/error/error/error/error/error/500
java.io.FileNotFoundException: class path resource [static/ng-app/index.html] cannot be resolved to URL because it does not exist
	at at org.springframework.core.io.ClassPathResource.getURL(ClassPathResource.java:230)
2026-08-31 11:06:03.718 WARN  [o.s.w.s.m.m.a.ExceptionHandlerExceptionResolver] Resolved [java.io.FileNotFoundException: class path resource [static/ng-app/index.html] cannot be resolved to URL because it does not exist]
2026-08-31 11:06:03.729 ERROR [c.a.c.GlobalApiExceptionHandler] Unhandled exception for uri=/error/error/error/error/error/error/error/error/error/error/error/error/error/error/error/error/error/error/error/error/error/error/error/error/error/error/error/500
java.io.FileNotFoundException: class path resource [static/ng-app/index.html] cannot be resolved to URL because it does not exist
	at at org.springframework.core.io.ClassPathResource.getURL(ClassPathResource.java:230)
2026-08-31 11:06:03.730 WARN  [o.s.w.s.m.m.a.ExceptionHandlerExceptionResolver] Resolved [java.io.FileNotFoundException: class path resource [static/ng-app/index.html] cannot be resolved to URL because it does not exist]
2026-08-31 11:06:03.740 ERROR [c.a.c.GlobalApiExceptionHandler] Unhandled exception for uri=/error/error/error/error/error/error/error/error/error/error/error/error/error/error/error/error/error/error/error/error/error/error/error/error/error/error/error/error/500
java.io.FileNotFoundException: class path resource [static/ng-app/index.html] cannot be resolved to URL because it does not exist
	at at org.springframework.core.io.ClassPathResource.getURL(ClassPathResource.java:230)
2026-08-31 11:06:03.741 WARN  [o.s.w.s.m.m.a.ExceptionHandlerExceptionResolver] Resolved [java.io.FileNotFoundException: class path resource [static/ng-app/index.html] cannot be resolved to URL because it does not exist]
2026-08-31 11:06:03.749 ERROR [c.a.c.GlobalApiExceptionHandler] Unhandled exception for uri=/error/error/error/error/error/error/error/error/error/error/error/error/error/error/error/error/error/error/error/error/error/error/error/error/error/error/error/error/error/500
java.io.FileNotFoundException: class path resource [static/ng-app/index.html] cannot be resolved to URL because it does not exist
	at at org.springframework.core.io.ClassPathResource.getURL(ClassPathResource.java:230)
2026-08-31 11:06:03.752 WARN  [o.s.w.s.m.m.a.ExceptionHandlerExceptionResolver] Resolved [java.io.FileNotFoundException: class path resource [static/ng-app/index.html] cannot be resolved to URL because it does not exist]
2026-08-31 11:06:03.767 ERROR [c.a.c.GlobalApiExceptionHandler] Unhandled exception for uri=/error/error/error/error/error/error/error/error/error/error/error/error/error/error/error/error/error/error/error/error/error/error/error/error/error/error/error/error/error/error/500
java.io.FileNotFoundException: class path resource [static/ng-app/index.html] cannot be resolved to URL because it does not exist
	at at org.springframework.core.io.ClassPathResource.getURL(ClassPathResource.java:230)
2026-08-31 11:06:03.768 WARN  [o.s.w.s.m.m.a.ExceptionHandlerExceptionResolver] Resolved [java.io.FileNotFoundException: class path resource [static/ng-app/index.html] cannot be resolved to URL because it does not exist]
2026-08-31 11:06:03.780 ERROR [c.a.c.GlobalApiExceptionHandler] Unhandled exception for uri=/error/error/error/error/error/error/error/error/error/error/error/error/error/error/error/error/error/error/error/error/error/error/error/error/error/error/error/error/error/error/error/500
java.io.FileNotFoundException: class path resource [static/ng-app/index.html] cannot be resolved to URL because it does not exist
	at at org.springframework.core.io.ClassPathResource.getURL(ClassPathResource.java:230)
2026-08-31 11:06:03.781 WARN  [o.s.w.s.m.m.a.ExceptionHandlerExceptionResolver] Resolved [java.io.FileNotFoundException: class path resource [static/ng-app/index.html] cannot be resolved to URL because it does not exist]
2026-08-31 11:06:03.788 ERROR [c.a.c.GlobalApiExceptionHandler] Unhandled exception for uri=/error/error/error/error/error/error/error/error/error/error/error/error/error/error/error/error/error/error/error/error/error/error/error/error/error/error/error/error/error/error/error/error/500
java.io.FileNotFoundException: class path resource [static/ng-app/index.html] cannot be resolved to URL because it does not exist
	at at org.springframework.core.io.ClassPathResource.getURL(ClassPathResource.java:230)
2026-08-31 11:06:03.789 WARN  [o.s.w.s.m.m.a.ExceptionHandlerExceptionResolver] Resolved [java.io.FileNotFoundException: class path resource [static/ng-app/index.html] cannot be resolved to URL because it does not exist]
2026-08-31 11:06:03.801 ERROR [c.a.c.GlobalApiExceptionHandler] Unhandled exception for uri=/error/error/error/error/error/error/error/error/error/error/error/error/error/error/error/error/error/error/error/error/error/error/error/error/error/error/error/error/error/error/error/error/error/500
java.io.FileNotFoundException: class path resource [static/ng-app/index.html] cannot be resolved to URL because it does not exist
	at at org.springframework.core.io.ClassPathResource.getURL(ClassPathResource.java:230)
2026-08-31 11:06:03.803 WARN  [o.s.w.s.m.m.a.ExceptionHandlerExceptionResolver] Resolved [java.io.FileNotFoundException: class path resource [static/ng-app/index.html] cannot be resolved to URL because it does not exist]
2026-08-31 11:06:03.819 ERROR [c.a.c.GlobalApiExceptionHandler] Unhandled exception for uri=/error/error/error/error/error/error/error/error/error/error/error/error/error/error/error/error/error/error/error/error/error/error/error/error/error/error/error/error/error/error/error/error/error/error/500
java.io.FileNotFoundException: class path resource [static/ng-app/index.html] cannot be resolved to URL because it does not exist
	at at org.springframework.core.io.ClassPathResource.getURL(ClassPathResource.java:230)
2026-08-31 11:06:03.821 WARN  [o.s.w.s.m.m.a.ExceptionHandlerExceptionResolver] Resolved [java.io.FileNotFoundException: class path resource [static/ng-app/index.html] cannot be resolved to URL because it does not exist]
2026-08-31 11:06:03.836 ERROR [c.a.c.GlobalApiExceptionHandler] Unhandled exception for uri=/error/error/error/error/error/error/error/error/error/error/error/error/error/error/error/error/error/error/error/error/error/error/error/error/error/error/error/error/error/error/error/error/error/error/error/500
java.io.FileNotFoundException: class path resource [static/ng-app/index.html] cannot be resolved to URL because it does not exist
	at at org.springframework.core.io.ClassPathResource.getURL(ClassPathResource.java:230)
2026-08-31 11:06:03.838 WARN  [o.s.w.s.m.m.a.ExceptionHandlerExceptionResolver] Resolved [java.io.FileNotFoundException: class path resource [static/ng-app/index.html] cannot be resolved to URL because it does not exist]
2026-08-31 11:06:03.853 ERROR [c.a.c.GlobalApiExceptionHandler] Unhandled exception for uri=/error/error/error/error/error/error/error/error/error/error/error/error/error/error/error/error/error/error/error/error/error/error/error/error/error/error/error/error/error/error/error/error/error/error/error/error/500
java.io.FileNotFoundException: class path resource [static/ng-app/index.html] cannot be resolved to URL because it does not exist
	at at org.springframework.core.io.ClassPathResource.getURL(ClassPathResource.java:230)
2026-08-31 11:06:03.855 WARN  [o.s.w.s.m.m.a.ExceptionHandlerExceptionResolver] Resolved [java.io.FileNotFoundException: class path resource [static/ng-app/index.html] cannot be resolved to URL because it does not exist]
2026-08-31 11:06:03.867 ERROR [c.a.c.GlobalApiExceptionHandler] Unhandled exception for uri=/error/error/error/error/error/error/error/error/error/error/error/error/error/error/error/error/error/error/error/error/error/error/error/error/error/error/error/error/error/error/error/error/error/error/error/error/error/500
java.io.FileNotFoundException: class path resource [static/ng-app/index.html] cannot be resolved to URL because it does not exist
	at at org.springframework.core.io.ClassPathResource.getURL(ClassPathResource.java:230)
2026-08-31 11:06:03.868 WARN  [o.s.w.s.m.m.a.ExceptionHandlerExceptionResolver] Resolved [java.io.FileNotFoundException: class path resource [static/ng-app/index.html] cannot be resolved to URL because it does not exist]
2026-08-31 11:06:03.878 ERROR [c.a.c.GlobalApiExceptionHandler] Unhandled exception for uri=/error/error/error/error/error/error/error/error/error/error/error/error/error/error/error/error/error/error/error/error/error/error/error/error/error/error/error/error/error/error/error/error/error/error/error/error/error/error/500
java.io.FileNotFoundException: class path resource [static/ng-app/index.html] cannot be resolved to URL because it does not exist
	at at org.springframework.core.io.ClassPathResource.getURL(ClassPathResource.java:230)
2026-08-31 11:06:03.880 WARN  [o.s.w.s.m.m.a.ExceptionHandlerExceptionResolver] Resolved [java.io.FileNotFoundException: class path resource [static/ng-app/index.html] cannot be resolved to URL because it does not exist]
2026-08-31 11:06:03.889 ERROR [c.a.c.GlobalApiExceptionHandler] Unhandled exception for uri=/error/error/error/error/error/error/error/error/error/error/error/error/error/error/error/error/error/error/error/error/error/error/error/error/error/error/error/error/error/error/error/error/error/error/error/error/error/error/error/500
java.io.FileNotFoundException: class path resource [static/ng-app/index.html] cannot be resolved to URL because it does not exist
	at at org.springframework.core.io.ClassPathResource.getURL(ClassPathResource.java:230)
2026-08-31 11:06:03.891 WARN  [o.s.w.s.m.m.a.ExceptionHandlerExceptionResolver] Resolved [java.io.FileNotFoundException: class path resource [static/ng-app/index.html] cannot be resolved to URL because it does not exist]
2026-08-31 11:06:03.900 ERROR [c.a.c.GlobalApiExceptionHandler] Unhandled exception for uri=/error/error/error/error/error/error/error/error/error/error/error/error/error/error/error/error/error/error/error/error/error/error/error/error/error/error/error/error/error/error/error/error/error/error/error/error/error/error/error/error/500
java.io.FileNotFoundException: class path resource [static/ng-app/index.html] cannot be resolved to URL because it does not exist
	at at org.springframework.core.io.ClassPathResource.getURL(ClassPathResource.java:230)
2026-08-31 11:06:03.901 WARN  [o.s.w.s.m.m.a.ExceptionHandlerExceptionResolver] Resolved [java.io.FileNotFoundException: class path resource [static/ng-app/index.html] cannot be resolved to URL because it does not exist]
2026-08-31 11:06:03.913 ERROR [c.a.c.GlobalApiExceptionHandler] Unhandled exception for uri=/error/error/error/error/error/error/error/error/error/error/error/error/error/error/error/error/error/error/error/error/error/error/error/error/error/error/error/error/error/error/error/error/error/error/error/error/error/error/error/error/error/500
java.io.FileNotFoundException: class path resource [static/ng-app/index.html] cannot be resolved to URL because it does not exist
	at at org.springframework.core.io.ClassPathResource.getURL(ClassPathResource.java:230)
2026-08-31 11:06:03.914 WARN  [o.s.w.s.m.m.a.ExceptionHandlerExceptionResolver] Resolved [java.io.FileNotFoundException: class path resource [static/ng-app/index.html] cannot be resolved to URL because it does not exist]
2026-08-31 11:06:03.926 ERROR [c.a.c.GlobalApiExceptionHandler] Unhandled exception for uri=/error/error/error/error/error/error/error/error/error/error/error/error/error/error/error/error/error/error/error/error/error/error/error/error/error/error/error/error/error/error/error/error/error/error/error/error/error/error/error/error/error/error/500
java.io.FileNotFoundException: class path resource [static/ng-app/index.html] cannot be resolved to URL because it does not exist
	at at org.springframework.core.io.ClassPathResource.getURL(ClassPathResource.java:230)
2026-08-31 11:06:03.937 WARN  [o.s.w.s.m.m.a.ExceptionHandlerExceptionResolver] Resolved [java.io.FileNotFoundException: class path resource [static/ng-app/index.html] cannot be resolved to URL because it does not exist]
2026-08-31 11:06:03.949 ERROR [c.a.c.GlobalApiExceptionHandler] Unhandled exception for uri=/error/error/error/error/error/error/error/error/error/error/error/error/error/error/error/error/error/error/error/error/error/error/error/error/error/error/error/error/error/error/error/error/error/error/error/error/error/error/error/error/error/error/error/500
java.io.FileNotFoundException: class path resource [static/ng-app/index.html] cannot be resolved to URL because it does not exist
	at at org.springframework.core.io.ClassPathResource.getURL(ClassPathResource.java:230)
2026-08-31 11:06:03.949 WARN  [o.s.w.s.m.m.a.ExceptionHandlerExceptionResolver] Resolved [java.io.FileNotFoundException: class path resource [static/ng-app/index.html] cannot be resolved to URL because it does not exist]
2026-08-31 11:06:03.958 ERROR [c.a.c.GlobalApiExceptionHandler] Unhandled exception for uri=/error/error/error/error/error/error/error/error/error/error/error/error/error/error/error/error/error/error/error/error/error/error/error/error/error/error/error/error/error/error/error/error/error/error/error/error/error/error/error/error/error/error/error/error/500
java.io.FileNotFoundException: class path resource [static/ng-app/index.html] cannot be resolved to URL because it does not exist
	at at org.springframework.core.io.ClassPathResource.getURL(ClassPathResource.java:230)
2026-08-31 11:06:03.959 WARN  [o.s.w.s.m.m.a.ExceptionHandlerExceptionResolver] Resolved [java.io.FileNotFoundException: class path resource [static/ng-app/index.html] cannot be resolved to URL because it does not exist]
2026-08-31 11:06:03.971 ERROR [c.a.c.GlobalApiExceptionHandler] Unhandled exception for uri=/error/error/error/error/error/error/error/error/error/error/error/error/error/error/error/error/error/error/error/error/error/error/error/error/error/error/error/error/error/error/error/error/error/error/error/error/error/error/error/error/error/error/error/error/error/500
java.io.FileNotFoundException: class path resource [static/ng-app/index.html] cannot be resolved to URL because it does not exist
	at at org.springframework.core.io.ClassPathResource.getURL(ClassPathResource.java:230)
2026-08-31 11:06:03.973 WARN  [o.s.w.s.m.m.a.ExceptionHandlerExceptionResolver] Resolved [java.io.FileNotFoundException: class path resource [static/ng-app/index.html] cannot be resolved to URL because it does not exist]
2026-08-31 11:06:03.987 ERROR [c.a.c.GlobalApiExceptionHandler] Unhandled exception for uri=/error/error/error/error/error/error/error/error/error/error/error/error/error/error/error/error/error/error/error/error/error/error/error/error/error/error/error/error/error/error/error/error/error/error/error/error/error/error/error/error/error/error/error/error/error/error/500
java.io.FileNotFoundException: class path resource [static/ng-app/index.html] cannot be resolved to URL because it does not exist
	at at org.springframework.core.io.ClassPathResource.getURL(ClassPathResource.java:230)
2026-08-31 11:06:03.988 WARN  [o.s.w.s.m.m.a.ExceptionHandlerExceptionResolver] Resolved [java.io.FileNotFoundException: class path resource [static/ng-app/index.html] cannot be resolved to URL because it does not exist]
2026-08-31 11:06:03.997 ERROR [c.a.c.GlobalApiExceptionHandler] Unhandled exception for uri=/error/error/error/error/error/error/error/error/error/error/error/error/error/error/error/error/error/error/error/error/error/error/error/error/error/error/error/error/error/error/error/error/error/error/error/error/error/error/error/error/error/error/error/error/error/error/error/500
java.io.FileNotFoundException: class path resource [static/ng-app/index.html] cannot be resolved to URL because it does not exist
	at at org.springframework.core.io.ClassPathResource.getURL(ClassPathResource.java:230)
2026-08-31 11:06:03.998 WARN  [o.s.w.s.m.m.a.ExceptionHandlerExceptionResolver] Resolved [java.io.FileNotFoundException: class path resource [static/ng-app/index.html] cannot be resolved to URL because it does not exist]
2026-08-31 11:06:04.009 ERROR [o.a.c.c.C.[.[.[.[dispatcherServlet]] Servlet.service() for servlet [dispatcherServlet] threw exception
java.lang.StackOverflowError
	at at jakarta.servlet.ServletRequestWrapper.getRemoteAddr(ServletRequestWrapper.java:221)
2026-08-31 11:06:04.014 ERROR [c.a.s.s.s.i.LoggingServiceImpl] [API_ERROR] Exception during GET /error/error/error/error/error/error/error/error/error/error/error/error/error/error/error/error/error/error/error/error/error/error/error/error/error/error/error/error/error/error/error/error/error/error/error/error/error/error/error/error/error/error/error/error/error/error/error/500 [correlationId=0e16fb8e-1323-460d-9060-2f06cae61d7c] [ip=0:0:0:0:0:0:0:1] [context={duration=15, referer=null, endpoint=/error/error/error/error/error/error/error/error/error/error/error/error/error/error/error/error/error/error/error/error/error/error/error/error/error/error/error/error/error/error/error/error/error/error/error/error/error/error/error/error/error/error/error/error/error/error/error/500, method=GET, errorType=REQUEST_EXCEPTION, exceptionClass=ServletException, userAgent=Mozilla/5.0 (Windows NT 10.0; Win64; x64) AppleWebKit/537.36 (KHTML, like Gecko) Chrome/152.0.0.0 Safari/537.36 Edg/152.0.0.0, exceptionMessage=REDACTED, statusCode=200}]
Caused by: java.lang.StackOverflowError
	at at jakarta.servlet.ServletRequestWrapper.getRemoteAddr(ServletRequestWrapper.java:221)
jakarta.servlet.ServletException: Servlet execution threw an exception
	at at org.apache.catalina.core.ApplicationFilterChain.internalDoFilter(ApplicationFilterChain.java:202)
2026-08-31 11:06:04.019 ERROR [o.a.c.c.C.[.[.[.[dispatcherServlet]] Servlet.service() for servlet [dispatcherServlet] threw exception
java.lang.StackOverflowError
	at at jakarta.servlet.http.HttpServletRequestWrapper.getSession(HttpServletRequestWrapper.java:221)
2026-08-31 11:06:04.021 ERROR [c.a.s.s.s.i.LoggingServiceImpl] [API_ERROR] Exception during GET /error/error/error/error/error/error/error/error/error/error/error/error/error/error/error/error/error/error/error/error/error/error/error/error/error/error/error/error/error/error/error/error/error/error/error/error/error/error/error/error/error/error/error/error/error/error/500 [correlationId=0e16fb8e-1323-460d-9060-2f06cae61d7c] [ip=0:0:0:0:0:0:0:1] [context={duration=24, referer=null, endpoint=/error/error/error/error/error/error/error/error/error/error/error/error/error/error/error/error/error/error/error/error/error/error/error/error/error/error/error/error/error/error/error/error/error/error/error/error/error/error/error/error/error/error/error/error/error/error/500, method=GET, errorType=REQUEST_EXCEPTION, exceptionClass=ServletException, userAgent=Mozilla/5.0 (Windows NT 10.0; Win64; x64) AppleWebKit/537.36 (KHTML, like Gecko) Chrome/152.0.0.0 Safari/537.36 Edg/152.0.0.0, exceptionMessage=REDACTED, statusCode=200}]
Caused by: java.lang.StackOverflowError
	at at jakarta.servlet.http.HttpServletRequestWrapper.getSession(HttpServletRequestWrapper.java:221)
jakarta.servlet.ServletException: Servlet execution threw an exception
	at at org.apache.catalina.core.ApplicationFilterChain.internalDoFilter(ApplicationFilterChain.java:202)
2026-08-31 11:06:04.022 ERROR [o.a.c.c.C.[.[.[.[dispatcherServlet]] Servlet.service() for servlet [dispatcherServlet] threw exception
java.lang.StackOverflowError
	at at jakarta.servlet.http.HttpServletRequestWrapper.getSession(HttpServletRequestWrapper.java:221)
2026-08-31 11:06:04.023 ERROR [c.a.s.s.s.i.LoggingServiceImpl] [API_ERROR] Exception during GET /error/error/error/error/error/error/error/error/error/error/error/error/error/error/error/error/error/error/error/error/error/error/error/error/error/error/error/error/error/error/error/error/error/error/error/error/error/error/error/error/error/error/error/error/error/500 [correlationId=0e16fb8e-1323-460d-9060-2f06cae61d7c] [ip=0:0:0:0:0:0:0:1] [context={duration=27, referer=null, endpoint=/error/error/error/error/error/error/error/error/error/error/error/error/error/error/error/error/error/error/error/error/error/error/error/error/error/error/error/error/error/error/error/error/error/error/error/error/error/error/error/error/error/error/error/error/error/500, method=GET, errorType=REQUEST_EXCEPTION, exceptionClass=ServletException, userAgent=Mozilla/5.0 (Windows NT 10.0; Win64; x64) AppleWebKit/537.36 (KHTML, like Gecko) Chrome/152.0.0.0 Safari/537.36 Edg/152.0.0.0, exceptionMessage=REDACTED, statusCode=200}]
Caused by: java.lang.StackOverflowError
	at at jakarta.servlet.http.HttpServletRequestWrapper.getSession(HttpServletRequestWrapper.java:221)
jakarta.servlet.ServletException: Servlet execution threw an exception
	at at org.apache.catalina.core.ApplicationFilterChain.internalDoFilter(ApplicationFilterChain.java:202)
2026-08-31 11:06:04.025 ERROR [o.a.c.c.C.[.[.[.[dispatcherServlet]] Servlet.service() for servlet [dispatcherServlet] threw exception
java.lang.StackOverflowError
	at at jakarta.servlet.http.HttpServletRequestWrapper.getSession(HttpServletRequestWrapper.java:221)
2026-08-31 11:06:04.026 ERROR [c.a.s.s.s.i.LoggingServiceImpl] [API_ERROR] Exception during GET /error/error/error/error/error/error/error/error/error/error/error/error/error/error/error/error/error/error/error/error/error/error/error/error/error/error/error/error/error/error/error/error/error/error/error/error/error/error/error/error/error/error/error/error/500 [correlationId=0e16fb8e-1323-460d-9060-2f06cae61d7c] [ip=0:0:0:0:0:0:0:1] [context={duration=30, referer=null, endpoint=/error/error/error/error/error/error/error/error/error/error/error/error/error/error/error/error/error/error/error/error/error/error/error/error/error/error/error/error/error/error/error/error/error/error/error/error/error/error/error/error/error/error/error/error/500, method=GET, errorType=REQUEST_EXCEPTION, exceptionClass=ServletException, userAgent=Mozilla/5.0 (Windows NT 10.0; Win64; x64) AppleWebKit/537.36 (KHTML, like Gecko) Chrome/152.0.0.0 Safari/537.36 Edg/152.0.0.0, exceptionMessage=REDACTED, statusCode=200}]
Caused by: java.lang.StackOverflowError
	at at jakarta.servlet.http.HttpServletRequestWrapper.getSession(HttpServletRequestWrapper.java:221)
jakarta.servlet.ServletException: Servlet execution threw an exception
	at at org.apache.catalina.core.ApplicationFilterChain.internalDoFilter(ApplicationFilterChain.java:202)
2026-08-31 11:06:04.029 ERROR [o.a.c.c.C.[.[.[.[dispatcherServlet]] Servlet.service() for servlet [dispatcherServlet] threw exception
java.lang.StackOverflowError
	at at jakarta.servlet.http.HttpServletRequestWrapper.getSession(HttpServletRequestWrapper.java:221)
2026-08-31 11:06:04.032 ERROR [c.a.s.s.s.i.LoggingServiceImpl] [API_ERROR] Exception during GET /error/error/error/error/error/error/error/error/error/error/error/error/error/error/error/error/error/error/error/error/error/error/error/error/error/error/error/error/error/error/error/error/error/error/error/error/error/error/error/error/error/error/error/500 [correlationId=0e16fb8e-1323-460d-9060-2f06cae61d7c] [ip=0:0:0:0:0:0:0:1] [context={duration=34, referer=null, endpoint=/error/error/error/error/error/error/error/error/error/error/error/error/error/error/error/error/error/error/error/error/error/error/error/error/error/error/error/error/error/error/error/error/error/error/error/error/error/error/error/error/error/error/error/500, method=GET, errorType=REQUEST_EXCEPTION, exceptionClass=ServletException, userAgent=Mozilla/5.0 (Windows NT 10.0; Win64; x64) AppleWebKit/537.36 (KHTML, like Gecko) Chrome/152.0.0.0 Safari/537.36 Edg/152.0.0.0, exceptionMessage=REDACTED, statusCode=200}]
Caused by: java.lang.StackOverflowError
	at at jakarta.servlet.http.HttpServletRequestWrapper.getSession(HttpServletRequestWrapper.java:221)
jakarta.servlet.ServletException: Servlet execution threw an exception
	at at org.apache.catalina.core.ApplicationFilterChain.internalDoFilter(ApplicationFilterChain.java:202)
2026-08-31 11:06:04.034 ERROR [o.a.c.c.C.[.[.[.[dispatcherServlet]] Servlet.service() for servlet [dispatcherServlet] threw exception
java.lang.StackOverflowError
	at at jakarta.servlet.http.HttpServletRequestWrapper.getSession(HttpServletRequestWrapper.java:221)
2026-08-31 11:06:04.034 ERROR [c.a.s.s.s.i.LoggingServiceImpl] [API_ERROR] Exception during GET /error/error/error/error/error/error/error/error/error/error/error/error/error/error/error/error/error/error/error/error/error/error/error/error/error/error/error/error/error/error/error/error/error/error/error/error/error/error/error/error/error/error/500 [correlationId=0e16fb8e-1323-460d-9060-2f06cae61d7c] [ip=0:0:0:0:0:0:0:1] [context={duration=38, referer=null, endpoint=/error/error/error/error/error/error/error/error/error/error/error/error/error/error/error/error/error/error/error/error/error/error/error/error/error/error/error/error/error/error/error/error/error/error/error/error/error/error/error/error/error/error/500, method=GET, errorType=REQUEST_EXCEPTION, exceptionClass=ServletException, userAgent=Mozilla/5.0 (Windows NT 10.0; Win64; x64) AppleWebKit/537.36 (KHTML, like Gecko) Chrome/152.0.0.0 Safari/537.36 Edg/152.0.0.0, exceptionMessage=REDACTED, statusCode=200}]
Caused by: java.lang.StackOverflowError
	at at jakarta.servlet.http.HttpServletRequestWrapper.getSession(HttpServletRequestWrapper.java:221)
jakarta.servlet.ServletException: Servlet execution threw an exception
	at at org.apache.catalina.core.ApplicationFilterChain.internalDoFilter(ApplicationFilterChain.java:202)
2026-08-31 11:06:04.037 ERROR [o.a.c.c.C.[.[.[.[dispatcherServlet]] Servlet.service() for servlet [dispatcherServlet] threw exception
java.lang.StackOverflowError
	at at jakarta.servlet.http.HttpServletRequestWrapper.getSession(HttpServletRequestWrapper.java:221)
2026-08-31 11:06:04.037 ERROR [c.a.s.s.s.i.LoggingServiceImpl] [API_ERROR] Exception during GET /error/error/error/error/error/error/error/error/error/error/error/error/error/error/error/error/error/error/error/error/error/error/error/error/error/error/error/error/error/error/error/error/error/error/error/error/error/error/error/error/error/500 [correlationId=0e16fb8e-1323-460d-9060-2f06cae61d7c] [ip=0:0:0:0:0:0:0:1] [context={duration=41, referer=null, endpoint=/error/error/error/error/error/error/error/error/error/error/error/error/error/error/error/error/error/error/error/error/error/error/error/error/error/error/error/error/error/error/error/error/error/error/error/error/error/error/error/error/error/500, method=GET, errorType=REQUEST_EXCEPTION, exceptionClass=ServletException, userAgent=Mozilla/5.0 (Windows NT 10.0; Win64; x64) AppleWebKit/537.36 (KHTML, like Gecko) Chrome/152.0.0.0 Safari/537.36 Edg/152.0.0.0, exceptionMessage=REDACTED, statusCode=200}]
Caused by: java.lang.StackOverflowError
	at at jakarta.servlet.http.HttpServletRequestWrapper.getSession(HttpServletRequestWrapper.java:221)
jakarta.servlet.ServletException: Servlet execution threw an exception
	at at org.apache.catalina.core.ApplicationFilterChain.internalDoFilter(ApplicationFilterChain.java:202)
2026-08-31 11:06:04.038 ERROR [o.a.c.c.C.[.[.[.[dispatcherServlet]] Servlet.service() for servlet [dispatcherServlet] threw exception
java.lang.StackOverflowError
	at at jakarta.servlet.http.HttpServletRequestWrapper.getSession(HttpServletRequestWrapper.java:221)
2026-08-31 11:06:04.039 ERROR [c.a.s.s.s.i.LoggingServiceImpl] [API_ERROR] Exception during GET /error/error/error/error/error/error/error/error/error/error/error/error/error/error/error/error/error/error/error/error/error/error/error/error/error/error/error/error/error/error/error/error/error/error/error/error/error/error/error/error/500 [correlationId=0e16fb8e-1323-460d-9060-2f06cae61d7c] [ip=0:0:0:0:0:0:0:1] [context={duration=43, referer=null, endpoint=/error/error/error/error/error/error/error/error/error/error/error/error/error/error/error/error/error/error/error/error/error/error/error/error/error/error/error/error/error/error/error/error/error/error/error/error/error/error/error/error/500, method=GET, errorType=REQUEST_EXCEPTION, exceptionClass=ServletException, userAgent=Mozilla/5.0 (Windows NT 10.0; Win64; x64) AppleWebKit/537.36 (KHTML, like Gecko) Chrome/152.0.0.0 Safari/537.36 Edg/152.0.0.0, exceptionMessage=REDACTED, statusCode=200}]
Caused by: java.lang.StackOverflowError
	at at jakarta.servlet.http.HttpServletRequestWrapper.getSession(HttpServletRequestWrapper.java:221)
jakarta.servlet.ServletException: Servlet execution threw an exception
	at at org.apache.catalina.core.ApplicationFilterChain.internalDoFilter(ApplicationFilterChain.java:202)
2026-08-31 11:06:04.043 ERROR [o.a.c.c.C.[.[.[.[dispatcherServlet]] Servlet.service() for servlet [dispatcherServlet] threw exception
java.lang.StackOverflowError
	at at jakarta.servlet.http.HttpServletRequestWrapper.getSession(HttpServletRequestWrapper.java:221)
2026-08-31 11:06:04.043 ERROR [c.a.s.s.s.i.LoggingServiceImpl] [API_ERROR] Exception during GET /error/error/error/error/error/error/error/error/error/error/error/error/error/error/error/error/error/error/error/error/error/error/error/error/error/error/error/error/error/error/error/error/error/error/error/error/error/error/error/500 [correlationId=0e16fb8e-1323-460d-9060-2f06cae61d7c] [ip=0:0:0:0:0:0:0:1] [context={duration=47, referer=null, endpoint=/error/error/error/error/error/error/error/error/error/error/error/error/error/error/error/error/error/error/error/error/error/error/error/error/error/error/error/error/error/error/error/error/error/error/error/error/error/error/error/500, method=GET, errorType=REQUEST_EXCEPTION, exceptionClass=ServletException, userAgent=Mozilla/5.0 (Windows NT 10.0; Win64; x64) AppleWebKit/537.36 (KHTML, like Gecko) Chrome/152.0.0.0 Safari/537.36 Edg/152.0.0.0, exceptionMessage=REDACTED, statusCode=200}]
Caused by: java.lang.StackOverflowError
	at at jakarta.servlet.http.HttpServletRequestWrapper.getSession(HttpServletRequestWrapper.java:221)
jakarta.servlet.ServletException: Servlet execution threw an exception
	at at org.apache.catalina.core.ApplicationFilterChain.internalDoFilter(ApplicationFilterChain.java:202)
2026-08-31 11:06:04.046 ERROR [o.a.c.c.C.[.[.[.[dispatcherServlet]] Servlet.service() for servlet [dispatcherServlet] threw exception
java.lang.StackOverflowError
	at at jakarta.servlet.http.HttpServletRequestWrapper.getSession(HttpServletRequestWrapper.java:221)
2026-08-31 11:06:04.046 ERROR [c.a.s.s.s.i.LoggingServiceImpl] [API_ERROR] Exception during GET /error/error/error/error/error/error/error/error/error/error/error/error/error/error/error/error/error/error/error/error/error/error/error/error/error/error/error/error/error/error/error/error/error/error/error/error/error/error/500 [correlationId=0e16fb8e-1323-460d-9060-2f06cae61d7c] [ip=0:0:0:0:0:0:0:1] [context={duration=50, referer=null, endpoint=/error/error/error/error/error/error/error/error/error/error/error/error/error/error/error/error/error/error/error/error/error/error/error/error/error/error/error/error/error/error/error/error/error/error/error/error/error/error/500, method=GET, errorType=REQUEST_EXCEPTION, exceptionClass=ServletException, userAgent=Mozilla/5.0 (Windows NT 10.0; Win64; x64) AppleWebKit/537.36 (KHTML, like Gecko) Chrome/152.0.0.0 Safari/537.36 Edg/152.0.0.0, exceptionMessage=REDACTED, statusCode=200}]
Caused by: java.lang.StackOverflowError
	at at jakarta.servlet.http.HttpServletRequestWrapper.getSession(HttpServletRequestWrapper.java:221)
jakarta.servlet.ServletException: Servlet execution threw an exception
	at at org.apache.catalina.core.ApplicationFilterChain.internalDoFilter(ApplicationFilterChain.java:202)
2026-08-31 11:06:04.047 ERROR [o.a.c.c.C.[.[.[.[dispatcherServlet]] Servlet.service() for servlet [dispatcherServlet] threw exception
java.lang.StackOverflowError
	at at jakarta.servlet.http.HttpServletRequestWrapper.getSession(HttpServletRequestWrapper.java:221)
2026-08-31 11:06:04.049 ERROR [c.a.s.s.s.i.LoggingServiceImpl] [API_ERROR] Exception during GET /error/error/error/error/error/error/error/error/error/error/error/error/error/error/error/error/error/error/error/error/error/error/error/error/error/error/error/error/error/error/error/error/error/error/error/error/error/500 [correlationId=0e16fb8e-1323-460d-9060-2f06cae61d7c] [ip=0:0:0:0:0:0:0:1] [context={duration=52, referer=null, endpoint=/error/error/error/error/error/error/error/error/error/error/error/error/error/error/error/error/error/error/error/error/error/error/error/error/error/error/error/error/error/error/error/error/error/error/error/error/error/500, method=GET, errorType=REQUEST_EXCEPTION, exceptionClass=ServletException, userAgent=Mozilla/5.0 (Windows NT 10.0; Win64; x64) AppleWebKit/537.36 (KHTML, like Gecko) Chrome/152.0.0.0 Safari/537.36 Edg/152.0.0.0, exceptionMessage=REDACTED, statusCode=200}]
Caused by: java.lang.StackOverflowError
	at at jakarta.servlet.http.HttpServletRequestWrapper.getSession(HttpServletRequestWrapper.java:221)
jakarta.servlet.ServletException: Servlet execution threw an exception
	at at org.apache.catalina.core.ApplicationFilterChain.internalDoFilter(ApplicationFilterChain.java:202)
2026-08-31 11:06:04.052 ERROR [o.a.c.c.C.[.[.[.[dispatcherServlet]] Servlet.service() for servlet [dispatcherServlet] threw exception
java.lang.StackOverflowError
	at at jakarta.servlet.http.HttpServletRequestWrapper.getSession(HttpServletRequestWrapper.java:221)
2026-08-31 11:06:04.053 ERROR [c.a.s.s.s.i.LoggingServiceImpl] [API_ERROR] Exception during GET /error/error/error/error/error/error/error/error/error/error/error/error/error/error/error/error/error/error/error/error/error/error/error/error/error/error/error/error/error/error/error/error/error/error/error/error/500 [correlationId=0e16fb8e-1323-460d-9060-2f06cae61d7c] [ip=0:0:0:0:0:0:0:1] [context={duration=56, referer=null, endpoint=/error/error/error/error/error/error/error/error/error/error/error/error/error/error/error/error/error/error/error/error/error/error/error/error/error/error/error/error/error/error/error/error/error/error/error/error/500, method=GET, errorType=REQUEST_EXCEPTION, exceptionClass=ServletException, userAgent=Mozilla/5.0 (Windows NT 10.0; Win64; x64) AppleWebKit/537.36 (KHTML, like Gecko) Chrome/152.0.0.0 Safari/537.36 Edg/152.0.0.0, exceptionMessage=REDACTED, statusCode=200}]
Caused by: java.lang.StackOverflowError
	at at jakarta.servlet.http.HttpServletRequestWrapper.getSession(HttpServletRequestWrapper.java:221)
jakarta.servlet.ServletException: Servlet execution threw an exception
	at at org.apache.catalina.core.ApplicationFilterChain.internalDoFilter(ApplicationFilterChain.java:202)
2026-08-31 11:06:04.056 ERROR [o.a.c.c.C.[.[.[.[dispatcherServlet]] Servlet.service() for servlet [dispatcherServlet] threw exception
java.lang.StackOverflowError
	at at jakarta.servlet.http.HttpServletRequestWrapper.getSession(HttpServletRequestWrapper.java:221)
2026-08-31 11:06:04.058 ERROR [c.a.s.s.s.i.LoggingServiceImpl] [API_ERROR] Exception during GET /error/error/error/error/error/error/error/error/error/error/error/error/error/error/error/error/error/error/error/error/error/error/error/error/error/error/error/error/error/error/error/error/error/error/error/500 [correlationId=0e16fb8e-1323-460d-9060-2f06cae61d7c] [ip=0:0:0:0:0:0:0:1] [context={duration=61, referer=null, endpoint=/error/error/error/error/error/error/error/error/error/error/error/error/error/error/error/error/error/error/error/error/error/error/error/error/error/error/error/error/error/error/error/error/error/error/error/500, method=GET, errorType=REQUEST_EXCEPTION, exceptionClass=ServletException, userAgent=Mozilla/5.0 (Windows NT 10.0; Win64; x64) AppleWebKit/537.36 (KHTML, like Gecko) Chrome/152.0.0.0 Safari/537.36 Edg/152.0.0.0, exceptionMessage=REDACTED, statusCode=200}]
Caused by: java.lang.StackOverflowError
	at at jakarta.servlet.http.HttpServletRequestWrapper.getSession(HttpServletRequestWrapper.java:221)
jakarta.servlet.ServletException: Servlet execution threw an exception
	at at org.apache.catalina.core.ApplicationFilterChain.internalDoFilter(ApplicationFilterChain.java:202)
2026-08-31 11:06:04.062 ERROR [o.a.c.c.C.[.[.[.[dispatcherServlet]] Servlet.service() for servlet [dispatcherServlet] threw exception
java.lang.StackOverflowError
	at at jakarta.servlet.http.HttpServletRequestWrapper.getSession(HttpServletRequestWrapper.java:221)
2026-08-31 11:06:04.064 ERROR [c.a.s.s.s.i.LoggingServiceImpl] [API_ERROR] Exception during GET /error/error/error/error/error/error/error/error/error/error/error/error/error/error/error/error/error/error/error/error/error/error/error/error/error/error/error/error/error/error/error/error/error/error/500 [correlationId=0e16fb8e-1323-460d-9060-2f06cae61d7c] [ip=0:0:0:0:0:0:0:1] [context={duration=67, referer=null, endpoint=/error/error/error/error/error/error/error/error/error/error/error/error/error/error/error/error/error/error/error/error/error/error/error/error/error/error/error/error/error/error/error/error/error/error/500, method=GET, errorType=REQUEST_EXCEPTION, exceptionClass=ServletException, userAgent=Mozilla/5.0 (Windows NT 10.0; Win64; x64) AppleWebKit/537.36 (KHTML, like Gecko) Chrome/152.0.0.0 Safari/537.36 Edg/152.0.0.0, exceptionMessage=REDACTED, statusCode=200}]
Caused by: java.lang.StackOverflowError
	at at jakarta.servlet.http.HttpServletRequestWrapper.getSession(HttpServletRequestWrapper.java:221)
jakarta.servlet.ServletException: Servlet execution threw an exception
	at at org.apache.catalina.core.ApplicationFilterChain.internalDoFilter(ApplicationFilterChain.java:202)
2026-08-31 11:06:04.067 ERROR [o.a.c.c.C.[.[.[.[dispatcherServlet]] Servlet.service() for servlet [dispatcherServlet] threw exception
java.lang.StackOverflowError
	at at jakarta.servlet.http.HttpServletRequestWrapper.getSession(HttpServletRequestWrapper.java:221)
2026-08-31 11:06:04.068 ERROR [c.a.s.s.s.i.LoggingServiceImpl] [API_ERROR] Exception during GET /error/error/error/error/error/error/error/error/error/error/error/error/error/error/error/error/error/error/error/error/error/error/error/error/error/error/error/error/error/error/error/error/error/500 [correlationId=0e16fb8e-1323-460d-9060-2f06cae61d7c] [ip=0:0:0:0:0:0:0:1] [context={duration=71, referer=null, endpoint=/error/error/error/error/error/error/error/error/error/error/error/error/error/error/error/error/error/error/error/error/error/error/error/error/error/error/error/error/error/error/error/error/error/500, method=GET, errorType=REQUEST_EXCEPTION, exceptionClass=ServletException, userAgent=Mozilla/5.0 (Windows NT 10.0; Win64; x64) AppleWebKit/537.36 (KHTML, like Gecko) Chrome/152.0.0.0 Safari/537.36 Edg/152.0.0.0, exceptionMessage=REDACTED, statusCode=200}]
Caused by: java.lang.StackOverflowError
	at at jakarta.servlet.http.HttpServletRequestWrapper.getSession(HttpServletRequestWrapper.java:221)
jakarta.servlet.ServletException: Servlet execution threw an exception
	at at org.apache.catalina.core.ApplicationFilterChain.internalDoFilter(ApplicationFilterChain.java:202)
2026-08-31 11:06:04.070 ERROR [o.a.c.c.C.[.[.[.[dispatcherServlet]] Servlet.service() for servlet [dispatcherServlet] threw exception
java.lang.StackOverflowError
	at at jakarta.servlet.http.HttpServletRequestWrapper.getSession(HttpServletRequestWrapper.java:221)
2026-08-31 11:06:04.070 ERROR [c.a.s.s.s.i.LoggingServiceImpl] [API_ERROR] Exception during GET /error/error/error/error/error/error/error/error/error/error/error/error/error/error/error/error/error/error/error/error/error/error/error/error/error/error/error/error/error/error/error/error/500 [correlationId=0e16fb8e-1323-460d-9060-2f06cae61d7c] [ip=0:0:0:0:0:0:0:1] [context={duration=74, referer=null, endpoint=/error/error/error/error/error/error/error/error/error/error/error/error/error/error/error/error/error/error/error/error/error/error/error/error/error/error/error/error/error/error/error/error/500, method=GET, errorType=REQUEST_EXCEPTION, exceptionClass=ServletException, userAgent=Mozilla/5.0 (Windows NT 10.0; Win64; x64) AppleWebKit/537.36 (KHTML, like Gecko) Chrome/152.0.0.0 Safari/537.36 Edg/152.0.0.0, exceptionMessage=REDACTED, statusCode=200}]
Caused by: java.lang.StackOverflowError
	at at jakarta.servlet.http.HttpServletRequestWrapper.getSession(HttpServletRequestWrapper.java:221)
jakarta.servlet.ServletException: Servlet execution threw an exception
	at at org.apache.catalina.core.ApplicationFilterChain.internalDoFilter(ApplicationFilterChain.java:202)
2026-08-31 11:06:04.072 ERROR [o.a.c.c.C.[.[.[.[dispatcherServlet]] Servlet.service() for servlet [dispatcherServlet] threw exception
java.lang.StackOverflowError
	at at jakarta.servlet.http.HttpServletRequestWrapper.getSession(HttpServletRequestWrapper.java:221)
2026-08-31 11:06:04.072 ERROR [c.a.s.s.s.i.LoggingServiceImpl] [API_ERROR] Exception during GET /error/error/error/error/error/error/error/error/error/error/error/error/error/error/error/error/error/error/error/error/error/error/error/error/error/error/error/error/error/error/error/500 [correlationId=0e16fb8e-1323-460d-9060-2f06cae61d7c] [ip=0:0:0:0:0:0:0:1] [context={duration=76, referer=null, endpoint=/error/error/error/error/error/error/error/error/error/error/error/error/error/error/error/error/error/error/error/error/error/error/error/error/error/error/error/error/error/error/error/500, method=GET, errorType=REQUEST_EXCEPTION, exceptionClass=ServletException, userAgent=Mozilla/5.0 (Windows NT 10.0; Win64; x64) AppleWebKit/537.36 (KHTML, like Gecko) Chrome/152.0.0.0 Safari/537.36 Edg/152.0.0.0, exceptionMessage=REDACTED, statusCode=200}]
Caused by: java.lang.StackOverflowError
	at at jakarta.servlet.http.HttpServletRequestWrapper.getSession(HttpServletRequestWrapper.java:221)
jakarta.servlet.ServletException: Servlet execution threw an exception
	at at org.apache.catalina.core.ApplicationFilterChain.internalDoFilter(ApplicationFilterChain.java:202)
2026-08-31 11:06:04.074 ERROR [o.a.c.c.C.[.[.[.[dispatcherServlet]] Servlet.service() for servlet [dispatcherServlet] threw exception
java.lang.StackOverflowError
	at at jakarta.servlet.http.HttpServletRequestWrapper.getSession(HttpServletRequestWrapper.java:221)
2026-08-31 11:06:04.075 ERROR [c.a.s.s.s.i.LoggingServiceImpl] [API_ERROR] Exception during GET /error/error/error/error/error/error/error/error/error/error/error/error/error/error/error/error/error/error/error/error/error/error/error/error/error/error/error/error/error/error/500 [correlationId=0e16fb8e-1323-460d-9060-2f06cae61d7c] [ip=0:0:0:0:0:0:0:1] [context={duration=78, referer=null, endpoint=/error/error/error/error/error/error/error/error/error/error/error/error/error/error/error/error/error/error/error/error/error/error/error/error/error/error/error/error/error/error/500, method=GET, errorType=REQUEST_EXCEPTION, exceptionClass=ServletException, userAgent=Mozilla/5.0 (Windows NT 10.0; Win64; x64) AppleWebKit/537.36 (KHTML, like Gecko) Chrome/152.0.0.0 Safari/537.36 Edg/152.0.0.0, exceptionMessage=REDACTED, statusCode=200}]
Caused by: java.lang.StackOverflowError
	at at jakarta.servlet.http.HttpServletRequestWrapper.getSession(HttpServletRequestWrapper.java:221)
jakarta.servlet.ServletException: Servlet execution threw an exception
	at at org.apache.catalina.core.ApplicationFilterChain.internalDoFilter(ApplicationFilterChain.java:202)
2026-08-31 11:06:04.077 ERROR [o.a.c.c.C.[.[.[.[dispatcherServlet]] Servlet.service() for servlet [dispatcherServlet] threw exception
java.lang.StackOverflowError
	at at jakarta.servlet.http.HttpServletRequestWrapper.getSession(HttpServletRequestWrapper.java:221)
2026-08-31 11:06:04.078 ERROR [c.a.s.s.s.i.LoggingServiceImpl] [API_ERROR] Exception during GET /error/error/error/error/error/error/error/error/error/error/error/error/error/error/error/error/error/error/error/error/error/error/error/error/error/error/error/error/error/500 [correlationId=0e16fb8e-1323-460d-9060-2f06cae61d7c] [ip=0:0:0:0:0:0:0:1] [context={duration=81, referer=null, endpoint=/error/error/error/error/error/error/error/error/error/error/error/error/error/error/error/error/error/error/error/error/error/error/error/error/error/error/error/error/error/500, method=GET, errorType=REQUEST_EXCEPTION, exceptionClass=ServletException, userAgent=Mozilla/5.0 (Windows NT 10.0; Win64; x64) AppleWebKit/537.36 (KHTML, like Gecko) Chrome/152.0.0.0 Safari/537.36 Edg/152.0.0.0, exceptionMessage=REDACTED, statusCode=200}]
Caused by: java.lang.StackOverflowError
	at at jakarta.servlet.http.HttpServletRequestWrapper.getSession(HttpServletRequestWrapper.java:221)
jakarta.servlet.ServletException: Servlet execution threw an exception
	at at org.apache.catalina.core.ApplicationFilterChain.internalDoFilter(ApplicationFilterChain.java:202)
2026-08-31 11:06:04.080 ERROR [o.a.c.c.C.[.[.[.[dispatcherServlet]] Servlet.service() for servlet [dispatcherServlet] threw exception
java.lang.StackOverflowError
	at at jakarta.servlet.http.HttpServletRequestWrapper.getSession(HttpServletRequestWrapper.java:221)
2026-08-31 11:06:04.081 ERROR [c.a.s.s.s.i.LoggingServiceImpl] [API_ERROR] Exception during GET /error/error/error/error/error/error/error/error/error/error/error/error/error/error/error/error/error/error/error/error/error/error/error/error/error/error/error/error/500 [correlationId=0e16fb8e-1323-460d-9060-2f06cae61d7c] [ip=0:0:0:0:0:0:0:1] [context={duration=84, referer=null, endpoint=/error/error/error/error/error/error/error/error/error/error/error/error/error/error/error/error/error/error/error/error/error/error/error/error/error/error/error/error/500, method=GET, errorType=REQUEST_EXCEPTION, exceptionClass=ServletException, userAgent=Mozilla/5.0 (Windows NT 10.0; Win64; x64) AppleWebKit/537.36 (KHTML, like Gecko) Chrome/152.0.0.0 Safari/537.36 Edg/152.0.0.0, exceptionMessage=REDACTED, statusCode=200}]
Caused by: java.lang.StackOverflowError
	at at jakarta.servlet.http.HttpServletRequestWrapper.getSession(HttpServletRequestWrapper.java:221)
jakarta.servlet.ServletException: Servlet execution threw an exception
	at at org.apache.catalina.core.ApplicationFilterChain.internalDoFilter(ApplicationFilterChain.java:202)
2026-08-31 11:06:04.083 ERROR [o.a.c.c.C.[.[.[.[dispatcherServlet]] Servlet.service() for servlet [dispatcherServlet] threw exception
java.lang.StackOverflowError
	at at jakarta.servlet.http.HttpServletRequestWrapper.getSession(HttpServletRequestWrapper.java:221)
2026-08-31 11:06:04.084 ERROR [c.a.s.s.s.i.LoggingServiceImpl] [API_ERROR] Exception during GET /error/error/error/error/error/error/error/error/error/error/error/error/error/error/error/error/error/error/error/error/error/error/error/error/error/error/error/500 [correlationId=0e16fb8e-1323-460d-9060-2f06cae61d7c] [ip=0:0:0:0:0:0:0:1] [context={duration=87, referer=null, endpoint=/error/error/error/error/error/error/error/error/error/error/error/error/error/error/error/error/error/error/error/error/error/error/error/error/error/error/error/500, method=GET, errorType=REQUEST_EXCEPTION, exceptionClass=ServletException, userAgent=Mozilla/5.0 (Windows NT 10.0; Win64; x64) AppleWebKit/537.36 (KHTML, like Gecko) Chrome/152.0.0.0 Safari/537.36 Edg/152.0.0.0, exceptionMessage=REDACTED, statusCode=200}]
Caused by: java.lang.StackOverflowError
	at at jakarta.servlet.http.HttpServletRequestWrapper.getSession(HttpServletRequestWrapper.java:221)
jakarta.servlet.ServletException: Servlet execution threw an exception
	at at org.apache.catalina.core.ApplicationFilterChain.internalDoFilter(ApplicationFilterChain.java:202)
2026-08-31 11:06:04.086 ERROR [o.a.c.c.C.[.[.[.[dispatcherServlet]] Servlet.service() for servlet [dispatcherServlet] threw exception
java.lang.StackOverflowError
	at at jakarta.servlet.http.HttpServletRequestWrapper.getSession(HttpServletRequestWrapper.java:221)
2026-08-31 11:06:04.086 ERROR [c.a.s.s.s.i.LoggingServiceImpl] [API_ERROR] Exception during GET /error/error/error/error/error/error/error/error/error/error/error/error/error/error/error/error/error/error/error/error/error/error/error/error/error/error/500 [correlationId=0e16fb8e-1323-460d-9060-2f06cae61d7c] [ip=0:0:0:0:0:0:0:1] [context={duration=90, referer=null, endpoint=/error/error/error/error/error/error/error/error/error/error/error/error/error/error/error/error/error/error/error/error/error/error/error/error/error/error/500, method=GET, errorType=REQUEST_EXCEPTION, exceptionClass=ServletException, userAgent=Mozilla/5.0 (Windows NT 10.0; Win64; x64) AppleWebKit/537.36 (KHTML, like Gecko) Chrome/152.0.0.0 Safari/537.36 Edg/152.0.0.0, exceptionMessage=REDACTED, statusCode=200}]
Caused by: java.lang.StackOverflowError
	at at jakarta.servlet.http.HttpServletRequestWrapper.getSession(HttpServletRequestWrapper.java:221)
jakarta.servlet.ServletException: Servlet execution threw an exception
	at at org.apache.catalina.core.ApplicationFilterChain.internalDoFilter(ApplicationFilterChain.java:202)
2026-08-31 11:06:04.087 ERROR [o.a.c.c.C.[.[.[.[dispatcherServlet]] Servlet.service() for servlet [dispatcherServlet] threw exception
java.lang.StackOverflowError
	at at jakarta.servlet.http.HttpServletRequestWrapper.getSession(HttpServletRequestWrapper.java:221)
2026-08-31 11:06:04.088 ERROR [c.a.s.s.s.i.LoggingServiceImpl] [API_ERROR] Exception during GET /error/error/error/error/error/error/error/error/error/error/error/error/error/error/error/error/error/error/error/error/error/error/error/error/error/500 [correlationId=0e16fb8e-1323-460d-9060-2f06cae61d7c] [ip=0:0:0:0:0:0:0:1] [context={duration=91, referer=null, endpoint=/error/error/error/error/error/error/error/error/error/error/error/error/error/error/error/error/error/error/error/error/error/error/error/error/error/500, method=GET, errorType=REQUEST_EXCEPTION, exceptionClass=ServletException, userAgent=Mozilla/5.0 (Windows NT 10.0; Win64; x64) AppleWebKit/537.36 (KHTML, like Gecko) Chrome/152.0.0.0 Safari/537.36 Edg/152.0.0.0, exceptionMessage=REDACTED, statusCode=200}]
Caused by: java.lang.StackOverflowError
	at at jakarta.servlet.http.HttpServletRequestWrapper.getSession(HttpServletRequestWrapper.java:221)
jakarta.servlet.ServletException: Servlet execution threw an exception
	at at org.apache.catalina.core.ApplicationFilterChain.internalDoFilter(ApplicationFilterChain.java:202)
2026-08-31 11:06:04.089 ERROR [o.a.c.c.C.[.[.[.[dispatcherServlet]] Servlet.service() for servlet [dispatcherServlet] threw exception
java.lang.StackOverflowError
	at at jakarta.servlet.http.HttpServletRequestWrapper.getSession(HttpServletRequestWrapper.java:221)
2026-08-31 11:06:04.090 ERROR [c.a.s.s.s.i.LoggingServiceImpl] [API_ERROR] Exception during GET /error/error/error/error/error/error/error/error/error/error/error/error/error/error/error/error/error/error/error/error/error/error/error/error/500 [correlationId=0e16fb8e-1323-460d-9060-2f06cae61d7c] [ip=0:0:0:0:0:0:0:1] [context={duration=93, referer=null, endpoint=/error/error/error/error/error/error/error/error/error/error/error/error/error/error/error/error/error/error/error/error/error/error/error/error/500, method=GET, errorType=REQUEST_EXCEPTION, exceptionClass=ServletException, userAgent=Mozilla/5.0 (Windows NT 10.0; Win64; x64) AppleWebKit/537.36 (KHTML, like Gecko) Chrome/152.0.0.0 Safari/537.36 Edg/152.0.0.0, exceptionMessage=REDACTED, statusCode=200}]
Caused by: java.lang.StackOverflowError
	at at jakarta.servlet.http.HttpServletRequestWrapper.getSession(HttpServletRequestWrapper.java:221)
jakarta.servlet.ServletException: Servlet execution threw an exception
	at at org.apache.catalina.core.ApplicationFilterChain.internalDoFilter(ApplicationFilterChain.java:202)
2026-08-31 11:06:04.092 ERROR [o.a.c.c.C.[.[.[.[dispatcherServlet]] Servlet.service() for servlet [dispatcherServlet] threw exception
java.lang.StackOverflowError
	at at jakarta.servlet.http.HttpServletRequestWrapper.getSession(HttpServletRequestWrapper.java:221)
2026-08-31 11:06:04.093 ERROR [c.a.s.s.s.i.LoggingServiceImpl] [API_ERROR] Exception during GET /error/error/error/error/error/error/error/error/error/error/error/error/error/error/error/error/error/error/error/error/error/error/error/500 [correlationId=0e16fb8e-1323-460d-9060-2f06cae61d7c] [ip=0:0:0:0:0:0:0:1] [context={duration=96, referer=null, endpoint=/error/error/error/error/error/error/error/error/error/error/error/error/error/error/error/error/error/error/error/error/error/error/error/500, method=GET, errorType=REQUEST_EXCEPTION, exceptionClass=ServletException, userAgent=Mozilla/5.0 (Windows NT 10.0; Win64; x64) AppleWebKit/537.36 (KHTML, like Gecko) Chrome/152.0.0.0 Safari/537.36 Edg/152.0.0.0, exceptionMessage=REDACTED, statusCode=200}]
Caused by: java.lang.StackOverflowError
	at at jakarta.servlet.http.HttpServletRequestWrapper.getSession(HttpServletRequestWrapper.java:221)
jakarta.servlet.ServletException: Servlet execution threw an exception
	at at org.apache.catalina.core.ApplicationFilterChain.internalDoFilter(ApplicationFilterChain.java:202)
2026-08-31 11:06:04.094 ERROR [o.a.c.c.C.[.[.[.[dispatcherServlet]] Servlet.service() for servlet [dispatcherServlet] threw exception
java.lang.StackOverflowError
	at at jakarta.servlet.http.HttpServletRequestWrapper.getSession(HttpServletRequestWrapper.java:221)
2026-08-31 11:06:04.095 ERROR [c.a.s.s.s.i.LoggingServiceImpl] [API_ERROR] Exception during GET /error/error/error/error/error/error/error/error/error/error/error/error/error/error/error/error/error/error/error/error/error/error/500 [correlationId=0e16fb8e-1323-460d-9060-2f06cae61d7c] [ip=0:0:0:0:0:0:0:1] [context={duration=98, referer=null, endpoint=/error/error/error/error/error/error/error/error/error/error/error/error/error/error/error/error/error/error/error/error/error/error/500, method=GET, errorType=REQUEST_EXCEPTION, exceptionClass=ServletException, userAgent=Mozilla/5.0 (Windows NT 10.0; Win64; x64) AppleWebKit/537.36 (KHTML, like Gecko) Chrome/152.0.0.0 Safari/537.36 Edg/152.0.0.0, exceptionMessage=REDACTED, statusCode=200}]
Caused by: java.lang.StackOverflowError
	at at jakarta.servlet.http.HttpServletRequestWrapper.getSession(HttpServletRequestWrapper.java:221)
jakarta.servlet.ServletException: Servlet execution threw an exception
	at at org.apache.catalina.core.ApplicationFilterChain.internalDoFilter(ApplicationFilterChain.java:202)
2026-08-31 11:06:04.095 ERROR [o.a.c.c.C.[.[.[.[dispatcherServlet]] Servlet.service() for servlet [dispatcherServlet] threw exception
java.lang.StackOverflowError
	at at jakarta.servlet.http.HttpServletRequestWrapper.getSession(HttpServletRequestWrapper.java:221)
2026-08-31 11:06:04.096 ERROR [c.a.s.s.s.i.LoggingServiceImpl] [API_ERROR] Exception during GET /error/error/error/error/error/error/error/error/error/error/error/error/error/error/error/error/error/error/error/error/error/500 [correlationId=0e16fb8e-1323-460d-9060-2f06cae61d7c] [ip=0:0:0:0:0:0:0:1] [context={duration=100, referer=null, endpoint=/error/error/error/error/error/error/error/error/error/error/error/error/error/error/error/error/error/error/error/error/error/500, method=GET, errorType=REQUEST_EXCEPTION, exceptionClass=ServletException, userAgent=Mozilla/5.0 (Windows NT 10.0; Win64; x64) AppleWebKit/537.36 (KHTML, like Gecko) Chrome/152.0.0.0 Safari/537.36 Edg/152.0.0.0, exceptionMessage=REDACTED, statusCode=200}]
Caused by: java.lang.StackOverflowError
	at at jakarta.servlet.http.HttpServletRequestWrapper.getSession(HttpServletRequestWrapper.java:221)
jakarta.servlet.ServletException: Servlet execution threw an exception
	at at org.apache.catalina.core.ApplicationFilterChain.internalDoFilter(ApplicationFilterChain.java:202)
2026-08-31 11:06:04.098 ERROR [o.a.c.c.C.[.[.[.[dispatcherServlet]] Servlet.service() for servlet [dispatcherServlet] threw exception
java.lang.StackOverflowError
	at at jakarta.servlet.http.HttpServletRequestWrapper.getSession(HttpServletRequestWrapper.java:221)
2026-08-31 11:06:04.100 ERROR [c.a.s.s.s.i.LoggingServiceImpl] [API_ERROR] Exception during GET /error/error/error/error/error/error/error/error/error/error/error/error/error/error/error/error/error/error/error/error/500 [correlationId=0e16fb8e-1323-460d-9060-2f06cae61d7c] [ip=0:0:0:0:0:0:0:1] [context={duration=102, referer=null, endpoint=/error/error/error/error/error/error/error/error/error/error/error/error/error/error/error/error/error/error/error/error/500, method=GET, errorType=REQUEST_EXCEPTION, exceptionClass=ServletException, userAgent=Mozilla/5.0 (Windows NT 10.0; Win64; x64) AppleWebKit/537.36 (KHTML, like Gecko) Chrome/152.0.0.0 Safari/537.36 Edg/152.0.0.0, exceptionMessage=REDACTED, statusCode=200}]
Caused by: java.lang.StackOverflowError
	at at jakarta.servlet.http.HttpServletRequestWrapper.getSession(HttpServletRequestWrapper.java:221)
jakarta.servlet.ServletException: Servlet execution threw an exception
	at at org.apache.catalina.core.ApplicationFilterChain.internalDoFilter(ApplicationFilterChain.java:202)
2026-08-31 11:06:04.101 ERROR [o.a.c.c.C.[.[.[.[dispatcherServlet]] Servlet.service() for servlet [dispatcherServlet] threw exception
java.lang.StackOverflowError
	at at jakarta.servlet.http.HttpServletRequestWrapper.getSession(HttpServletRequestWrapper.java:221)
2026-08-31 11:06:04.101 ERROR [c.a.s.s.s.i.LoggingServiceImpl] [API_ERROR] Exception during GET /error/error/error/error/error/error/error/error/error/error/error/error/error/error/error/error/error/error/error/500 [correlationId=0e16fb8e-1323-460d-9060-2f06cae61d7c] [ip=0:0:0:0:0:0:0:1] [context={duration=105, referer=null, endpoint=/error/error/error/error/error/error/error/error/error/error/error/error/error/error/error/error/error/error/error/500, method=GET, errorType=REQUEST_EXCEPTION, exceptionClass=ServletException, userAgent=Mozilla/5.0 (Windows NT 10.0; Win64; x64) AppleWebKit/537.36 (KHTML, like Gecko) Chrome/152.0.0.0 Safari/537.36 Edg/152.0.0.0, exceptionMessage=REDACTED, statusCode=200}]
Caused by: java.lang.StackOverflowError
	at at jakarta.servlet.http.HttpServletRequestWrapper.getSession(HttpServletRequestWrapper.java:221)
jakarta.servlet.ServletException: Servlet execution threw an exception
	at at org.apache.catalina.core.ApplicationFilterChain.internalDoFilter(ApplicationFilterChain.java:202)
2026-08-31 11:06:04.103 ERROR [o.a.c.c.C.[.[.[.[dispatcherServlet]] Servlet.service() for servlet [dispatcherServlet] threw exception
java.lang.StackOverflowError
	at at jakarta.servlet.http.HttpServletRequestWrapper.getSession(HttpServletRequestWrapper.java:221)
2026-08-31 11:06:04.104 ERROR [c.a.s.s.s.i.LoggingServiceImpl] [API_ERROR] Exception during GET /error/error/error/error/error/error/error/error/error/error/error/error/error/error/error/error/error/error/500 [correlationId=0e16fb8e-1323-460d-9060-2f06cae61d7c] [ip=0:0:0:0:0:0:0:1] [context={duration=107, referer=null, endpoint=/error/error/error/error/error/error/error/error/error/error/error/error/error/error/error/error/error/error/500, method=GET, errorType=REQUEST_EXCEPTION, exceptionClass=ServletException, userAgent=Mozilla/5.0 (Windows NT 10.0; Win64; x64) AppleWebKit/537.36 (KHTML, like Gecko) Chrome/152.0.0.0 Safari/537.36 Edg/152.0.0.0, exceptionMessage=REDACTED, statusCode=200}]
Caused by: java.lang.StackOverflowError
	at at jakarta.servlet.http.HttpServletRequestWrapper.getSession(HttpServletRequestWrapper.java:221)
jakarta.servlet.ServletException: Servlet execution threw an exception
	at at org.apache.catalina.core.ApplicationFilterChain.internalDoFilter(ApplicationFilterChain.java:202)
2026-08-31 11:06:04.106 ERROR [o.a.c.c.C.[.[.[.[dispatcherServlet]] Servlet.service() for servlet [dispatcherServlet] threw exception
java.lang.StackOverflowError
	at at jakarta.servlet.http.HttpServletRequestWrapper.getSession(HttpServletRequestWrapper.java:221)
2026-08-31 11:06:04.106 ERROR [c.a.s.s.s.i.LoggingServiceImpl] [API_ERROR] Exception during GET /error/error/error/error/error/error/error/error/error/error/error/error/error/error/error/error/error/500 [correlationId=0e16fb8e-1323-460d-9060-2f06cae61d7c] [ip=0:0:0:0:0:0:0:1] [context={duration=110, referer=null, endpoint=/error/error/error/error/error/error/error/error/error/error/error/error/error/error/error/error/error/500, method=GET, errorType=REQUEST_EXCEPTION, exceptionClass=ServletException, userAgent=Mozilla/5.0 (Windows NT 10.0; Win64; x64) AppleWebKit/537.36 (KHTML, like Gecko) Chrome/152.0.0.0 Safari/537.36 Edg/152.0.0.0, exceptionMessage=REDACTED, statusCode=200}]
Caused by: java.lang.StackOverflowError
	at at jakarta.servlet.http.HttpServletRequestWrapper.getSession(HttpServletRequestWrapper.java:221)
jakarta.servlet.ServletException: Servlet execution threw an exception
	at at org.apache.catalina.core.ApplicationFilterChain.internalDoFilter(ApplicationFilterChain.java:202)
2026-08-31 11:06:04.107 ERROR [o.a.c.c.C.[.[.[.[dispatcherServlet]] Servlet.service() for servlet [dispatcherServlet] threw exception
java.lang.StackOverflowError
	at at jakarta.servlet.http.HttpServletRequestWrapper.getSession(HttpServletRequestWrapper.java:221)
2026-08-31 11:06:04.107 ERROR [c.a.s.s.s.i.LoggingServiceImpl] [API_ERROR] Exception during GET /error/error/error/error/error/error/error/error/error/error/error/error/error/error/error/error/500 [correlationId=0e16fb8e-1323-460d-9060-2f06cae61d7c] [ip=0:0:0:0:0:0:0:1] [context={duration=111, referer=null, endpoint=/error/error/error/error/error/error/error/error/error/error/error/error/error/error/error/error/500, method=GET, errorType=REQUEST_EXCEPTION, exceptionClass=ServletException, userAgent=Mozilla/5.0 (Windows NT 10.0; Win64; x64) AppleWebKit/537.36 (KHTML, like Gecko) Chrome/152.0.0.0 Safari/537.36 Edg/152.0.0.0, exceptionMessage=REDACTED, statusCode=200}]
Caused by: java.lang.StackOverflowError
	at at jakarta.servlet.http.HttpServletRequestWrapper.getSession(HttpServletRequestWrapper.java:221)
jakarta.servlet.ServletException: Servlet execution threw an exception
	at at org.apache.catalina.core.ApplicationFilterChain.internalDoFilter(ApplicationFilterChain.java:202)
2026-08-31 11:06:04.108 ERROR [o.a.c.c.C.[.[.[.[dispatcherServlet]] Servlet.service() for servlet [dispatcherServlet] threw exception
java.lang.StackOverflowError
	at at jakarta.servlet.http.HttpServletRequestWrapper.getSession(HttpServletRequestWrapper.java:221)
2026-08-31 11:06:04.111 ERROR [c.a.s.s.s.i.LoggingServiceImpl] [API_ERROR] Exception during GET /error/error/error/error/error/error/error/error/error/error/error/error/error/error/error/500 [correlationId=0e16fb8e-1323-460d-9060-2f06cae61d7c] [ip=0:0:0:0:0:0:0:1] [context={duration=112, referer=null, endpoint=/error/error/error/error/error/error/error/error/error/error/error/error/error/error/error/500, method=GET, errorType=REQUEST_EXCEPTION, exceptionClass=ServletException, userAgent=Mozilla/5.0 (Windows NT 10.0; Win64; x64) AppleWebKit/537.36 (KHTML, like Gecko) Chrome/152.0.0.0 Safari/537.36 Edg/152.0.0.0, exceptionMessage=REDACTED, statusCode=200}]
Caused by: java.lang.StackOverflowError
	at at jakarta.servlet.http.HttpServletRequestWrapper.getSession(HttpServletRequestWrapper.java:221)
jakarta.servlet.ServletException: Servlet execution threw an exception
	at at org.apache.catalina.core.ApplicationFilterChain.internalDoFilter(ApplicationFilterChain.java:202)
2026-08-31 11:06:04.112 ERROR [o.a.c.c.C.[.[.[.[dispatcherServlet]] Servlet.service() for servlet [dispatcherServlet] threw exception
java.lang.StackOverflowError
	at at jakarta.servlet.http.HttpServletRequestWrapper.getSession(HttpServletRequestWrapper.java:221)
2026-08-31 11:06:04.113 ERROR [c.a.s.s.s.i.LoggingServiceImpl] [API_ERROR] Exception during GET /error/error/error/error/error/error/error/error/error/error/error/error/error/error/500 [correlationId=0e16fb8e-1323-460d-9060-2f06cae61d7c] [ip=0:0:0:0:0:0:0:1] [context={duration=116, referer=null, endpoint=/error/error/error/error/error/error/error/error/error/error/error/error/error/error/500, method=GET, errorType=REQUEST_EXCEPTION, exceptionClass=ServletException, userAgent=Mozilla/5.0 (Windows NT 10.0; Win64; x64) AppleWebKit/537.36 (KHTML, like Gecko) Chrome/152.0.0.0 Safari/537.36 Edg/152.0.0.0, exceptionMessage=REDACTED, statusCode=200}]
Caused by: java.lang.StackOverflowError
	at at jakarta.servlet.http.HttpServletRequestWrapper.getSession(HttpServletRequestWrapper.java:221)
jakarta.servlet.ServletException: Servlet execution threw an exception
	at at org.apache.catalina.core.ApplicationFilterChain.internalDoFilter(ApplicationFilterChain.java:202)
2026-08-31 11:06:04.114 ERROR [o.a.c.c.C.[.[.[.[dispatcherServlet]] Servlet.service() for servlet [dispatcherServlet] threw exception
java.lang.StackOverflowError
	at at jakarta.servlet.http.HttpServletRequestWrapper.getSession(HttpServletRequestWrapper.java:221)
2026-08-31 11:06:04.114 ERROR [c.a.s.s.s.i.LoggingServiceImpl] [API_ERROR] Exception during GET /error/error/error/error/error/error/error/error/error/error/error/error/error/500 [correlationId=0e16fb8e-1323-460d-9060-2f06cae61d7c] [ip=0:0:0:0:0:0:0:1] [context={duration=118, referer=null, endpoint=/error/error/error/error/error/error/error/error/error/error/error/error/error/500, method=GET, errorType=REQUEST_EXCEPTION, exceptionClass=ServletException, userAgent=Mozilla/5.0 (Windows NT 10.0; Win64; x64) AppleWebKit/537.36 (KHTML, like Gecko) Chrome/152.0.0.0 Safari/537.36 Edg/152.0.0.0, exceptionMessage=REDACTED, statusCode=200}]
Caused by: java.lang.StackOverflowError
	at at jakarta.servlet.http.HttpServletRequestWrapper.getSession(HttpServletRequestWrapper.java:221)
jakarta.servlet.ServletException: Servlet execution threw an exception
	at at org.apache.catalina.core.ApplicationFilterChain.internalDoFilter(ApplicationFilterChain.java:202)
2026-08-31 11:06:04.115 ERROR [o.a.c.c.C.[.[.[.[dispatcherServlet]] Servlet.service() for servlet [dispatcherServlet] threw exception
java.lang.StackOverflowError
	at at jakarta.servlet.http.HttpServletRequestWrapper.getSession(HttpServletRequestWrapper.java:221)
2026-08-31 11:06:04.116 ERROR [c.a.s.s.s.i.LoggingServiceImpl] [API_ERROR] Exception during GET /error/error/error/error/error/error/error/error/error/error/error/error/500 [correlationId=0e16fb8e-1323-460d-9060-2f06cae61d7c] [ip=0:0:0:0:0:0:0:1] [context={duration=119, referer=null, endpoint=/error/error/error/error/error/error/error/error/error/error/error/error/500, method=GET, errorType=REQUEST_EXCEPTION, exceptionClass=ServletException, userAgent=Mozilla/5.0 (Windows NT 10.0; Win64; x64) AppleWebKit/537.36 (KHTML, like Gecko) Chrome/152.0.0.0 Safari/537.36 Edg/152.0.0.0, exceptionMessage=REDACTED, statusCode=200}]
Caused by: java.lang.StackOverflowError
	at at jakarta.servlet.http.HttpServletRequestWrapper.getSession(HttpServletRequestWrapper.java:221)
jakarta.servlet.ServletException: Servlet execution threw an exception
	at at org.apache.catalina.core.ApplicationFilterChain.internalDoFilter(ApplicationFilterChain.java:202)
2026-08-31 11:06:04.117 ERROR [o.a.c.c.C.[.[.[.[dispatcherServlet]] Servlet.service() for servlet [dispatcherServlet] threw exception
java.lang.StackOverflowError
	at at jakarta.servlet.http.HttpServletRequestWrapper.getSession(HttpServletRequestWrapper.java:221)
2026-08-31 11:06:04.117 ERROR [c.a.s.s.s.i.LoggingServiceImpl] [API_ERROR] Exception during GET /error/error/error/error/error/error/error/error/error/error/error/500 [correlationId=0e16fb8e-1323-460d-9060-2f06cae61d7c] [ip=0:0:0:0:0:0:0:1] [context={duration=121, referer=null, endpoint=/error/error/error/error/error/error/error/error/error/error/error/500, method=GET, errorType=REQUEST_EXCEPTION, exceptionClass=ServletException, userAgent=Mozilla/5.0 (Windows NT 10.0; Win64; x64) AppleWebKit/537.36 (KHTML, like Gecko) Chrome/152.0.0.0 Safari/537.36 Edg/152.0.0.0, exceptionMessage=REDACTED, statusCode=200}]
Caused by: java.lang.StackOverflowError
	at at jakarta.servlet.http.HttpServletRequestWrapper.getSession(HttpServletRequestWrapper.java:221)
jakarta.servlet.ServletException: Servlet execution threw an exception
	at at org.apache.catalina.core.ApplicationFilterChain.internalDoFilter(ApplicationFilterChain.java:202)
2026-08-31 11:06:04.118 ERROR [o.a.c.c.C.[.[.[.[dispatcherServlet]] Servlet.service() for servlet [dispatcherServlet] threw exception
java.lang.StackOverflowError
	at at jakarta.servlet.http.HttpServletRequestWrapper.getSession(HttpServletRequestWrapper.java:221)
2026-08-31 11:06:04.119 ERROR [c.a.s.s.s.i.LoggingServiceImpl] [API_ERROR] Exception during GET /error/error/error/error/error/error/error/error/error/error/500 [correlationId=0e16fb8e-1323-460d-9060-2f06cae61d7c] [ip=0:0:0:0:0:0:0:1] [context={duration=123, referer=null, endpoint=/error/error/error/error/error/error/error/error/error/error/500, method=GET, errorType=REQUEST_EXCEPTION, exceptionClass=ServletException, userAgent=Mozilla/5.0 (Windows NT 10.0; Win64; x64) AppleWebKit/537.36 (KHTML, like Gecko) Chrome/152.0.0.0 Safari/537.36 Edg/152.0.0.0, exceptionMessage=REDACTED, statusCode=200}]
Caused by: java.lang.StackOverflowError
	at at jakarta.servlet.http.HttpServletRequestWrapper.getSession(HttpServletRequestWrapper.java:221)
jakarta.servlet.ServletException: Servlet execution threw an exception
	at at org.apache.catalina.core.ApplicationFilterChain.internalDoFilter(ApplicationFilterChain.java:202)
2026-08-31 11:06:04.120 ERROR [o.a.c.c.C.[.[.[.[dispatcherServlet]] Servlet.service() for servlet [dispatcherServlet] threw exception
java.lang.StackOverflowError
	at at jakarta.servlet.http.HttpServletRequestWrapper.getSession(HttpServletRequestWrapper.java:221)
2026-08-31 11:06:04.121 ERROR [c.a.s.s.s.i.LoggingServiceImpl] [API_ERROR] Exception during GET /error/error/error/error/error/error/error/error/error/500 [correlationId=0e16fb8e-1323-460d-9060-2f06cae61d7c] [ip=0:0:0:0:0:0:0:1] [context={duration=124, referer=null, endpoint=/error/error/error/error/error/error/error/error/error/500, method=GET, errorType=REQUEST_EXCEPTION, exceptionClass=ServletException, userAgent=Mozilla/5.0 (Windows NT 10.0; Win64; x64) AppleWebKit/537.36 (KHTML, like Gecko) Chrome/152.0.0.0 Safari/537.36 Edg/152.0.0.0, exceptionMessage=REDACTED, statusCode=200}]
Caused by: java.lang.StackOverflowError
	at at jakarta.servlet.http.HttpServletRequestWrapper.getSession(HttpServletRequestWrapper.java:221)
jakarta.servlet.ServletException: Servlet execution threw an exception
	at at org.apache.catalina.core.ApplicationFilterChain.internalDoFilter(ApplicationFilterChain.java:202)
2026-08-31 11:06:04.121 ERROR [o.a.c.c.C.[.[.[.[dispatcherServlet]] Servlet.service() for servlet [dispatcherServlet] threw exception
java.lang.StackOverflowError
	at at jakarta.servlet.http.HttpServletRequestWrapper.getSession(HttpServletRequestWrapper.java:221)
2026-08-31 11:06:04.122 ERROR [c.a.s.s.s.i.LoggingServiceImpl] [API_ERROR] Exception during GET /error/error/error/error/error/error/error/error/500 [correlationId=0e16fb8e-1323-460d-9060-2f06cae61d7c] [ip=0:0:0:0:0:0:0:1] [context={duration=125, referer=null, endpoint=/error/error/error/error/error/error/error/error/500, method=GET, errorType=REQUEST_EXCEPTION, exceptionClass=ServletException, userAgent=Mozilla/5.0 (Windows NT 10.0; Win64; x64) AppleWebKit/537.36 (KHTML, like Gecko) Chrome/152.0.0.0 Safari/537.36 Edg/152.0.0.0, exceptionMessage=REDACTED, statusCode=200}]
Caused by: java.lang.StackOverflowError
	at at jakarta.servlet.http.HttpServletRequestWrapper.getSession(HttpServletRequestWrapper.java:221)
jakarta.servlet.ServletException: Servlet execution threw an exception
	at at org.apache.catalina.core.ApplicationFilterChain.internalDoFilter(ApplicationFilterChain.java:202)
2026-08-31 11:06:04.122 ERROR [o.a.c.c.C.[.[.[.[dispatcherServlet]] Servlet.service() for servlet [dispatcherServlet] threw exception
java.lang.StackOverflowError
	at at jakarta.servlet.http.HttpServletRequestWrapper.getSession(HttpServletRequestWrapper.java:221)
2026-08-31 11:06:04.123 ERROR [c.a.s.s.s.i.LoggingServiceImpl] [API_ERROR] Exception during GET /error/error/error/error/error/error/error/500 [correlationId=0e16fb8e-1323-460d-9060-2f06cae61d7c] [ip=0:0:0:0:0:0:0:1] [context={duration=127, referer=null, endpoint=/error/error/error/error/error/error/error/500, method=GET, errorType=REQUEST_EXCEPTION, exceptionClass=ServletException, userAgent=Mozilla/5.0 (Windows NT 10.0; Win64; x64) AppleWebKit/537.36 (KHTML, like Gecko) Chrome/152.0.0.0 Safari/537.36 Edg/152.0.0.0, exceptionMessage=REDACTED, statusCode=200}]
Caused by: java.lang.StackOverflowError
	at at jakarta.servlet.http.HttpServletRequestWrapper.getSession(HttpServletRequestWrapper.java:221)
jakarta.servlet.ServletException: Servlet execution threw an exception
	at at org.apache.catalina.core.ApplicationFilterChain.internalDoFilter(ApplicationFilterChain.java:202)
2026-08-31 11:06:04.124 ERROR [o.a.c.c.C.[.[.[.[dispatcherServlet]] Servlet.service() for servlet [dispatcherServlet] threw exception
java.lang.StackOverflowError
	at at jakarta.servlet.http.HttpServletRequestWrapper.getSession(HttpServletRequestWrapper.java:221)
2026-08-31 11:06:04.124 ERROR [c.a.s.s.s.i.LoggingServiceImpl] [API_ERROR] Exception during GET /error/error/error/error/error/error/500 [correlationId=0e16fb8e-1323-460d-9060-2f06cae61d7c] [ip=0:0:0:0:0:0:0:1] [context={duration=128, referer=null, endpoint=/error/error/error/error/error/error/500, method=GET, errorType=REQUEST_EXCEPTION, exceptionClass=ServletException, userAgent=Mozilla/5.0 (Windows NT 10.0; Win64; x64) AppleWebKit/537.36 (KHTML, like Gecko) Chrome/152.0.0.0 Safari/537.36 Edg/152.0.0.0, exceptionMessage=REDACTED, statusCode=200}]
Caused by: java.lang.StackOverflowError
	at at jakarta.servlet.http.HttpServletRequestWrapper.getSession(HttpServletRequestWrapper.java:221)
jakarta.servlet.ServletException: Servlet execution threw an exception
	at at org.apache.catalina.core.ApplicationFilterChain.internalDoFilter(ApplicationFilterChain.java:202)
2026-08-31 11:06:04.125 ERROR [o.a.c.c.C.[.[.[.[dispatcherServlet]] Servlet.service() for servlet [dispatcherServlet] threw exception
java.lang.StackOverflowError
	at at jakarta.servlet.http.HttpServletRequestWrapper.getSession(HttpServletRequestWrapper.java:221)
2026-08-31 11:06:04.126 ERROR [c.a.s.s.s.i.LoggingServiceImpl] [API_ERROR] Exception during GET /error/error/error/error/error/500 [correlationId=0e16fb8e-1323-460d-9060-2f06cae61d7c] [ip=0:0:0:0:0:0:0:1] [context={duration=129, referer=null, endpoint=/error/error/error/error/error/500, method=GET, errorType=REQUEST_EXCEPTION, exceptionClass=ServletException, userAgent=Mozilla/5.0 (Windows NT 10.0; Win64; x64) AppleWebKit/537.36 (KHTML, like Gecko) Chrome/152.0.0.0 Safari/537.36 Edg/152.0.0.0, exceptionMessage=REDACTED, statusCode=200}]
Caused by: java.lang.StackOverflowError
	at at jakarta.servlet.http.HttpServletRequestWrapper.getSession(HttpServletRequestWrapper.java:221)
jakarta.servlet.ServletException: Servlet execution threw an exception
	at at org.apache.catalina.core.ApplicationFilterChain.internalDoFilter(ApplicationFilterChain.java:202)
2026-08-31 11:06:04.126 ERROR [o.a.c.c.C.[.[.[.[dispatcherServlet]] Servlet.service() for servlet [dispatcherServlet] threw exception
java.lang.StackOverflowError
	at at jakarta.servlet.http.HttpServletRequestWrapper.getSession(HttpServletRequestWrapper.java:221)
2026-08-31 11:06:04.127 ERROR [c.a.s.s.s.i.LoggingServiceImpl] [API_ERROR] Exception during GET /error/error/error/error/500 [correlationId=0e16fb8e-1323-460d-9060-2f06cae61d7c] [ip=0:0:0:0:0:0:0:1] [context={duration=131, referer=null, endpoint=/error/error/error/error/500, method=GET, errorType=REQUEST_EXCEPTION, exceptionClass=ServletException, userAgent=Mozilla/5.0 (Windows NT 10.0; Win64; x64) AppleWebKit/537.36 (KHTML, like Gecko) Chrome/152.0.0.0 Safari/537.36 Edg/152.0.0.0, exceptionMessage=REDACTED, statusCode=200}]
Caused by: java.lang.StackOverflowError
	at at jakarta.servlet.http.HttpServletRequestWrapper.getSession(HttpServletRequestWrapper.java:221)
jakarta.servlet.ServletException: Servlet execution threw an exception
	at at org.apache.catalina.core.ApplicationFilterChain.internalDoFilter(ApplicationFilterChain.java:202)
2026-08-31 11:06:04.128 ERROR [o.a.c.c.C.[.[.[.[dispatcherServlet]] Servlet.service() for servlet [dispatcherServlet] threw exception
java.lang.StackOverflowError
	at at jakarta.servlet.http.HttpServletRequestWrapper.getSession(HttpServletRequestWrapper.java:221)
2026-08-31 11:06:04.128 ERROR [c.a.s.s.s.i.LoggingServiceImpl] [API_ERROR] Exception during GET /error/error/error/500 [correlationId=0e16fb8e-1323-460d-9060-2f06cae61d7c] [ip=0:0:0:0:0:0:0:1] [context={duration=132, referer=null, endpoint=/error/error/error/500, method=GET, errorType=REQUEST_EXCEPTION, exceptionClass=ServletException, userAgent=Mozilla/5.0 (Windows NT 10.0; Win64; x64) AppleWebKit/537.36 (KHTML, like Gecko) Chrome/152.0.0.0 Safari/537.36 Edg/152.0.0.0, exceptionMessage=REDACTED, statusCode=200}]
Caused by: java.lang.StackOverflowError
	at at jakarta.servlet.http.HttpServletRequestWrapper.getSession(HttpServletRequestWrapper.java:221)
jakarta.servlet.ServletException: Servlet execution threw an exception
	at at org.apache.catalina.core.ApplicationFilterChain.internalDoFilter(ApplicationFilterChain.java:202)
2026-08-31 11:06:04.129 ERROR [o.a.c.c.C.[.[.[.[dispatcherServlet]] Servlet.service() for servlet [dispatcherServlet] threw exception
java.lang.StackOverflowError
	at at jakarta.servlet.http.HttpServletRequestWrapper.getSession(HttpServletRequestWrapper.java:221)
2026-08-31 11:06:04.130 ERROR [c.a.s.s.s.i.LoggingServiceImpl] [API_ERROR] Exception during GET /error/error/500 [correlationId=0e16fb8e-1323-460d-9060-2f06cae61d7c] [ip=0:0:0:0:0:0:0:1] [context={duration=133, referer=null, endpoint=/error/error/500, method=GET, errorType=REQUEST_EXCEPTION, exceptionClass=ServletException, userAgent=Mozilla/5.0 (Windows NT 10.0; Win64; x64) AppleWebKit/537.36 (KHTML, like Gecko) Chrome/152.0.0.0 Safari/537.36 Edg/152.0.0.0, exceptionMessage=REDACTED, statusCode=200}]
Caused by: java.lang.StackOverflowError
	at at jakarta.servlet.http.HttpServletRequestWrapper.getSession(HttpServletRequestWrapper.java:221)
jakarta.servlet.ServletException: Servlet execution threw an exception
	at at org.apache.catalina.core.ApplicationFilterChain.internalDoFilter(ApplicationFilterChain.java:202)
2026-08-31 11:06:04.132 ERROR [o.a.c.c.C.[.[.[.[dispatcherServlet]] Servlet.service() for servlet [dispatcherServlet] threw exception
java.lang.StackOverflowError
	at at jakarta.servlet.http.HttpServletRequestWrapper.getSession(HttpServletRequestWrapper.java:221)
2026-08-31 11:06:04.133 ERROR [c.a.s.s.s.i.LoggingServiceImpl] [API_ERROR] Exception during GET /error/500 [correlationId=0e16fb8e-1323-460d-9060-2f06cae61d7c] [ip=0:0:0:0:0:0:0:1] [context={duration=136, referer=null, endpoint=/error/500, method=GET, errorType=REQUEST_EXCEPTION, exceptionClass=ServletException, userAgent=Mozilla/5.0 (Windows NT 10.0; Win64; x64) AppleWebKit/537.36 (KHTML, like Gecko) Chrome/152.0.0.0 Safari/537.36 Edg/152.0.0.0, exceptionMessage=REDACTED, statusCode=200}]
Caused by: java.lang.StackOverflowError
	at at jakarta.servlet.http.HttpServletRequestWrapper.getSession(HttpServletRequestWrapper.java:221)
jakarta.servlet.ServletException: Servlet execution threw an exception
	at at org.apache.catalina.core.ApplicationFilterChain.internalDoFilter(ApplicationFilterChain.java:202)
2026-08-31 11:06:04.133 ERROR [o.a.c.c.C.[.[.[.[dispatcherServlet]] Servlet.service() for servlet [dispatcherServlet] threw exception
java.lang.StackOverflowError
	at at jakarta.servlet.http.HttpServletRequestWrapper.getSession(HttpServletRequestWrapper.java:221)
2026-08-31 11:06:04.134 ERROR [c.a.s.s.s.i.LoggingServiceImpl] [API_ERROR] Exception during GET /login [correlationId=0e16fb8e-1323-460d-9060-2f06cae61d7c] [ip=0:0:0:0:0:0:0:1] [context={duration=137, referer=null, endpoint=/login, method=GET, errorType=REQUEST_EXCEPTION, exceptionClass=ServletException, userAgent=Mozilla/5.0 (Windows NT 10.0; Win64; x64) AppleWebKit/537.36 (KHTML, like Gecko) Chrome/152.0.0.0 Safari/537.36 Edg/152.0.0.0, exceptionMessage=REDACTED, statusCode=200}]
Caused by: java.lang.StackOverflowError
	at at jakarta.servlet.http.HttpServletRequestWrapper.getSession(HttpServletRequestWrapper.java:221)
jakarta.servlet.ServletException: Servlet execution threw an exception
	at at org.apache.catalina.core.ApplicationFilterChain.internalDoFilter(ApplicationFilterChain.java:202)
2026-08-31 11:06:04.137 ERROR [o.a.c.c.C.[.[.[.[dispatcherServlet]] Servlet.service() for servlet [dispatcherServlet] in context with path [] threw exception [Servlet execution threw an exception] with root cause
java.lang.StackOverflowError
	at at jakarta.servlet.http.HttpServletRequestWrapper.getSession(HttpServletRequestWrapper.java:221)
2026-08-31 11:06:04.242 INFO  [c.a.s.s.s.i.LoggingServiceImpl] [API_ERROR] API GET /error returned 500 in 98ms [correlationId=77991d2f-588b-4744-909a-61395d473517] [ip=0:0:0:0:0:0:0:1] [context={duration=98, referer=null, endpoint=/error, method=GET, responseTime=98, userAgent=Mozilla/5.0 (Windows NT 10.0; Win64; x64) AppleWebKit/537.36 (KHTML, like Gecko) Chrome/152.0.0.0 Safari/537.36 Edg/152.0.0.0, statusCode=500}]
2026-08-31 11:06:04.244 ERROR [c.a.s.s.s.i.LoggingServiceImpl] [API_ERROR] HTTP 500 error for GET /error [correlationId=77991d2f-588b-4744-909a-61395d473517] [ip=0:0:0:0:0:0:0:1] [context={duration=98, referer=null, endpoint=/error, method=GET, userAgent=Mozilla/5.0 (Windows NT 10.0; Win64; x64) AppleWebKit/537.36 (KHTML, like Gecko) Chrome/152.0.0.0 Safari/537.36 Edg/152.0.0.0, statusCode=500}]
2026-08-31 11:06:04.301 ERROR [c.a.c.GlobalApiExceptionHandler] Unhandled exception for uri=/favicon.ico
java.io.FileNotFoundException: class path resource [static/ng-app/index.html] cannot be resolved to URL because it does not exist
	at at org.springframework.core.io.ClassPathResource.getURL(ClassPathResource.java:230)
2026-08-31 11:06:04.302 WARN  [o.s.w.s.m.m.a.ExceptionHandlerExceptionResolver] Resolved [java.io.FileNotFoundException: class path resource [static/ng-app/index.html] cannot be resolved to URL because it does not exist]
2026-08-31 11:06:04.308 ERROR [c.a.c.GlobalApiExceptionHandler] Unhandled exception for uri=/error/500
java.io.FileNotFoundException: class path resource [static/ng-app/index.html] cannot be resolved to URL because it does not exist
	at at org.springframework.core.io.ClassPathResource.getURL(ClassPathResource.java:230)
2026-08-31 11:06:04.309 WARN  [o.s.w.s.m.m.a.ExceptionHandlerExceptionResolver] Resolved [java.io.FileNotFoundException: class path resource [static/ng-app/index.html] cannot be resolved to URL because it does not exist]
2026-08-31 11:06:04.313 ERROR [c.a.c.GlobalApiExceptionHandler] Unhandled exception for uri=/error/error/500
java.io.FileNotFoundException: class path resource [static/ng-app/index.html] cannot be resolved to URL because it does not exist
	at at org.springframework.core.io.ClassPathResource.getURL(ClassPathResource.java:230)
2026-08-31 11:06:04.314 WARN  [o.s.w.s.m.m.a.ExceptionHandlerExceptionResolver] Resolved [java.io.FileNotFoundException: class path resource [static/ng-app/index.html] cannot be resolved to URL because it does not exist]
2026-08-31 11:06:04.317 ERROR [c.a.c.GlobalApiExceptionHandler] Unhandled exception for uri=/error/error/error/500
java.io.FileNotFoundException: class path resource [static/ng-app/index.html] cannot be resolved to URL because it does not exist
	at at org.springframework.core.io.ClassPathResource.getURL(ClassPathResource.java:230)
2026-08-31 11:06:04.318 WARN  [o.s.w.s.m.m.a.ExceptionHandlerExceptionResolver] Resolved [java.io.FileNotFoundException: class path resource [static/ng-app/index.html] cannot be resolved to URL because it does not exist]
2026-08-31 11:06:04.322 ERROR [c.a.c.GlobalApiExceptionHandler] Unhandled exception for uri=/error/error/error/error/500
java.io.FileNotFoundException: class path resource [static/ng-app/index.html] cannot be resolved to URL because it does not exist
	at at org.springframework.core.io.ClassPathResource.getURL(ClassPathResource.java:230)
2026-08-31 11:06:04.323 WARN  [o.s.w.s.m.m.a.ExceptionHandlerExceptionResolver] Resolved [java.io.FileNotFoundException: class path resource [static/ng-app/index.html] cannot be resolved to URL because it does not exist]
2026-08-31 11:06:04.327 ERROR [c.a.c.GlobalApiExceptionHandler] Unhandled exception for uri=/error/error/error/error/error/500
java.io.FileNotFoundException: class path resource [static/ng-app/index.html] cannot be resolved to URL because it does not exist
	at at org.springframework.core.io.ClassPathResource.getURL(ClassPathResource.java:230)
2026-08-31 11:06:04.328 WARN  [o.s.w.s.m.m.a.ExceptionHandlerExceptionResolver] Resolved [java.io.FileNotFoundException: class path resource [static/ng-app/index.html] cannot be resolved to URL because it does not exist]
2026-08-31 11:06:04.333 ERROR [c.a.c.GlobalApiExceptionHandler] Unhandled exception for uri=/error/error/error/error/error/error/500
java.io.FileNotFoundException: class path resource [static/ng-app/index.html] cannot be resolved to URL because it does not exist
	at at org.springframework.core.io.ClassPathResource.getURL(ClassPathResource.java:230)
2026-08-31 11:06:04.333 WARN  [o.s.w.s.m.m.a.ExceptionHandlerExceptionResolver] Resolved [java.io.FileNotFoundException: class path resource [static/ng-app/index.html] cannot be resolved to URL because it does not exist]
2026-08-31 11:06:04.338 ERROR [c.a.c.GlobalApiExceptionHandler] Unhandled exception for uri=/error/error/error/error/error/error/error/500
java.io.FileNotFoundException: class path resource [static/ng-app/index.html] cannot be resolved to URL because it does not exist
	at at org.springframework.core.io.ClassPathResource.getURL(ClassPathResource.java:230)
2026-08-31 11:06:04.338 WARN  [o.s.w.s.m.m.a.ExceptionHandlerExceptionResolver] Resolved [java.io.FileNotFoundException: class path resource [static/ng-app/index.html] cannot be resolved to URL because it does not exist]
2026-08-31 11:06:04.343 ERROR [c.a.c.GlobalApiExceptionHandler] Unhandled exception for uri=/error/error/error/error/error/error/error/error/500
java.io.FileNotFoundException: class path resource [static/ng-app/index.html] cannot be resolved to URL because it does not exist
	at at org.springframework.core.io.ClassPathResource.getURL(ClassPathResource.java:230)
2026-08-31 11:06:04.344 WARN  [o.s.w.s.m.m.a.ExceptionHandlerExceptionResolver] Resolved [java.io.FileNotFoundException: class path resource [static/ng-app/index.html] cannot be resolved to URL because it does not exist]
2026-08-31 11:06:04.349 ERROR [c.a.c.GlobalApiExceptionHandler] Unhandled exception for uri=/error/error/error/error/error/error/error/error/error/500
java.io.FileNotFoundException: class path resource [static/ng-app/index.html] cannot be resolved to URL because it does not exist
	at at org.springframework.core.io.ClassPathResource.getURL(ClassPathResource.java:230)
2026-08-31 11:06:04.349 WARN  [o.s.w.s.m.m.a.ExceptionHandlerExceptionResolver] Resolved [java.io.FileNotFoundException: class path resource [static/ng-app/index.html] cannot be resolved to URL because it does not exist]
2026-08-31 11:06:04.354 ERROR [c.a.c.GlobalApiExceptionHandler] Unhandled exception for uri=/error/error/error/error/error/error/error/error/error/error/500
java.io.FileNotFoundException: class path resource [static/ng-app/index.html] cannot be resolved to URL because it does not exist
	at at org.springframework.core.io.ClassPathResource.getURL(ClassPathResource.java:230)
2026-08-31 11:06:04.355 WARN  [o.s.w.s.m.m.a.ExceptionHandlerExceptionResolver] Resolved [java.io.FileNotFoundException: class path resource [static/ng-app/index.html] cannot be resolved to URL because it does not exist]
2026-08-31 11:06:04.359 ERROR [c.a.c.GlobalApiExceptionHandler] Unhandled exception for uri=/error/error/error/error/error/error/error/error/error/error/error/500
java.io.FileNotFoundException: class path resource [static/ng-app/index.html] cannot be resolved to URL because it does not exist
	at at org.springframework.core.io.ClassPathResource.getURL(ClassPathResource.java:230)
2026-08-31 11:06:04.361 WARN  [o.s.w.s.m.m.a.ExceptionHandlerExceptionResolver] Resolved [java.io.FileNotFoundException: class path resource [static/ng-app/index.html] cannot be resolved to URL because it does not exist]
2026-08-31 11:06:04.368 ERROR [c.a.c.GlobalApiExceptionHandler] Unhandled exception for uri=/error/error/error/error/error/error/error/error/error/error/error/error/500
java.io.FileNotFoundException: class path resource [static/ng-app/index.html] cannot be resolved to URL because it does not exist
	at at org.springframework.core.io.ClassPathResource.getURL(ClassPathResource.java:230)
2026-08-31 11:06:04.369 WARN  [o.s.w.s.m.m.a.ExceptionHandlerExceptionResolver] Resolved [java.io.FileNotFoundException: class path resource [static/ng-app/index.html] cannot be resolved to URL because it does not exist]
2026-08-31 11:06:04.375 ERROR [c.a.c.GlobalApiExceptionHandler] Unhandled exception for uri=/error/error/error/error/error/error/error/error/error/error/error/error/error/500
java.io.FileNotFoundException: class path resource [static/ng-app/index.html] cannot be resolved to URL because it does not exist
	at at org.springframework.core.io.ClassPathResource.getURL(ClassPathResource.java:230)
2026-08-31 11:06:04.376 WARN  [o.s.w.s.m.m.a.ExceptionHandlerExceptionResolver] Resolved [java.io.FileNotFoundException: class path resource [static/ng-app/index.html] cannot be resolved to URL because it does not exist]
2026-08-31 11:06:04.381 ERROR [c.a.c.GlobalApiExceptionHandler] Unhandled exception for uri=/error/error/error/error/error/error/error/error/error/error/error/error/error/error/500
java.io.FileNotFoundException: class path resource [static/ng-app/index.html] cannot be resolved to URL because it does not exist
	at at org.springframework.core.io.ClassPathResource.getURL(ClassPathResource.java:230)
2026-08-31 11:06:04.382 WARN  [o.s.w.s.m.m.a.ExceptionHandlerExceptionResolver] Resolved [java.io.FileNotFoundException: class path resource [static/ng-app/index.html] cannot be resolved to URL because it does not exist]
2026-08-31 11:06:04.387 ERROR [c.a.c.GlobalApiExceptionHandler] Unhandled exception for uri=/error/error/error/error/error/error/error/error/error/error/error/error/error/error/error/500
java.io.FileNotFoundException: class path resource [static/ng-app/index.html] cannot be resolved to URL because it does not exist
	at at org.springframework.core.io.ClassPathResource.getURL(ClassPathResource.java:230)
2026-08-31 11:06:04.388 WARN  [o.s.w.s.m.m.a.ExceptionHandlerExceptionResolver] Resolved [java.io.FileNotFoundException: class path resource [static/ng-app/index.html] cannot be resolved to URL because it does not exist]
2026-08-31 11:06:04.394 ERROR [c.a.c.GlobalApiExceptionHandler] Unhandled exception for uri=/error/error/error/error/error/error/error/error/error/error/error/error/error/error/error/error/500
java.io.FileNotFoundException: class path resource [static/ng-app/index.html] cannot be resolved to URL because it does not exist
	at at org.springframework.core.io.ClassPathResource.getURL(ClassPathResource.java:230)
2026-08-31 11:06:04.395 WARN  [o.s.w.s.m.m.a.ExceptionHandlerExceptionResolver] Resolved [java.io.FileNotFoundException: class path resource [static/ng-app/index.html] cannot be resolved to URL because it does not exist]
2026-08-31 11:06:04.400 ERROR [c.a.c.GlobalApiExceptionHandler] Unhandled exception for uri=/error/error/error/error/error/error/error/error/error/error/error/error/error/error/error/error/error/500
java.io.FileNotFoundException: class path resource [static/ng-app/index.html] cannot be resolved to URL because it does not exist
	at at org.springframework.core.io.ClassPathResource.getURL(ClassPathResource.java:230)
2026-08-31 11:06:04.401 WARN  [o.s.w.s.m.m.a.ExceptionHandlerExceptionResolver] Resolved [java.io.FileNotFoundException: class path resource [static/ng-app/index.html] cannot be resolved to URL because it does not exist]
2026-08-31 11:06:04.406 ERROR [c.a.c.GlobalApiExceptionHandler] Unhandled exception for uri=/error/error/error/error/error/error/error/error/error/error/error/error/error/error/error/error/error/error/500
java.io.FileNotFoundException: class path resource [static/ng-app/index.html] cannot be resolved to URL because it does not exist
	at at org.springframework.core.io.ClassPathResource.getURL(ClassPathResource.java:230)
2026-08-31 11:06:04.407 WARN  [o.s.w.s.m.m.a.ExceptionHandlerExceptionResolver] Resolved [java.io.FileNotFoundException: class path resource [static/ng-app/index.html] cannot be resolved to URL because it does not exist]
2026-08-31 11:06:04.413 ERROR [c.a.c.GlobalApiExceptionHandler] Unhandled exception for uri=/error/error/error/error/error/error/error/error/error/error/error/error/error/error/error/error/error/error/error/500
java.io.FileNotFoundException: class path resource [static/ng-app/index.html] cannot be resolved to URL because it does not exist
	at at org.springframework.core.io.ClassPathResource.getURL(ClassPathResource.java:230)
2026-08-31 11:06:04.413 WARN  [o.s.w.s.m.m.a.ExceptionHandlerExceptionResolver] Resolved [java.io.FileNotFoundException: class path resource [static/ng-app/index.html] cannot be resolved to URL because it does not exist]
2026-08-31 11:06:04.420 ERROR [c.a.c.GlobalApiExceptionHandler] Unhandled exception for uri=/error/error/error/error/error/error/error/error/error/error/error/error/error/error/error/error/error/error/error/error/500
java.io.FileNotFoundException: class path resource [static/ng-app/index.html] cannot be resolved to URL because it does not exist
	at at org.springframework.core.io.ClassPathResource.getURL(ClassPathResource.java:230)
2026-08-31 11:06:04.421 WARN  [o.s.w.s.m.m.a.ExceptionHandlerExceptionResolver] Resolved [java.io.FileNotFoundException: class path resource [static/ng-app/index.html] cannot be resolved to URL because it does not exist]
2026-08-31 11:06:04.427 ERROR [c.a.c.GlobalApiExceptionHandler] Unhandled exception for uri=/error/error/error/error/error/error/error/error/error/error/error/error/error/error/error/error/error/error/error/error/error/500
java.io.FileNotFoundException: class path resource [static/ng-app/index.html] cannot be resolved to URL because it does not exist
	at at org.springframework.core.io.ClassPathResource.getURL(ClassPathResource.java:230)
2026-08-31 11:06:04.427 WARN  [o.s.w.s.m.m.a.ExceptionHandlerExceptionResolver] Resolved [java.io.FileNotFoundException: class path resource [static/ng-app/index.html] cannot be resolved to URL because it does not exist]
2026-08-31 11:06:04.433 ERROR [c.a.c.GlobalApiExceptionHandler] Unhandled exception for uri=/error/error/error/error/error/error/error/error/error/error/error/error/error/error/error/error/error/error/error/error/error/error/500
java.io.FileNotFoundException: class path resource [static/ng-app/index.html] cannot be resolved to URL because it does not exist
	at at org.springframework.core.io.ClassPathResource.getURL(ClassPathResource.java:230)
2026-08-31 11:06:04.434 WARN  [o.s.w.s.m.m.a.ExceptionHandlerExceptionResolver] Resolved [java.io.FileNotFoundException: class path resource [static/ng-app/index.html] cannot be resolved to URL because it does not exist]
2026-08-31 11:06:04.442 ERROR [c.a.c.GlobalApiExceptionHandler] Unhandled exception for uri=/error/error/error/error/error/error/error/error/error/error/error/error/error/error/error/error/error/error/error/error/error/error/error/500
java.io.FileNotFoundException: class path resource [static/ng-app/index.html] cannot be resolved to URL because it does not exist
	at at org.springframework.core.io.ClassPathResource.getURL(ClassPathResource.java:230)
2026-08-31 11:06:04.443 WARN  [o.s.w.s.m.m.a.ExceptionHandlerExceptionResolver] Resolved [java.io.FileNotFoundException: class path resource [static/ng-app/index.html] cannot be resolved to URL because it does not exist]
2026-08-31 11:06:04.449 ERROR [c.a.c.GlobalApiExceptionHandler] Unhandled exception for uri=/error/error/error/error/error/error/error/error/error/error/error/error/error/error/error/error/error/error/error/error/error/error/error/error/500
java.io.FileNotFoundException: class path resource [static/ng-app/index.html] cannot be resolved to URL because it does not exist
	at at org.springframework.core.io.ClassPathResource.getURL(ClassPathResource.java:230)
2026-08-31 11:06:04.449 WARN  [o.s.w.s.m.m.a.ExceptionHandlerExceptionResolver] Resolved [java.io.FileNotFoundException: class path resource [static/ng-app/index.html] cannot be resolved to URL because it does not exist]
2026-08-31 11:06:04.459 ERROR [c.a.c.GlobalApiExceptionHandler] Unhandled exception for uri=/error/error/error/error/error/error/error/error/error/error/error/error/error/error/error/error/error/error/error/error/error/error/error/error/error/500
java.io.FileNotFoundException: class path resource [static/ng-app/index.html] cannot be resolved to URL because it does not exist
	at at org.springframework.core.io.ClassPathResource.getURL(ClassPathResource.java:230)
2026-08-31 11:06:04.459 WARN  [o.s.w.s.m.m.a.ExceptionHandlerExceptionResolver] Resolved [java.io.FileNotFoundException: class path resource [static/ng-app/index.html] cannot be resolved to URL because it does not exist]
2026-08-31 11:06:04.467 ERROR [c.a.c.GlobalApiExceptionHandler] Unhandled exception for uri=/error/error/error/error/error/error/error/error/error/error/error/error/error/error/error/error/error/error/error/error/error/error/error/error/error/error/500
java.io.FileNotFoundException: class path resource [static/ng-app/index.html] cannot be resolved to URL because it does not exist
	at at org.springframework.core.io.ClassPathResource.getURL(ClassPathResource.java:230)
2026-08-31 11:06:04.467 WARN  [o.s.w.s.m.m.a.ExceptionHandlerExceptionResolver] Resolved [java.io.FileNotFoundException: class path resource [static/ng-app/index.html] cannot be resolved to URL because it does not exist]
2026-08-31 11:06:04.476 ERROR [c.a.c.GlobalApiExceptionHandler] Unhandled exception for uri=/error/error/error/error/error/error/error/error/error/error/error/error/error/error/error/error/error/error/error/error/error/error/error/error/error/error/error/500
java.io.FileNotFoundException: class path resource [static/ng-app/index.html] cannot be resolved to URL because it does not exist
	at at org.springframework.core.io.ClassPathResource.getURL(ClassPathResource.java:230)
2026-08-31 11:06:04.477 WARN  [o.s.w.s.m.m.a.ExceptionHandlerExceptionResolver] Resolved [java.io.FileNotFoundException: class path resource [static/ng-app/index.html] cannot be resolved to URL because it does not exist]
2026-08-31 11:06:04.484 ERROR [c.a.c.GlobalApiExceptionHandler] Unhandled exception for uri=/error/error/error/error/error/error/error/error/error/error/error/error/error/error/error/error/error/error/error/error/error/error/error/error/error/error/error/error/500
java.io.FileNotFoundException: class path resource [static/ng-app/index.html] cannot be resolved to URL because it does not exist
	at at org.springframework.core.io.ClassPathResource.getURL(ClassPathResource.java:230)
2026-08-31 11:06:04.485 WARN  [o.s.w.s.m.m.a.ExceptionHandlerExceptionResolver] Resolved [java.io.FileNotFoundException: class path resource [static/ng-app/index.html] cannot be resolved to URL because it does not exist]
2026-08-31 11:06:04.492 ERROR [c.a.c.GlobalApiExceptionHandler] Unhandled exception for uri=/error/error/error/error/error/error/error/error/error/error/error/error/error/error/error/error/error/error/error/error/error/error/error/error/error/error/error/error/error/500
java.io.FileNotFoundException: class path resource [static/ng-app/index.html] cannot be resolved to URL because it does not exist
	at at org.springframework.core.io.ClassPathResource.getURL(ClassPathResource.java:230)
2026-08-31 11:06:04.492 WARN  [o.s.w.s.m.m.a.ExceptionHandlerExceptionResolver] Resolved [java.io.FileNotFoundException: class path resource [static/ng-app/index.html] cannot be resolved to URL because it does not exist]
2026-08-31 11:06:04.499 ERROR [c.a.c.GlobalApiExceptionHandler] Unhandled exception for uri=/error/error/error/error/error/error/error/error/error/error/error/error/error/error/error/error/error/error/error/error/error/error/error/error/error/error/error/error/error/error/500
java.io.FileNotFoundException: class path resource [static/ng-app/index.html] cannot be resolved to URL because it does not exist
	at at org.springframework.core.io.ClassPathResource.getURL(ClassPathResource.java:230)
2026-08-31 11:06:04.499 WARN  [o.s.w.s.m.m.a.ExceptionHandlerExceptionResolver] Resolved [java.io.FileNotFoundException: class path resource [static/ng-app/index.html] cannot be resolved to URL because it does not exist]
2026-08-31 11:06:04.506 ERROR [c.a.c.GlobalApiExceptionHandler] Unhandled exception for uri=/error/error/error/error/error/error/error/error/error/error/error/error/error/error/error/error/error/error/error/error/error/error/error/error/error/error/error/error/error/error/error/500
java.io.FileNotFoundException: class path resource [static/ng-app/index.html] cannot be resolved to URL because it does not exist
	at at org.springframework.core.io.ClassPathResource.getURL(ClassPathResource.java:230)
2026-08-31 11:06:04.506 WARN  [o.s.w.s.m.m.a.ExceptionHandlerExceptionResolver] Resolved [java.io.FileNotFoundException: class path resource [static/ng-app/index.html] cannot be resolved to URL because it does not exist]
2026-08-31 11:06:04.512 ERROR [c.a.c.GlobalApiExceptionHandler] Unhandled exception for uri=/error/error/error/error/error/error/error/error/error/error/error/error/error/error/error/error/error/error/error/error/error/error/error/error/error/error/error/error/error/error/error/error/500
java.io.FileNotFoundException: class path resource [static/ng-app/index.html] cannot be resolved to URL because it does not exist
	at at org.springframework.core.io.ClassPathResource.getURL(ClassPathResource.java:230)
2026-08-31 11:06:04.512 WARN  [o.s.w.s.m.m.a.ExceptionHandlerExceptionResolver] Resolved [java.io.FileNotFoundException: class path resource [static/ng-app/index.html] cannot be resolved to URL because it does not exist]
2026-08-31 11:06:04.518 ERROR [c.a.c.GlobalApiExceptionHandler] Unhandled exception for uri=/error/error/error/error/error/error/error/error/error/error/error/error/error/error/error/error/error/error/error/error/error/error/error/error/error/error/error/error/error/error/error/error/error/500
java.io.FileNotFoundException: class path resource [static/ng-app/index.html] cannot be resolved to URL because it does not exist
	at at org.springframework.core.io.ClassPathResource.getURL(ClassPathResource.java:230)
2026-08-31 11:06:04.519 WARN  [o.s.w.s.m.m.a.ExceptionHandlerExceptionResolver] Resolved [java.io.FileNotFoundException: class path resource [static/ng-app/index.html] cannot be resolved to URL because it does not exist]
2026-08-31 11:06:04.531 ERROR [c.a.c.GlobalApiExceptionHandler] Unhandled exception for uri=/error/error/error/error/error/error/error/error/error/error/error/error/error/error/error/error/error/error/error/error/error/error/error/error/error/error/error/error/error/error/error/error/error/error/500
java.io.FileNotFoundException: class path resource [static/ng-app/index.html] cannot be resolved to URL because it does not exist
	at at org.springframework.core.io.ClassPathResource.getURL(ClassPathResource.java:230)
2026-08-31 11:06:04.532 WARN  [o.s.w.s.m.m.a.ExceptionHandlerExceptionResolver] Resolved [java.io.FileNotFoundException: class path resource [static/ng-app/index.html] cannot be resolved to URL because it does not exist]
2026-08-31 11:06:04.544 ERROR [c.a.c.GlobalApiExceptionHandler] Unhandled exception for uri=/error/error/error/error/error/error/error/error/error/error/error/error/error/error/error/error/error/error/error/error/error/error/error/error/error/error/error/error/error/error/error/error/error/error/error/500
java.io.FileNotFoundException: class path resource [static/ng-app/index.html] cannot be resolved to URL because it does not exist
	at at org.springframework.core.io.ClassPathResource.getURL(ClassPathResource.java:230)
2026-08-31 11:06:04.545 WARN  [o.s.w.s.m.m.a.ExceptionHandlerExceptionResolver] Resolved [java.io.FileNotFoundException: class path resource [static/ng-app/index.html] cannot be resolved to URL because it does not exist]
2026-08-31 11:06:04.559 ERROR [c.a.c.GlobalApiExceptionHandler] Unhandled exception for uri=/error/error/error/error/error/error/error/error/error/error/error/error/error/error/error/error/error/error/error/error/error/error/error/error/error/error/error/error/error/error/error/error/error/error/error/error/500
java.io.FileNotFoundException: class path resource [static/ng-app/index.html] cannot be resolved to URL because it does not exist
	at at org.springframework.core.io.ClassPathResource.getURL(ClassPathResource.java:230)
2026-08-31 11:06:04.561 WARN  [o.s.w.s.m.m.a.ExceptionHandlerExceptionResolver] Resolved [java.io.FileNotFoundException: class path resource [static/ng-app/index.html] cannot be resolved to URL because it does not exist]
2026-08-31 11:06:04.567 ERROR [o.a.c.c.C.[.[.[.[dispatcherServlet]] Servlet.service() for servlet [dispatcherServlet] threw exception
java.lang.StackOverflowError
	at at jakarta.servlet.ServletRequestWrapper.getAttribute(ServletRequestWrapper.java:83)
2026-08-31 11:06:04.568 ERROR [c.a.s.s.s.i.LoggingServiceImpl] [API_ERROR] Exception during GET /error/error/error/error/error/error/error/error/error/error/error/error/error/error/error/error/error/error/error/error/error/error/error/error/error/error/error/error/error/error/error/error/error/error/error/error/500 [correlationId=bda2b860-7f85-464b-afc4-d0b866af6367] [ip=0:0:0:0:0:0:0:1] [context={duration=9, referer=http://localhost:8081/login, endpoint=/error/error/error/error/error/error/error/error/error/error/error/error/error/error/error/error/error/error/error/error/error/error/error/error/error/error/error/error/error/error/error/error/error/error/error/error/500, method=GET, errorType=REQUEST_EXCEPTION, exceptionClass=ServletException, userAgent=Mozilla/5.0 (Windows NT 10.0; Win64; x64) AppleWebKit/537.36 (KHTML, like Gecko) Chrome/152.0.0.0 Safari/537.36 Edg/152.0.0.0, exceptionMessage=REDACTED, statusCode=200}]
Caused by: java.lang.StackOverflowError
	at at jakarta.servlet.ServletRequestWrapper.getAttribute(ServletRequestWrapper.java:83)
jakarta.servlet.ServletException: Filter execution threw an exception
	at at org.apache.catalina.core.ApplicationFilterChain.internalDoFilter(ApplicationFilterChain.java:171)
2026-08-31 11:06:04.572 ERROR [o.a.c.c.C.[.[.[.[dispatcherServlet]] Servlet.service() for servlet [dispatcherServlet] threw exception
java.lang.StackOverflowError
	at at org.apache.catalina.connector.Request.doGetSession(Request.java:2763)
2026-08-31 11:06:04.573 ERROR [c.a.s.s.s.i.LoggingServiceImpl] [API_ERROR] Exception during GET /error/error/error/error/error/error/error/error/error/error/error/error/error/error/error/error/error/error/error/error/error/error/error/error/error/error/error/error/error/error/error/error/error/error/error/500 [correlationId=bda2b860-7f85-464b-afc4-d0b866af6367] [ip=0:0:0:0:0:0:0:1] [context={duration=14, referer=http://localhost:8081/login, endpoint=/error/error/error/error/error/error/error/error/error/error/error/error/error/error/error/error/error/error/error/error/error/error/error/error/error/error/error/error/error/error/error/error/error/error/error/500, method=GET, errorType=REQUEST_EXCEPTION, exceptionClass=ServletException, userAgent=Mozilla/5.0 (Windows NT 10.0; Win64; x64) AppleWebKit/537.36 (KHTML, like Gecko) Chrome/152.0.0.0 Safari/537.36 Edg/152.0.0.0, exceptionMessage=REDACTED, statusCode=200}]
Caused by: java.lang.StackOverflowError
	at at org.apache.catalina.connector.Request.doGetSession(Request.java:2763)
jakarta.servlet.ServletException: Servlet execution threw an exception
	at at org.apache.catalina.core.ApplicationFilterChain.internalDoFilter(ApplicationFilterChain.java:202)
2026-08-31 11:06:04.575 ERROR [o.a.c.c.C.[.[.[.[dispatcherServlet]] Servlet.service() for servlet [dispatcherServlet] threw exception
java.lang.StackOverflowError
	at at org.apache.catalina.connector.Request.doGetSession(Request.java:2763)
2026-08-31 11:06:04.575 ERROR [c.a.s.s.s.i.LoggingServiceImpl] [API_ERROR] Exception during GET /error/error/error/error/error/error/error/error/error/error/error/error/error/error/error/error/error/error/error/error/error/error/error/error/error/error/error/error/error/error/error/error/error/error/500 [correlationId=bda2b860-7f85-464b-afc4-d0b866af6367] [ip=0:0:0:0:0:0:0:1] [context={duration=17, referer=http://localhost:8081/login, endpoint=/error/error/error/error/error/error/error/error/error/error/error/error/error/error/error/error/error/error/error/error/error/error/error/error/error/error/error/error/error/error/error/error/error/error/500, method=GET, errorType=REQUEST_EXCEPTION, exceptionClass=ServletException, userAgent=Mozilla/5.0 (Windows NT 10.0; Win64; x64) AppleWebKit/537.36 (KHTML, like Gecko) Chrome/152.0.0.0 Safari/537.36 Edg/152.0.0.0, exceptionMessage=REDACTED, statusCode=200}]
Caused by: java.lang.StackOverflowError
	at at org.apache.catalina.connector.Request.doGetSession(Request.java:2763)
jakarta.servlet.ServletException: Servlet execution threw an exception
	at at org.apache.catalina.core.ApplicationFilterChain.internalDoFilter(ApplicationFilterChain.java:202)
2026-08-31 11:06:04.577 ERROR [o.a.c.c.C.[.[.[.[dispatcherServlet]] Servlet.service() for servlet [dispatcherServlet] threw exception
java.lang.StackOverflowError
	at at org.apache.catalina.connector.Request.doGetSession(Request.java:2763)
2026-08-31 11:06:04.577 ERROR [c.a.s.s.s.i.LoggingServiceImpl] [API_ERROR] Exception during GET /error/error/error/error/error/error/error/error/error/error/error/error/error/error/error/error/error/error/error/error/error/error/error/error/error/error/error/error/error/error/error/error/error/500 [correlationId=bda2b860-7f85-464b-afc4-d0b866af6367] [ip=0:0:0:0:0:0:0:1] [context={duration=19, referer=http://localhost:8081/login, endpoint=/error/error/error/error/error/error/error/error/error/error/error/error/error/error/error/error/error/error/error/error/error/error/error/error/error/error/error/error/error/error/error/error/error/500, method=GET, errorType=REQUEST_EXCEPTION, exceptionClass=ServletException, userAgent=Mozilla/5.0 (Windows NT 10.0; Win64; x64) AppleWebKit/537.36 (KHTML, like Gecko) Chrome/152.0.0.0 Safari/537.36 Edg/152.0.0.0, exceptionMessage=REDACTED, statusCode=200}]
Caused by: java.lang.StackOverflowError
	at at org.apache.catalina.connector.Request.doGetSession(Request.java:2763)
jakarta.servlet.ServletException: Servlet execution threw an exception
	at at org.apache.catalina.core.ApplicationFilterChain.internalDoFilter(ApplicationFilterChain.java:202)
2026-08-31 11:06:04.578 ERROR [o.a.c.c.C.[.[.[.[dispatcherServlet]] Servlet.service() for servlet [dispatcherServlet] threw exception
java.lang.StackOverflowError
	at at org.apache.catalina.connector.Request.doGetSession(Request.java:2763)
2026-08-31 11:06:04.578 ERROR [c.a.s.s.s.i.LoggingServiceImpl] [API_ERROR] Exception during GET /error/error/error/error/error/error/error/error/error/error/error/error/error/error/error/error/error/error/error/error/error/error/error/error/error/error/error/error/error/error/error/error/500 [correlationId=bda2b860-7f85-464b-afc4-d0b866af6367] [ip=0:0:0:0:0:0:0:1] [context={duration=20, referer=http://localhost:8081/login, endpoint=/error/error/error/error/error/error/error/error/error/error/error/error/error/error/error/error/error/error/error/error/error/error/error/error/error/error/error/error/error/error/error/error/500, method=GET, errorType=REQUEST_EXCEPTION, exceptionClass=ServletException, userAgent=Mozilla/5.0 (Windows NT 10.0; Win64; x64) AppleWebKit/537.36 (KHTML, like Gecko) Chrome/152.0.0.0 Safari/537.36 Edg/152.0.0.0, exceptionMessage=REDACTED, statusCode=200}]
Caused by: java.lang.StackOverflowError
	at at org.apache.catalina.connector.Request.doGetSession(Request.java:2763)
jakarta.servlet.ServletException: Servlet execution threw an exception
	at at org.apache.catalina.core.ApplicationFilterChain.internalDoFilter(ApplicationFilterChain.java:202)
2026-08-31 11:06:04.579 ERROR [o.a.c.c.C.[.[.[.[dispatcherServlet]] Servlet.service() for servlet [dispatcherServlet] threw exception
java.lang.StackOverflowError
	at at org.apache.catalina.connector.Request.doGetSession(Request.java:2763)
2026-08-31 11:06:04.579 ERROR [c.a.s.s.s.i.LoggingServiceImpl] [API_ERROR] Exception during GET /error/error/error/error/error/error/error/error/error/error/error/error/error/error/error/error/error/error/error/error/error/error/error/error/error/error/error/error/error/error/error/500 [correlationId=bda2b860-7f85-464b-afc4-d0b866af6367] [ip=0:0:0:0:0:0:0:1] [context={duration=21, referer=http://localhost:8081/login, endpoint=/error/error/error/error/error/error/error/error/error/error/error/error/error/error/error/error/error/error/error/error/error/error/error/error/error/error/error/error/error/error/error/500, method=GET, errorType=REQUEST_EXCEPTION, exceptionClass=ServletException, userAgent=Mozilla/5.0 (Windows NT 10.0; Win64; x64) AppleWebKit/537.36 (KHTML, like Gecko) Chrome/152.0.0.0 Safari/537.36 Edg/152.0.0.0, exceptionMessage=REDACTED, statusCode=200}]
Caused by: java.lang.StackOverflowError
	at at org.apache.catalina.connector.Request.doGetSession(Request.java:2763)
jakarta.servlet.ServletException: Servlet execution threw an exception
	at at org.apache.catalina.core.ApplicationFilterChain.internalDoFilter(ApplicationFilterChain.java:202)
2026-08-31 11:06:04.582 ERROR [o.a.c.c.C.[.[.[.[dispatcherServlet]] Servlet.service() for servlet [dispatcherServlet] threw exception
java.lang.StackOverflowError
	at at org.apache.catalina.connector.Request.doGetSession(Request.java:2763)
2026-08-31 11:06:04.582 ERROR [c.a.s.s.s.i.LoggingServiceImpl] [API_ERROR] Exception during GET /error/error/error/error/error/error/error/error/error/error/error/error/error/error/error/error/error/error/error/error/error/error/error/error/error/error/error/error/error/error/500 [correlationId=bda2b860-7f85-464b-afc4-d0b866af6367] [ip=0:0:0:0:0:0:0:1] [context={duration=24, referer=http://localhost:8081/login, endpoint=/error/error/error/error/error/error/error/error/error/error/error/error/error/error/error/error/error/error/error/error/error/error/error/error/error/error/error/error/error/error/500, method=GET, errorType=REQUEST_EXCEPTION, exceptionClass=ServletException, userAgent=Mozilla/5.0 (Windows NT 10.0; Win64; x64) AppleWebKit/537.36 (KHTML, like Gecko) Chrome/152.0.0.0 Safari/537.36 Edg/152.0.0.0, exceptionMessage=REDACTED, statusCode=200}]
Caused by: java.lang.StackOverflowError
	at at org.apache.catalina.connector.Request.doGetSession(Request.java:2763)
jakarta.servlet.ServletException: Servlet execution threw an exception
	at at org.apache.catalina.core.ApplicationFilterChain.internalDoFilter(ApplicationFilterChain.java:202)
2026-08-31 11:06:04.583 ERROR [o.a.c.c.C.[.[.[.[dispatcherServlet]] Servlet.service() for servlet [dispatcherServlet] threw exception
java.lang.StackOverflowError
	at at org.apache.catalina.connector.Request.doGetSession(Request.java:2763)
2026-08-31 11:06:04.583 ERROR [c.a.s.s.s.i.LoggingServiceImpl] [API_ERROR] Exception during GET /error/error/error/error/error/error/error/error/error/error/error/error/error/error/error/error/error/error/error/error/error/error/error/error/error/error/error/error/error/500 [correlationId=bda2b860-7f85-464b-afc4-d0b866af6367] [ip=0:0:0:0:0:0:0:1] [context={duration=25, referer=http://localhost:8081/login, endpoint=/error/error/error/error/error/error/error/error/error/error/error/error/error/error/error/error/error/error/error/error/error/error/error/error/error/error/error/error/error/500, method=GET, errorType=REQUEST_EXCEPTION, exceptionClass=ServletException, userAgent=Mozilla/5.0 (Windows NT 10.0; Win64; x64) AppleWebKit/537.36 (KHTML, like Gecko) Chrome/152.0.0.0 Safari/537.36 Edg/152.0.0.0, exceptionMessage=REDACTED, statusCode=200}]
Caused by: java.lang.StackOverflowError
	at at org.apache.catalina.connector.Request.doGetSession(Request.java:2763)
jakarta.servlet.ServletException: Servlet execution threw an exception
	at at org.apache.catalina.core.ApplicationFilterChain.internalDoFilter(ApplicationFilterChain.java:202)
2026-08-31 11:06:04.585 ERROR [o.a.c.c.C.[.[.[.[dispatcherServlet]] Servlet.service() for servlet [dispatcherServlet] threw exception
java.lang.StackOverflowError
	at at org.apache.catalina.connector.Request.doGetSession(Request.java:2763)
2026-08-31 11:06:04.585 ERROR [c.a.s.s.s.i.LoggingServiceImpl] [API_ERROR] Exception during GET /error/error/error/error/error/error/error/error/error/error/error/error/error/error/error/error/error/error/error/error/error/error/error/error/error/error/error/error/500 [correlationId=bda2b860-7f85-464b-afc4-d0b866af6367] [ip=0:0:0:0:0:0:0:1] [context={duration=27, referer=http://localhost:8081/login, endpoint=/error/error/error/error/error/error/error/error/error/error/error/error/error/error/error/error/error/error/error/error/error/error/error/error/error/error/error/error/500, method=GET, errorType=REQUEST_EXCEPTION, exceptionClass=ServletException, userAgent=Mozilla/5.0 (Windows NT 10.0; Win64; x64) AppleWebKit/537.36 (KHTML, like Gecko) Chrome/152.0.0.0 Safari/537.36 Edg/152.0.0.0, exceptionMessage=REDACTED, statusCode=200}]
Caused by: java.lang.StackOverflowError
	at at org.apache.catalina.connector.Request.doGetSession(Request.java:2763)
jakarta.servlet.ServletException: Servlet execution threw an exception
	at at org.apache.catalina.core.ApplicationFilterChain.internalDoFilter(ApplicationFilterChain.java:202)
2026-08-31 11:06:04.587 ERROR [o.a.c.c.C.[.[.[.[dispatcherServlet]] Servlet.service() for servlet [dispatcherServlet] threw exception
java.lang.StackOverflowError
	at at org.apache.catalina.connector.Request.doGetSession(Request.java:2763)
2026-08-31 11:06:04.587 ERROR [c.a.s.s.s.i.LoggingServiceImpl] [API_ERROR] Exception during GET /error/error/error/error/error/error/error/error/error/error/error/error/error/error/error/error/error/error/error/error/error/error/error/error/error/error/error/500 [correlationId=bda2b860-7f85-464b-afc4-d0b866af6367] [ip=0:0:0:0:0:0:0:1] [context={duration=29, referer=http://localhost:8081/login, endpoint=/error/error/error/error/error/error/error/error/error/error/error/error/error/error/error/error/error/error/error/error/error/error/error/error/error/error/error/500, method=GET, errorType=REQUEST_EXCEPTION, exceptionClass=ServletException, userAgent=Mozilla/5.0 (Windows NT 10.0; Win64; x64) AppleWebKit/537.36 (KHTML, like Gecko) Chrome/152.0.0.0 Safari/537.36 Edg/152.0.0.0, exceptionMessage=REDACTED, statusCode=200}]
Caused by: java.lang.StackOverflowError
	at at org.apache.catalina.connector.Request.doGetSession(Request.java:2763)
jakarta.servlet.ServletException: Servlet execution threw an exception
	at at org.apache.catalina.core.ApplicationFilterChain.internalDoFilter(ApplicationFilterChain.java:202)
2026-08-31 11:06:04.588 ERROR [o.a.c.c.C.[.[.[.[dispatcherServlet]] Servlet.service() for servlet [dispatcherServlet] threw exception
java.lang.StackOverflowError
	at at org.apache.catalina.connector.Request.doGetSession(Request.java:2763)
2026-08-31 11:06:04.588 ERROR [c.a.s.s.s.i.LoggingServiceImpl] [API_ERROR] Exception during GET /error/error/error/error/error/error/error/error/error/error/error/error/error/error/error/error/error/error/error/error/error/error/error/error/error/error/500 [correlationId=bda2b860-7f85-464b-afc4-d0b866af6367] [ip=0:0:0:0:0:0:0:1] [context={duration=30, referer=http://localhost:8081/login, endpoint=/error/error/error/error/error/error/error/error/error/error/error/error/error/error/error/error/error/error/error/error/error/error/error/error/error/error/500, method=GET, errorType=REQUEST_EXCEPTION, exceptionClass=ServletException, userAgent=Mozilla/5.0 (Windows NT 10.0; Win64; x64) AppleWebKit/537.36 (KHTML, like Gecko) Chrome/152.0.0.0 Safari/537.36 Edg/152.0.0.0, exceptionMessage=REDACTED, statusCode=200}]
Caused by: java.lang.StackOverflowError
	at at org.apache.catalina.connector.Request.doGetSession(Request.java:2763)
jakarta.servlet.ServletException: Servlet execution threw an exception
	at at org.apache.catalina.core.ApplicationFilterChain.internalDoFilter(ApplicationFilterChain.java:202)
2026-08-31 11:06:04.589 ERROR [o.a.c.c.C.[.[.[.[dispatcherServlet]] Servlet.service() for servlet [dispatcherServlet] threw exception
java.lang.StackOverflowError
	at at org.apache.catalina.connector.Request.doGetSession(Request.java:2763)
2026-08-31 11:06:04.590 ERROR [c.a.s.s.s.i.LoggingServiceImpl] [API_ERROR] Exception during GET /error/error/error/error/error/error/error/error/error/error/error/error/error/error/error/error/error/error/error/error/error/error/error/error/error/500 [correlationId=bda2b860-7f85-464b-afc4-d0b866af6367] [ip=0:0:0:0:0:0:0:1] [context={duration=31, referer=http://localhost:8081/login, endpoint=/error/error/error/error/error/error/error/error/error/error/error/error/error/error/error/error/error/error/error/error/error/error/error/error/error/500, method=GET, errorType=REQUEST_EXCEPTION, exceptionClass=ServletException, userAgent=Mozilla/5.0 (Windows NT 10.0; Win64; x64) AppleWebKit/537.36 (KHTML, like Gecko) Chrome/152.0.0.0 Safari/537.36 Edg/152.0.0.0, exceptionMessage=REDACTED, statusCode=200}]
Caused by: java.lang.StackOverflowError
	at at org.apache.catalina.connector.Request.doGetSession(Request.java:2763)
jakarta.servlet.ServletException: Servlet execution threw an exception
	at at org.apache.catalina.core.ApplicationFilterChain.internalDoFilter(ApplicationFilterChain.java:202)
2026-08-31 11:06:04.591 ERROR [o.a.c.c.C.[.[.[.[dispatcherServlet]] Servlet.service() for servlet [dispatcherServlet] threw exception
java.lang.StackOverflowError
	at at org.apache.catalina.connector.Request.doGetSession(Request.java:2763)
2026-08-31 11:06:04.591 ERROR [c.a.s.s.s.i.LoggingServiceImpl] [API_ERROR] Exception during GET /error/error/error/error/error/error/error/error/error/error/error/error/error/error/error/error/error/error/error/error/error/error/error/error/500 [correlationId=bda2b860-7f85-464b-afc4-d0b866af6367] [ip=0:0:0:0:0:0:0:1] [context={duration=33, referer=http://localhost:8081/login, endpoint=/error/error/error/error/error/error/error/error/error/error/error/error/error/error/error/error/error/error/error/error/error/error/error/error/500, method=GET, errorType=REQUEST_EXCEPTION, exceptionClass=ServletException, userAgent=Mozilla/5.0 (Windows NT 10.0; Win64; x64) AppleWebKit/537.36 (KHTML, like Gecko) Chrome/152.0.0.0 Safari/537.36 Edg/152.0.0.0, exceptionMessage=REDACTED, statusCode=200}]
Caused by: java.lang.StackOverflowError
	at at org.apache.catalina.connector.Request.doGetSession(Request.java:2763)
jakarta.servlet.ServletException: Servlet execution threw an exception
	at at org.apache.catalina.core.ApplicationFilterChain.internalDoFilter(ApplicationFilterChain.java:202)
2026-08-31 11:06:04.594 ERROR [o.a.c.c.C.[.[.[.[dispatcherServlet]] Servlet.service() for servlet [dispatcherServlet] threw exception
java.lang.StackOverflowError
	at at org.apache.catalina.connector.Request.doGetSession(Request.java:2763)
2026-08-31 11:06:04.595 ERROR [c.a.s.s.s.i.LoggingServiceImpl] [API_ERROR] Exception during GET /error/error/error/error/error/error/error/error/error/error/error/error/error/error/error/error/error/error/error/error/error/error/error/500 [correlationId=bda2b860-7f85-464b-afc4-d0b866af6367] [ip=0:0:0:0:0:0:0:1] [context={duration=36, referer=http://localhost:8081/login, endpoint=/error/error/error/error/error/error/error/error/error/error/error/error/error/error/error/error/error/error/error/error/error/error/error/500, method=GET, errorType=REQUEST_EXCEPTION, exceptionClass=ServletException, userAgent=Mozilla/5.0 (Windows NT 10.0; Win64; x64) AppleWebKit/537.36 (KHTML, like Gecko) Chrome/152.0.0.0 Safari/537.36 Edg/152.0.0.0, exceptionMessage=REDACTED, statusCode=200}]
Caused by: java.lang.StackOverflowError
	at at org.apache.catalina.connector.Request.doGetSession(Request.java:2763)
jakarta.servlet.ServletException: Servlet execution threw an exception
	at at org.apache.catalina.core.ApplicationFilterChain.internalDoFilter(ApplicationFilterChain.java:202)
2026-08-31 11:06:04.597 ERROR [o.a.c.c.C.[.[.[.[dispatcherServlet]] Servlet.service() for servlet [dispatcherServlet] threw exception
java.lang.StackOverflowError
	at at org.apache.catalina.connector.Request.doGetSession(Request.java:2763)
2026-08-31 11:06:04.598 ERROR [c.a.s.s.s.i.LoggingServiceImpl] [API_ERROR] Exception during GET /error/error/error/error/error/error/error/error/error/error/error/error/error/error/error/error/error/error/error/error/error/error/500 [correlationId=bda2b860-7f85-464b-afc4-d0b866af6367] [ip=0:0:0:0:0:0:0:1] [context={duration=40, referer=http://localhost:8081/login, endpoint=/error/error/error/error/error/error/error/error/error/error/error/error/error/error/error/error/error/error/error/error/error/error/500, method=GET, errorType=REQUEST_EXCEPTION, exceptionClass=ServletException, userAgent=Mozilla/5.0 (Windows NT 10.0; Win64; x64) AppleWebKit/537.36 (KHTML, like Gecko) Chrome/152.0.0.0 Safari/537.36 Edg/152.0.0.0, exceptionMessage=REDACTED, statusCode=200}]
Caused by: java.lang.StackOverflowError
	at at org.apache.catalina.connector.Request.doGetSession(Request.java:2763)
jakarta.servlet.ServletException: Servlet execution threw an exception
	at at org.apache.catalina.core.ApplicationFilterChain.internalDoFilter(ApplicationFilterChain.java:202)
2026-08-31 11:06:04.601 ERROR [o.a.c.c.C.[.[.[.[dispatcherServlet]] Servlet.service() for servlet [dispatcherServlet] threw exception
java.lang.StackOverflowError
	at at org.apache.catalina.connector.Request.doGetSession(Request.java:2763)
2026-08-31 11:06:04.602 ERROR [c.a.s.s.s.i.LoggingServiceImpl] [API_ERROR] Exception during GET /error/error/error/error/error/error/error/error/error/error/error/error/error/error/error/error/error/error/error/error/error/500 [correlationId=bda2b860-7f85-464b-afc4-d0b866af6367] [ip=0:0:0:0:0:0:0:1] [context={duration=44, referer=http://localhost:8081/login, endpoint=/error/error/error/error/error/error/error/error/error/error/error/error/error/error/error/error/error/error/error/error/error/500, method=GET, errorType=REQUEST_EXCEPTION, exceptionClass=ServletException, userAgent=Mozilla/5.0 (Windows NT 10.0; Win64; x64) AppleWebKit/537.36 (KHTML, like Gecko) Chrome/152.0.0.0 Safari/537.36 Edg/152.0.0.0, exceptionMessage=REDACTED, statusCode=200}]
Caused by: java.lang.StackOverflowError
	at at org.apache.catalina.connector.Request.doGetSession(Request.java:2763)
jakarta.servlet.ServletException: Servlet execution threw an exception
	at at org.apache.catalina.core.ApplicationFilterChain.internalDoFilter(ApplicationFilterChain.java:202)
2026-08-31 11:06:04.605 ERROR [o.a.c.c.C.[.[.[.[dispatcherServlet]] Servlet.service() for servlet [dispatcherServlet] threw exception
java.lang.StackOverflowError
	at at org.apache.catalina.connector.Request.doGetSession(Request.java:2763)
2026-08-31 11:06:04.606 ERROR [c.a.s.s.s.i.LoggingServiceImpl] [API_ERROR] Exception during GET /error/error/error/error/error/error/error/error/error/error/error/error/error/error/error/error/error/error/error/error/500 [correlationId=bda2b860-7f85-464b-afc4-d0b866af6367] [ip=0:0:0:0:0:0:0:1] [context={duration=47, referer=http://localhost:8081/login, endpoint=/error/error/error/error/error/error/error/error/error/error/error/error/error/error/error/error/error/error/error/error/500, method=GET, errorType=REQUEST_EXCEPTION, exceptionClass=ServletException, userAgent=Mozilla/5.0 (Windows NT 10.0; Win64; x64) AppleWebKit/537.36 (KHTML, like Gecko) Chrome/152.0.0.0 Safari/537.36 Edg/152.0.0.0, exceptionMessage=REDACTED, statusCode=200}]
Caused by: java.lang.StackOverflowError
	at at org.apache.catalina.connector.Request.doGetSession(Request.java:2763)
jakarta.servlet.ServletException: Servlet execution threw an exception
	at at org.apache.catalina.core.ApplicationFilterChain.internalDoFilter(ApplicationFilterChain.java:202)
2026-08-31 11:06:04.607 ERROR [o.a.c.c.C.[.[.[.[dispatcherServlet]] Servlet.service() for servlet [dispatcherServlet] threw exception
java.lang.StackOverflowError
	at at org.apache.catalina.connector.Request.doGetSession(Request.java:2763)
2026-08-31 11:06:04.607 ERROR [c.a.s.s.s.i.LoggingServiceImpl] [API_ERROR] Exception during GET /error/error/error/error/error/error/error/error/error/error/error/error/error/error/error/error/error/error/error/500 [correlationId=bda2b860-7f85-464b-afc4-d0b866af6367] [ip=0:0:0:0:0:0:0:1] [context={duration=49, referer=http://localhost:8081/login, endpoint=/error/error/error/error/error/error/error/error/error/error/error/error/error/error/error/error/error/error/error/500, method=GET, errorType=REQUEST_EXCEPTION, exceptionClass=ServletException, userAgent=Mozilla/5.0 (Windows NT 10.0; Win64; x64) AppleWebKit/537.36 (KHTML, like Gecko) Chrome/152.0.0.0 Safari/537.36 Edg/152.0.0.0, exceptionMessage=REDACTED, statusCode=200}]
Caused by: java.lang.StackOverflowError
	at at org.apache.catalina.connector.Request.doGetSession(Request.java:2763)
jakarta.servlet.ServletException: Servlet execution threw an exception
	at at org.apache.catalina.core.ApplicationFilterChain.internalDoFilter(ApplicationFilterChain.java:202)
2026-08-31 11:06:04.609 ERROR [o.a.c.c.C.[.[.[.[dispatcherServlet]] Servlet.service() for servlet [dispatcherServlet] threw exception
java.lang.StackOverflowError
	at at org.apache.catalina.connector.Request.doGetSession(Request.java:2763)
2026-08-31 11:06:04.609 ERROR [c.a.s.s.s.i.LoggingServiceImpl] [API_ERROR] Exception during GET /error/error/error/error/error/error/error/error/error/error/error/error/error/error/error/error/error/error/500 [correlationId=bda2b860-7f85-464b-afc4-d0b866af6367] [ip=0:0:0:0:0:0:0:1] [context={duration=51, referer=http://localhost:8081/login, endpoint=/error/error/error/error/error/error/error/error/error/error/error/error/error/error/error/error/error/error/500, method=GET, errorType=REQUEST_EXCEPTION, exceptionClass=ServletException, userAgent=Mozilla/5.0 (Windows NT 10.0; Win64; x64) AppleWebKit/537.36 (KHTML, like Gecko) Chrome/152.0.0.0 Safari/537.36 Edg/152.0.0.0, exceptionMessage=REDACTED, statusCode=200}]
Caused by: java.lang.StackOverflowError
	at at org.apache.catalina.connector.Request.doGetSession(Request.java:2763)
jakarta.servlet.ServletException: Servlet execution threw an exception
	at at org.apache.catalina.core.ApplicationFilterChain.internalDoFilter(ApplicationFilterChain.java:202)
2026-08-31 11:06:04.610 ERROR [o.a.c.c.C.[.[.[.[dispatcherServlet]] Servlet.service() for servlet [dispatcherServlet] threw exception
java.lang.StackOverflowError
	at at org.apache.catalina.connector.Request.doGetSession(Request.java:2763)
2026-08-31 11:06:04.610 ERROR [c.a.s.s.s.i.LoggingServiceImpl] [API_ERROR] Exception during GET /error/error/error/error/error/error/error/error/error/error/error/error/error/error/error/error/error/500 [correlationId=bda2b860-7f85-464b-afc4-d0b866af6367] [ip=0:0:0:0:0:0:0:1] [context={duration=52, referer=http://localhost:8081/login, endpoint=/error/error/error/error/error/error/error/error/error/error/error/error/error/error/error/error/error/500, method=GET, errorType=REQUEST_EXCEPTION, exceptionClass=ServletException, userAgent=Mozilla/5.0 (Windows NT 10.0; Win64; x64) AppleWebKit/537.36 (KHTML, like Gecko) Chrome/152.0.0.0 Safari/537.36 Edg/152.0.0.0, exceptionMessage=REDACTED, statusCode=200}]
Caused by: java.lang.StackOverflowError
	at at org.apache.catalina.connector.Request.doGetSession(Request.java:2763)
jakarta.servlet.ServletException: Servlet execution threw an exception
	at at org.apache.catalina.core.ApplicationFilterChain.internalDoFilter(ApplicationFilterChain.java:202)
2026-08-31 11:06:04.612 ERROR [o.a.c.c.C.[.[.[.[dispatcherServlet]] Servlet.service() for servlet [dispatcherServlet] threw exception
java.lang.StackOverflowError
	at at org.apache.catalina.connector.Request.doGetSession(Request.java:2763)
2026-08-31 11:06:04.612 ERROR [c.a.s.s.s.i.LoggingServiceImpl] [API_ERROR] Exception during GET /error/error/error/error/error/error/error/error/error/error/error/error/error/error/error/error/500 [correlationId=bda2b860-7f85-464b-afc4-d0b866af6367] [ip=0:0:0:0:0:0:0:1] [context={duration=54, referer=http://localhost:8081/login, endpoint=/error/error/error/error/error/error/error/error/error/error/error/error/error/error/error/error/500, method=GET, errorType=REQUEST_EXCEPTION, exceptionClass=ServletException, userAgent=Mozilla/5.0 (Windows NT 10.0; Win64; x64) AppleWebKit/537.36 (KHTML, like Gecko) Chrome/152.0.0.0 Safari/537.36 Edg/152.0.0.0, exceptionMessage=REDACTED, statusCode=200}]
Caused by: java.lang.StackOverflowError
	at at org.apache.catalina.connector.Request.doGetSession(Request.java:2763)
jakarta.servlet.ServletException: Servlet execution threw an exception
	at at org.apache.catalina.core.ApplicationFilterChain.internalDoFilter(ApplicationFilterChain.java:202)
2026-08-31 11:06:04.615 ERROR [o.a.c.c.C.[.[.[.[dispatcherServlet]] Servlet.service() for servlet [dispatcherServlet] threw exception
java.lang.StackOverflowError
	at at org.apache.catalina.connector.Request.doGetSession(Request.java:2763)
2026-08-31 11:06:04.615 ERROR [c.a.s.s.s.i.LoggingServiceImpl] [API_ERROR] Exception during GET /error/error/error/error/error/error/error/error/error/error/error/error/error/error/error/500 [correlationId=bda2b860-7f85-464b-afc4-d0b866af6367] [ip=0:0:0:0:0:0:0:1] [context={duration=57, referer=http://localhost:8081/login, endpoint=/error/error/error/error/error/error/error/error/error/error/error/error/error/error/error/500, method=GET, errorType=REQUEST_EXCEPTION, exceptionClass=ServletException, userAgent=Mozilla/5.0 (Windows NT 10.0; Win64; x64) AppleWebKit/537.36 (KHTML, like Gecko) Chrome/152.0.0.0 Safari/537.36 Edg/152.0.0.0, exceptionMessage=REDACTED, statusCode=200}]
Caused by: java.lang.StackOverflowError
	at at org.apache.catalina.connector.Request.doGetSession(Request.java:2763)
jakarta.servlet.ServletException: Servlet execution threw an exception
	at at org.apache.catalina.core.ApplicationFilterChain.internalDoFilter(ApplicationFilterChain.java:202)
2026-08-31 11:06:04.616 ERROR [o.a.c.c.C.[.[.[.[dispatcherServlet]] Servlet.service() for servlet [dispatcherServlet] threw exception
java.lang.StackOverflowError
	at at org.apache.catalina.connector.Request.doGetSession(Request.java:2763)
2026-08-31 11:06:04.616 ERROR [c.a.s.s.s.i.LoggingServiceImpl] [API_ERROR] Exception during GET /error/error/error/error/error/error/error/error/error/error/error/error/error/error/500 [correlationId=bda2b860-7f85-464b-afc4-d0b866af6367] [ip=0:0:0:0:0:0:0:1] [context={duration=58, referer=http://localhost:8081/login, endpoint=/error/error/error/error/error/error/error/error/error/error/error/error/error/error/500, method=GET, errorType=REQUEST_EXCEPTION, exceptionClass=ServletException, userAgent=Mozilla/5.0 (Windows NT 10.0; Win64; x64) AppleWebKit/537.36 (KHTML, like Gecko) Chrome/152.0.0.0 Safari/537.36 Edg/152.0.0.0, exceptionMessage=REDACTED, statusCode=200}]
Caused by: java.lang.StackOverflowError
	at at org.apache.catalina.connector.Request.doGetSession(Request.java:2763)
jakarta.servlet.ServletException: Servlet execution threw an exception
	at at org.apache.catalina.core.ApplicationFilterChain.internalDoFilter(ApplicationFilterChain.java:202)
2026-08-31 11:06:04.619 ERROR [o.a.c.c.C.[.[.[.[dispatcherServlet]] Servlet.service() for servlet [dispatcherServlet] threw exception
java.lang.StackOverflowError
	at at org.apache.catalina.connector.Request.doGetSession(Request.java:2763)
2026-08-31 11:06:04.619 ERROR [c.a.s.s.s.i.LoggingServiceImpl] [API_ERROR] Exception during GET /error/error/error/error/error/error/error/error/error/error/error/error/error/500 [correlationId=bda2b860-7f85-464b-afc4-d0b866af6367] [ip=0:0:0:0:0:0:0:1] [context={duration=61, referer=http://localhost:8081/login, endpoint=/error/error/error/error/error/error/error/error/error/error/error/error/error/500, method=GET, errorType=REQUEST_EXCEPTION, exceptionClass=ServletException, userAgent=Mozilla/5.0 (Windows NT 10.0; Win64; x64) AppleWebKit/537.36 (KHTML, like Gecko) Chrome/152.0.0.0 Safari/537.36 Edg/152.0.0.0, exceptionMessage=REDACTED, statusCode=200}]
Caused by: java.lang.StackOverflowError
	at at org.apache.catalina.connector.Request.doGetSession(Request.java:2763)
jakarta.servlet.ServletException: Servlet execution threw an exception
	at at org.apache.catalina.core.ApplicationFilterChain.internalDoFilter(ApplicationFilterChain.java:202)
2026-08-31 11:06:04.621 ERROR [o.a.c.c.C.[.[.[.[dispatcherServlet]] Servlet.service() for servlet [dispatcherServlet] threw exception
java.lang.StackOverflowError
	at at org.apache.catalina.connector.Request.doGetSession(Request.java:2763)
2026-08-31 11:06:04.621 ERROR [c.a.s.s.s.i.LoggingServiceImpl] [API_ERROR] Exception during GET /error/error/error/error/error/error/error/error/error/error/error/error/500 [correlationId=bda2b860-7f85-464b-afc4-d0b866af6367] [ip=0:0:0:0:0:0:0:1] [context={duration=63, referer=http://localhost:8081/login, endpoint=/error/error/error/error/error/error/error/error/error/error/error/error/500, method=GET, errorType=REQUEST_EXCEPTION, exceptionClass=ServletException, userAgent=Mozilla/5.0 (Windows NT 10.0; Win64; x64) AppleWebKit/537.36 (KHTML, like Gecko) Chrome/152.0.0.0 Safari/537.36 Edg/152.0.0.0, exceptionMessage=REDACTED, statusCode=200}]
Caused by: java.lang.StackOverflowError
	at at org.apache.catalina.connector.Request.doGetSession(Request.java:2763)
jakarta.servlet.ServletException: Servlet execution threw an exception
	at at org.apache.catalina.core.ApplicationFilterChain.internalDoFilter(ApplicationFilterChain.java:202)
2026-08-31 11:06:04.623 ERROR [o.a.c.c.C.[.[.[.[dispatcherServlet]] Servlet.service() for servlet [dispatcherServlet] threw exception
java.lang.StackOverflowError
	at at org.apache.catalina.connector.Request.doGetSession(Request.java:2763)
2026-08-31 11:06:04.624 ERROR [c.a.s.s.s.i.LoggingServiceImpl] [API_ERROR] Exception during GET /error/error/error/error/error/error/error/error/error/error/error/500 [correlationId=bda2b860-7f85-464b-afc4-d0b866af6367] [ip=0:0:0:0:0:0:0:1] [context={duration=65, referer=http://localhost:8081/login, endpoint=/error/error/error/error/error/error/error/error/error/error/error/500, method=GET, errorType=REQUEST_EXCEPTION, exceptionClass=ServletException, userAgent=Mozilla/5.0 (Windows NT 10.0; Win64; x64) AppleWebKit/537.36 (KHTML, like Gecko) Chrome/152.0.0.0 Safari/537.36 Edg/152.0.0.0, exceptionMessage=REDACTED, statusCode=200}]
Caused by: java.lang.StackOverflowError
	at at org.apache.catalina.connector.Request.doGetSession(Request.java:2763)
jakarta.servlet.ServletException: Servlet execution threw an exception
	at at org.apache.catalina.core.ApplicationFilterChain.internalDoFilter(ApplicationFilterChain.java:202)
2026-08-31 11:06:04.625 ERROR [o.a.c.c.C.[.[.[.[dispatcherServlet]] Servlet.service() for servlet [dispatcherServlet] threw exception
java.lang.StackOverflowError
	at at org.apache.catalina.connector.Request.doGetSession(Request.java:2763)
2026-08-31 11:06:04.626 ERROR [c.a.s.s.s.i.LoggingServiceImpl] [API_ERROR] Exception during GET /error/error/error/error/error/error/error/error/error/error/500 [correlationId=bda2b860-7f85-464b-afc4-d0b866af6367] [ip=0:0:0:0:0:0:0:1] [context={duration=67, referer=http://localhost:8081/login, endpoint=/error/error/error/error/error/error/error/error/error/error/500, method=GET, errorType=REQUEST_EXCEPTION, exceptionClass=ServletException, userAgent=Mozilla/5.0 (Windows NT 10.0; Win64; x64) AppleWebKit/537.36 (KHTML, like Gecko) Chrome/152.0.0.0 Safari/537.36 Edg/152.0.0.0, exceptionMessage=REDACTED, statusCode=200}]
Caused by: java.lang.StackOverflowError
	at at org.apache.catalina.connector.Request.doGetSession(Request.java:2763)
jakarta.servlet.ServletException: Servlet execution threw an exception
	at at org.apache.catalina.core.ApplicationFilterChain.internalDoFilter(ApplicationFilterChain.java:202)
2026-08-31 11:06:04.628 ERROR [o.a.c.c.C.[.[.[.[dispatcherServlet]] Servlet.service() for servlet [dispatcherServlet] threw exception
java.lang.StackOverflowError
	at at org.apache.catalina.connector.Request.doGetSession(Request.java:2763)
2026-08-31 11:06:04.628 ERROR [c.a.s.s.s.i.LoggingServiceImpl] [API_ERROR] Exception during GET /error/error/error/error/error/error/error/error/error/500 [correlationId=bda2b860-7f85-464b-afc4-d0b866af6367] [ip=0:0:0:0:0:0:0:1] [context={duration=70, referer=http://localhost:8081/login, endpoint=/error/error/error/error/error/error/error/error/error/500, method=GET, errorType=REQUEST_EXCEPTION, exceptionClass=ServletException, userAgent=Mozilla/5.0 (Windows NT 10.0; Win64; x64) AppleWebKit/537.36 (KHTML, like Gecko) Chrome/152.0.0.0 Safari/537.36 Edg/152.0.0.0, exceptionMessage=REDACTED, statusCode=200}]
Caused by: java.lang.StackOverflowError
	at at org.apache.catalina.connector.Request.doGetSession(Request.java:2763)
jakarta.servlet.ServletException: Servlet execution threw an exception
	at at org.apache.catalina.core.ApplicationFilterChain.internalDoFilter(ApplicationFilterChain.java:202)
2026-08-31 11:06:04.629 ERROR [o.a.c.c.C.[.[.[.[dispatcherServlet]] Servlet.service() for servlet [dispatcherServlet] threw exception
java.lang.StackOverflowError
	at at org.apache.catalina.connector.Request.doGetSession(Request.java:2763)
2026-08-31 11:06:04.630 ERROR [c.a.s.s.s.i.LoggingServiceImpl] [API_ERROR] Exception during GET /error/error/error/error/error/error/error/error/500 [correlationId=bda2b860-7f85-464b-afc4-d0b866af6367] [ip=0:0:0:0:0:0:0:1] [context={duration=72, referer=http://localhost:8081/login, endpoint=/error/error/error/error/error/error/error/error/500, method=GET, errorType=REQUEST_EXCEPTION, exceptionClass=ServletException, userAgent=Mozilla/5.0 (Windows NT 10.0; Win64; x64) AppleWebKit/537.36 (KHTML, like Gecko) Chrome/152.0.0.0 Safari/537.36 Edg/152.0.0.0, exceptionMessage=REDACTED, statusCode=200}]
Caused by: java.lang.StackOverflowError
	at at org.apache.catalina.connector.Request.doGetSession(Request.java:2763)
jakarta.servlet.ServletException: Servlet execution threw an exception
	at at org.apache.catalina.core.ApplicationFilterChain.internalDoFilter(ApplicationFilterChain.java:202)
2026-08-31 11:06:04.633 ERROR [o.a.c.c.C.[.[.[.[dispatcherServlet]] Servlet.service() for servlet [dispatcherServlet] threw exception
java.lang.StackOverflowError
	at at org.apache.catalina.connector.Request.doGetSession(Request.java:2763)
2026-08-31 11:06:04.633 ERROR [c.a.s.s.s.i.LoggingServiceImpl] [API_ERROR] Exception during GET /error/error/error/error/error/error/error/500 [correlationId=bda2b860-7f85-464b-afc4-d0b866af6367] [ip=0:0:0:0:0:0:0:1] [context={duration=75, referer=http://localhost:8081/login, endpoint=/error/error/error/error/error/error/error/500, method=GET, errorType=REQUEST_EXCEPTION, exceptionClass=ServletException, userAgent=Mozilla/5.0 (Windows NT 10.0; Win64; x64) AppleWebKit/537.36 (KHTML, like Gecko) Chrome/152.0.0.0 Safari/537.36 Edg/152.0.0.0, exceptionMessage=REDACTED, statusCode=200}]
Caused by: java.lang.StackOverflowError
	at at org.apache.catalina.connector.Request.doGetSession(Request.java:2763)
jakarta.servlet.ServletException: Servlet execution threw an exception
	at at org.apache.catalina.core.ApplicationFilterChain.internalDoFilter(ApplicationFilterChain.java:202)
2026-08-31 11:06:04.635 ERROR [o.a.c.c.C.[.[.[.[dispatcherServlet]] Servlet.service() for servlet [dispatcherServlet] threw exception
java.lang.StackOverflowError
	at at org.apache.catalina.connector.Request.doGetSession(Request.java:2763)
2026-08-31 11:06:04.635 ERROR [c.a.s.s.s.i.LoggingServiceImpl] [API_ERROR] Exception during GET /error/error/error/error/error/error/500 [correlationId=bda2b860-7f85-464b-afc4-d0b866af6367] [ip=0:0:0:0:0:0:0:1] [context={duration=77, referer=http://localhost:8081/login, endpoint=/error/error/error/error/error/error/500, method=GET, errorType=REQUEST_EXCEPTION, exceptionClass=ServletException, userAgent=Mozilla/5.0 (Windows NT 10.0; Win64; x64) AppleWebKit/537.36 (KHTML, like Gecko) Chrome/152.0.0.0 Safari/537.36 Edg/152.0.0.0, exceptionMessage=REDACTED, statusCode=200}]
Caused by: java.lang.StackOverflowError
	at at org.apache.catalina.connector.Request.doGetSession(Request.java:2763)
jakarta.servlet.ServletException: Servlet execution threw an exception
	at at org.apache.catalina.core.ApplicationFilterChain.internalDoFilter(ApplicationFilterChain.java:202)
2026-08-31 11:06:04.636 ERROR [o.a.c.c.C.[.[.[.[dispatcherServlet]] Servlet.service() for servlet [dispatcherServlet] threw exception
java.lang.StackOverflowError
	at at org.apache.catalina.connector.Request.doGetSession(Request.java:2763)
2026-08-31 11:06:04.636 ERROR [c.a.s.s.s.i.LoggingServiceImpl] [API_ERROR] Exception during GET /error/error/error/error/error/500 [correlationId=bda2b860-7f85-464b-afc4-d0b866af6367] [ip=0:0:0:0:0:0:0:1] [context={duration=78, referer=http://localhost:8081/login, endpoint=/error/error/error/error/error/500, method=GET, errorType=REQUEST_EXCEPTION, exceptionClass=ServletException, userAgent=Mozilla/5.0 (Windows NT 10.0; Win64; x64) AppleWebKit/537.36 (KHTML, like Gecko) Chrome/152.0.0.0 Safari/537.36 Edg/152.0.0.0, exceptionMessage=REDACTED, statusCode=200}]
Caused by: java.lang.StackOverflowError
	at at org.apache.catalina.connector.Request.doGetSession(Request.java:2763)
jakarta.servlet.ServletException: Servlet execution threw an exception
	at at org.apache.catalina.core.ApplicationFilterChain.internalDoFilter(ApplicationFilterChain.java:202)
2026-08-31 11:06:04.637 ERROR [o.a.c.c.C.[.[.[.[dispatcherServlet]] Servlet.service() for servlet [dispatcherServlet] threw exception
java.lang.StackOverflowError
	at at org.apache.catalina.connector.Request.doGetSession(Request.java:2763)
2026-08-31 11:06:04.637 ERROR [c.a.s.s.s.i.LoggingServiceImpl] [API_ERROR] Exception during GET /error/error/error/error/500 [correlationId=bda2b860-7f85-464b-afc4-d0b866af6367] [ip=0:0:0:0:0:0:0:1] [context={duration=79, referer=http://localhost:8081/login, endpoint=/error/error/error/error/500, method=GET, errorType=REQUEST_EXCEPTION, exceptionClass=ServletException, userAgent=Mozilla/5.0 (Windows NT 10.0; Win64; x64) AppleWebKit/537.36 (KHTML, like Gecko) Chrome/152.0.0.0 Safari/537.36 Edg/152.0.0.0, exceptionMessage=REDACTED, statusCode=200}]
Caused by: java.lang.StackOverflowError
	at at org.apache.catalina.connector.Request.doGetSession(Request.java:2763)
jakarta.servlet.ServletException: Servlet execution threw an exception
	at at org.apache.catalina.core.ApplicationFilterChain.internalDoFilter(ApplicationFilterChain.java:202)
2026-08-31 11:06:04.639 ERROR [o.a.c.c.C.[.[.[.[dispatcherServlet]] Servlet.service() for servlet [dispatcherServlet] threw exception
java.lang.StackOverflowError
	at at org.apache.catalina.connector.Request.doGetSession(Request.java:2763)
2026-08-31 11:06:04.639 ERROR [c.a.s.s.s.i.LoggingServiceImpl] [API_ERROR] Exception during GET /error/error/error/500 [correlationId=bda2b860-7f85-464b-afc4-d0b866af6367] [ip=0:0:0:0:0:0:0:1] [context={duration=81, referer=http://localhost:8081/login, endpoint=/error/error/error/500, method=GET, errorType=REQUEST_EXCEPTION, exceptionClass=ServletException, userAgent=Mozilla/5.0 (Windows NT 10.0; Win64; x64) AppleWebKit/537.36 (KHTML, like Gecko) Chrome/152.0.0.0 Safari/537.36 Edg/152.0.0.0, exceptionMessage=REDACTED, statusCode=200}]
Caused by: java.lang.StackOverflowError
	at at org.apache.catalina.connector.Request.doGetSession(Request.java:2763)
jakarta.servlet.ServletException: Servlet execution threw an exception
	at at org.apache.catalina.core.ApplicationFilterChain.internalDoFilter(ApplicationFilterChain.java:202)
2026-08-31 11:06:04.640 ERROR [o.a.c.c.C.[.[.[.[dispatcherServlet]] Servlet.service() for servlet [dispatcherServlet] threw exception
java.lang.StackOverflowError
	at at org.apache.catalina.connector.Request.doGetSession(Request.java:2763)
2026-08-31 11:06:04.640 ERROR [c.a.s.s.s.i.LoggingServiceImpl] [API_ERROR] Exception during GET /error/error/500 [correlationId=bda2b860-7f85-464b-afc4-d0b866af6367] [ip=0:0:0:0:0:0:0:1] [context={duration=82, referer=http://localhost:8081/login, endpoint=/error/error/500, method=GET, errorType=REQUEST_EXCEPTION, exceptionClass=ServletException, userAgent=Mozilla/5.0 (Windows NT 10.0; Win64; x64) AppleWebKit/537.36 (KHTML, like Gecko) Chrome/152.0.0.0 Safari/537.36 Edg/152.0.0.0, exceptionMessage=REDACTED, statusCode=200}]
Caused by: java.lang.StackOverflowError
	at at org.apache.catalina.connector.Request.doGetSession(Request.java:2763)
jakarta.servlet.ServletException: Servlet execution threw an exception
	at at org.apache.catalina.core.ApplicationFilterChain.internalDoFilter(ApplicationFilterChain.java:202)
2026-08-31 11:06:04.640 ERROR [o.a.c.c.C.[.[.[.[dispatcherServlet]] Servlet.service() for servlet [dispatcherServlet] threw exception
java.lang.StackOverflowError
	at at org.apache.catalina.connector.Request.doGetSession(Request.java:2763)
2026-08-31 11:06:04.641 ERROR [c.a.s.s.s.i.LoggingServiceImpl] [API_ERROR] Exception during GET /error/500 [correlationId=bda2b860-7f85-464b-afc4-d0b866af6367] [ip=0:0:0:0:0:0:0:1] [context={duration=82, referer=http://localhost:8081/login, endpoint=/error/500, method=GET, errorType=REQUEST_EXCEPTION, exceptionClass=ServletException, userAgent=Mozilla/5.0 (Windows NT 10.0; Win64; x64) AppleWebKit/537.36 (KHTML, like Gecko) Chrome/152.0.0.0 Safari/537.36 Edg/152.0.0.0, exceptionMessage=REDACTED, statusCode=200}]
Caused by: java.lang.StackOverflowError
	at at org.apache.catalina.connector.Request.doGetSession(Request.java:2763)
jakarta.servlet.ServletException: Servlet execution threw an exception
	at at org.apache.catalina.core.ApplicationFilterChain.internalDoFilter(ApplicationFilterChain.java:202)
2026-08-31 11:06:04.643 ERROR [o.a.c.c.C.[.[.[.[dispatcherServlet]] Servlet.service() for servlet [dispatcherServlet] threw exception
java.lang.StackOverflowError
	at at org.apache.catalina.connector.Request.doGetSession(Request.java:2763)
2026-08-31 11:06:04.645 ERROR [o.a.c.c.C.[.[.[.[dispatcherServlet]] Servlet.service() for servlet [dispatcherServlet] in context with path [] threw exception [Servlet execution threw an exception] with root cause
java.lang.StackOverflowError
	at at org.apache.catalina.connector.Request.doGetSession(Request.java:2763)
2026-08-31 11:06:04.738 INFO  [c.a.s.s.s.i.LoggingServiceImpl] [API_ERROR] API GET /error returned 500 in 91ms [correlationId=3d1a0f62-36e2-417f-87da-1e01cb317e7d] [ip=0:0:0:0:0:0:0:1] [context={duration=91, referer=http://localhost:8081/login, endpoint=/error, method=GET, responseTime=91, userAgent=Mozilla/5.0 (Windows NT 10.0; Win64; x64) AppleWebKit/537.36 (KHTML, like Gecko) Chrome/152.0.0.0 Safari/537.36 Edg/152.0.0.0, statusCode=500}]
2026-08-31 11:06:04.738 ERROR [c.a.s.s.s.i.LoggingServiceImpl] [API_ERROR] HTTP 500 error for GET /error [correlationId=3d1a0f62-36e2-417f-87da-1e01cb317e7d] [ip=0:0:0:0:0:0:0:1] [context={duration=91, referer=http://localhost:8081/login, endpoint=/error, method=GET, userAgent=Mozilla/5.0 (Windows NT 10.0; Win64; x64) AppleWebKit/537.36 (KHTML, like Gecko) Chrome/152.0.0.0 Safari/537.36 Edg/152.0.0.0, statusCode=500}]
2026-08-31 11:06:37.600 ERROR [c.a.c.GlobalApiExceptionHandler] Unhandled exception for uri=/login
java.io.FileNotFoundException: class path resource [static/ng-app/index.html] cannot be resolved to URL because it does not exist
	at at org.springframework.core.io.ClassPathResource.getURL(ClassPathResource.java:230)
2026-08-31 11:06:37.600 WARN  [o.s.w.s.m.m.a.ExceptionHandlerExceptionResolver] Resolved [java.io.FileNotFoundException: class path resource [static/ng-app/index.html] cannot be resolved to URL because it does not exist]
2026-08-31 11:06:37.605 ERROR [c.a.c.GlobalApiExceptionHandler] Unhandled exception for uri=/error/500
java.io.FileNotFoundException: class path resource [static/ng-app/index.html] cannot be resolved to URL because it does not exist
	at at org.springframework.core.io.ClassPathResource.getURL(ClassPathResource.java:230)
2026-08-31 11:06:37.605 WARN  [o.s.w.s.m.m.a.ExceptionHandlerExceptionResolver] Resolved [java.io.FileNotFoundException: class path resource [static/ng-app/index.html] cannot be resolved to URL because it does not exist]
2026-08-31 11:06:37.608 ERROR [c.a.c.GlobalApiExceptionHandler] Unhandled exception for uri=/error/error/500
java.io.FileNotFoundException: class path resource [static/ng-app/index.html] cannot be resolved to URL because it does not exist
	at at org.springframework.core.io.ClassPathResource.getURL(ClassPathResource.java:230)
2026-08-31 11:06:37.608 WARN  [o.s.w.s.m.m.a.ExceptionHandlerExceptionResolver] Resolved [java.io.FileNotFoundException: class path resource [static/ng-app/index.html] cannot be resolved to URL because it does not exist]
2026-08-31 11:06:37.610 ERROR [c.a.c.GlobalApiExceptionHandler] Unhandled exception for uri=/error/error/error/500
java.io.FileNotFoundException: class path resource [static/ng-app/index.html] cannot be resolved to URL because it does not exist
	at at org.springframework.core.io.ClassPathResource.getURL(ClassPathResource.java:230)
2026-08-31 11:06:37.612 WARN  [o.s.w.s.m.m.a.ExceptionHandlerExceptionResolver] Resolved [java.io.FileNotFoundException: class path resource [static/ng-app/index.html] cannot be resolved to URL because it does not exist]
2026-08-31 11:06:37.615 ERROR [c.a.c.GlobalApiExceptionHandler] Unhandled exception for uri=/error/error/error/error/500
java.io.FileNotFoundException: class path resource [static/ng-app/index.html] cannot be resolved to URL because it does not exist
	at at org.springframework.core.io.ClassPathResource.getURL(ClassPathResource.java:230)
2026-08-31 11:06:37.615 WARN  [o.s.w.s.m.m.a.ExceptionHandlerExceptionResolver] Resolved [java.io.FileNotFoundException: class path resource [static/ng-app/index.html] cannot be resolved to URL because it does not exist]
2026-08-31 11:06:37.619 ERROR [c.a.c.GlobalApiExceptionHandler] Unhandled exception for uri=/error/error/error/error/error/500
java.io.FileNotFoundException: class path resource [static/ng-app/index.html] cannot be resolved to URL because it does not exist
	at at org.springframework.core.io.ClassPathResource.getURL(ClassPathResource.java:230)
2026-08-31 11:06:37.620 WARN  [o.s.w.s.m.m.a.ExceptionHandlerExceptionResolver] Resolved [java.io.FileNotFoundException: class path resource [static/ng-app/index.html] cannot be resolved to URL because it does not exist]
2026-08-31 11:06:37.628 ERROR [c.a.c.GlobalApiExceptionHandler] Unhandled exception for uri=/error/error/error/error/error/error/500
java.io.FileNotFoundException: class path resource [static/ng-app/index.html] cannot be resolved to URL because it does not exist
	at at org.springframework.core.io.ClassPathResource.getURL(ClassPathResource.java:230)
2026-08-31 11:06:37.630 WARN  [o.s.w.s.m.m.a.ExceptionHandlerExceptionResolver] Resolved [java.io.FileNotFoundException: class path resource [static/ng-app/index.html] cannot be resolved to URL because it does not exist]
2026-08-31 11:06:37.636 ERROR [c.a.c.GlobalApiExceptionHandler] Unhandled exception for uri=/error/error/error/error/error/error/error/500
java.io.FileNotFoundException: class path resource [static/ng-app/index.html] cannot be resolved to URL because it does not exist
	at at org.springframework.core.io.ClassPathResource.getURL(ClassPathResource.java:230)
2026-08-31 11:06:37.637 WARN  [o.s.w.s.m.m.a.ExceptionHandlerExceptionResolver] Resolved [java.io.FileNotFoundException: class path resource [static/ng-app/index.html] cannot be resolved to URL because it does not exist]
2026-08-31 11:06:37.643 ERROR [c.a.c.GlobalApiExceptionHandler] Unhandled exception for uri=/error/error/error/error/error/error/error/error/500
java.io.FileNotFoundException: class path resource [static/ng-app/index.html] cannot be resolved to URL because it does not exist
	at at org.springframework.core.io.ClassPathResource.getURL(ClassPathResource.java:230)
2026-08-31 11:06:37.644 WARN  [o.s.w.s.m.m.a.ExceptionHandlerExceptionResolver] Resolved [java.io.FileNotFoundException: class path resource [static/ng-app/index.html] cannot be resolved to URL because it does not exist]
2026-08-31 11:06:37.654 ERROR [c.a.c.GlobalApiExceptionHandler] Unhandled exception for uri=/error/error/error/error/error/error/error/error/error/500
java.io.FileNotFoundException: class path resource [static/ng-app/index.html] cannot be resolved to URL because it does not exist
	at at org.springframework.core.io.ClassPathResource.getURL(ClassPathResource.java:230)
2026-08-31 11:06:37.656 WARN  [o.s.w.s.m.m.a.ExceptionHandlerExceptionResolver] Resolved [java.io.FileNotFoundException: class path resource [static/ng-app/index.html] cannot be resolved to URL because it does not exist]
2026-08-31 11:06:37.668 ERROR [c.a.c.GlobalApiExceptionHandler] Unhandled exception for uri=/error/error/error/error/error/error/error/error/error/error/500
java.io.FileNotFoundException: class path resource [static/ng-app/index.html] cannot be resolved to URL because it does not exist
	at at org.springframework.core.io.ClassPathResource.getURL(ClassPathResource.java:230)
2026-08-31 11:06:37.670 WARN  [o.s.w.s.m.m.a.ExceptionHandlerExceptionResolver] Resolved [java.io.FileNotFoundException: class path resource [static/ng-app/index.html] cannot be resolved to URL because it does not exist]
2026-08-31 11:06:37.678 ERROR [c.a.c.GlobalApiExceptionHandler] Unhandled exception for uri=/error/error/error/error/error/error/error/error/error/error/error/500
java.io.FileNotFoundException: class path resource [static/ng-app/index.html] cannot be resolved to URL because it does not exist
	at at org.springframework.core.io.ClassPathResource.getURL(ClassPathResource.java:230)
2026-08-31 11:06:37.679 WARN  [o.s.w.s.m.m.a.ExceptionHandlerExceptionResolver] Resolved [java.io.FileNotFoundException: class path resource [static/ng-app/index.html] cannot be resolved to URL because it does not exist]
2026-08-31 11:06:37.686 ERROR [c.a.c.GlobalApiExceptionHandler] Unhandled exception for uri=/error/error/error/error/error/error/error/error/error/error/error/error/500
java.io.FileNotFoundException: class path resource [static/ng-app/index.html] cannot be resolved to URL because it does not exist
	at at org.springframework.core.io.ClassPathResource.getURL(ClassPathResource.java:230)
2026-08-31 11:06:37.688 WARN  [o.s.w.s.m.m.a.ExceptionHandlerExceptionResolver] Resolved [java.io.FileNotFoundException: class path resource [static/ng-app/index.html] cannot be resolved to URL because it does not exist]
2026-08-31 11:06:37.697 ERROR [c.a.c.GlobalApiExceptionHandler] Unhandled exception for uri=/error/error/error/error/error/error/error/error/error/error/error/error/error/500
java.io.FileNotFoundException: class path resource [static/ng-app/index.html] cannot be resolved to URL because it does not exist
	at at org.springframework.core.io.ClassPathResource.getURL(ClassPathResource.java:230)
2026-08-31 11:06:37.698 WARN  [o.s.w.s.m.m.a.ExceptionHandlerExceptionResolver] Resolved [java.io.FileNotFoundException: class path resource [static/ng-app/index.html] cannot be resolved to URL because it does not exist]
2026-08-31 11:06:37.704 ERROR [c.a.c.GlobalApiExceptionHandler] Unhandled exception for uri=/error/error/error/error/error/error/error/error/error/error/error/error/error/error/500
java.io.FileNotFoundException: class path resource [static/ng-app/index.html] cannot be resolved to URL because it does not exist
	at at org.springframework.core.io.ClassPathResource.getURL(ClassPathResource.java:230)
2026-08-31 11:06:37.705 WARN  [o.s.w.s.m.m.a.ExceptionHandlerExceptionResolver] Resolved [java.io.FileNotFoundException: class path resource [static/ng-app/index.html] cannot be resolved to URL because it does not exist]
2026-08-31 11:06:37.714 ERROR [c.a.c.GlobalApiExceptionHandler] Unhandled exception for uri=/error/error/error/error/error/error/error/error/error/error/error/error/error/error/error/500
java.io.FileNotFoundException: class path resource [static/ng-app/index.html] cannot be resolved to URL because it does not exist
	at at org.springframework.core.io.ClassPathResource.getURL(ClassPathResource.java:230)
2026-08-31 11:06:37.715 WARN  [o.s.w.s.m.m.a.ExceptionHandlerExceptionResolver] Resolved [java.io.FileNotFoundException: class path resource [static/ng-app/index.html] cannot be resolved to URL because it does not exist]
2026-08-31 11:06:37.720 ERROR [c.a.c.GlobalApiExceptionHandler] Unhandled exception for uri=/error/error/error/error/error/error/error/error/error/error/error/error/error/error/error/error/500
java.io.FileNotFoundException: class path resource [static/ng-app/index.html] cannot be resolved to URL because it does not exist
	at at org.springframework.core.io.ClassPathResource.getURL(ClassPathResource.java:230)
2026-08-31 11:06:37.720 WARN  [o.s.w.s.m.m.a.ExceptionHandlerExceptionResolver] Resolved [java.io.FileNotFoundException: class path resource [static/ng-app/index.html] cannot be resolved to URL because it does not exist]
2026-08-31 11:06:37.728 ERROR [c.a.c.GlobalApiExceptionHandler] Unhandled exception for uri=/error/error/error/error/error/error/error/error/error/error/error/error/error/error/error/error/error/500
java.io.FileNotFoundException: class path resource [static/ng-app/index.html] cannot be resolved to URL because it does not exist
	at at org.springframework.core.io.ClassPathResource.getURL(ClassPathResource.java:230)
2026-08-31 11:06:37.730 WARN  [o.s.w.s.m.m.a.ExceptionHandlerExceptionResolver] Resolved [java.io.FileNotFoundException: class path resource [static/ng-app/index.html] cannot be resolved to URL because it does not exist]
2026-08-31 11:06:37.739 ERROR [c.a.c.GlobalApiExceptionHandler] Unhandled exception for uri=/error/error/error/error/error/error/error/error/error/error/error/error/error/error/error/error/error/error/500
java.io.FileNotFoundException: class path resource [static/ng-app/index.html] cannot be resolved to URL because it does not exist
	at at org.springframework.core.io.ClassPathResource.getURL(ClassPathResource.java:230)
2026-08-31 11:06:37.739 WARN  [o.s.w.s.m.m.a.ExceptionHandlerExceptionResolver] Resolved [java.io.FileNotFoundException: class path resource [static/ng-app/index.html] cannot be resolved to URL because it does not exist]
2026-08-31 11:06:37.748 ERROR [c.a.c.GlobalApiExceptionHandler] Unhandled exception for uri=/error/error/error/error/error/error/error/error/error/error/error/error/error/error/error/error/error/error/error/500
java.io.FileNotFoundException: class path resource [static/ng-app/index.html] cannot be resolved to URL because it does not exist
	at at org.springframework.core.io.ClassPathResource.getURL(ClassPathResource.java:230)
2026-08-31 11:06:37.749 WARN  [o.s.w.s.m.m.a.ExceptionHandlerExceptionResolver] Resolved [java.io.FileNotFoundException: class path resource [static/ng-app/index.html] cannot be resolved to URL because it does not exist]
2026-08-31 11:06:37.756 ERROR [c.a.c.GlobalApiExceptionHandler] Unhandled exception for uri=/error/error/error/error/error/error/error/error/error/error/error/error/error/error/error/error/error/error/error/error/500
java.io.FileNotFoundException: class path resource [static/ng-app/index.html] cannot be resolved to URL because it does not exist
	at at org.springframework.core.io.ClassPathResource.getURL(ClassPathResource.java:230)
2026-08-31 11:06:37.757 WARN  [o.s.w.s.m.m.a.ExceptionHandlerExceptionResolver] Resolved [java.io.FileNotFoundException: class path resource [static/ng-app/index.html] cannot be resolved to URL because it does not exist]
2026-08-31 11:06:37.767 ERROR [c.a.c.GlobalApiExceptionHandler] Unhandled exception for uri=/error/error/error/error/error/error/error/error/error/error/error/error/error/error/error/error/error/error/error/error/error/500
java.io.FileNotFoundException: class path resource [static/ng-app/index.html] cannot be resolved to URL because it does not exist
	at at org.springframework.core.io.ClassPathResource.getURL(ClassPathResource.java:230)
2026-08-31 11:06:37.768 WARN  [o.s.w.s.m.m.a.ExceptionHandlerExceptionResolver] Resolved [java.io.FileNotFoundException: class path resource [static/ng-app/index.html] cannot be resolved to URL because it does not exist]
2026-08-31 11:06:37.775 ERROR [c.a.c.GlobalApiExceptionHandler] Unhandled exception for uri=/error/error/error/error/error/error/error/error/error/error/error/error/error/error/error/error/error/error/error/error/error/error/500
java.io.FileNotFoundException: class path resource [static/ng-app/index.html] cannot be resolved to URL because it does not exist
	at at org.springframework.core.io.ClassPathResource.getURL(ClassPathResource.java:230)
2026-08-31 11:06:37.776 WARN  [o.s.w.s.m.m.a.ExceptionHandlerExceptionResolver] Resolved [java.io.FileNotFoundException: class path resource [static/ng-app/index.html] cannot be resolved to URL because it does not exist]
2026-08-31 11:06:37.785 ERROR [c.a.c.GlobalApiExceptionHandler] Unhandled exception for uri=/error/error/error/error/error/error/error/error/error/error/error/error/error/error/error/error/error/error/error/error/error/error/error/500
java.io.FileNotFoundException: class path resource [static/ng-app/index.html] cannot be resolved to URL because it does not exist
	at at org.springframework.core.io.ClassPathResource.getURL(ClassPathResource.java:230)
2026-08-31 11:06:37.786 WARN  [o.s.w.s.m.m.a.ExceptionHandlerExceptionResolver] Resolved [java.io.FileNotFoundException: class path resource [static/ng-app/index.html] cannot be resolved to URL because it does not exist]
2026-08-31 11:06:37.796 ERROR [c.a.c.GlobalApiExceptionHandler] Unhandled exception for uri=/error/error/error/error/error/error/error/error/error/error/error/error/error/error/error/error/error/error/error/error/error/error/error/error/500
java.io.FileNotFoundException: class path resource [static/ng-app/index.html] cannot be resolved to URL because it does not exist
	at at org.springframework.core.io.ClassPathResource.getURL(ClassPathResource.java:230)
2026-08-31 11:06:37.797 WARN  [o.s.w.s.m.m.a.ExceptionHandlerExceptionResolver] Resolved [java.io.FileNotFoundException: class path resource [static/ng-app/index.html] cannot be resolved to URL because it does not exist]
2026-08-31 11:06:37.806 ERROR [c.a.c.GlobalApiExceptionHandler] Unhandled exception for uri=/error/error/error/error/error/error/error/error/error/error/error/error/error/error/error/error/error/error/error/error/error/error/error/error/error/500
java.io.FileNotFoundException: class path resource [static/ng-app/index.html] cannot be resolved to URL because it does not exist
	at at org.springframework.core.io.ClassPathResource.getURL(ClassPathResource.java:230)
2026-08-31 11:06:37.807 WARN  [o.s.w.s.m.m.a.ExceptionHandlerExceptionResolver] Resolved [java.io.FileNotFoundException: class path resource [static/ng-app/index.html] cannot be resolved to URL because it does not exist]
2026-08-31 11:06:37.817 ERROR [c.a.c.GlobalApiExceptionHandler] Unhandled exception for uri=/error/error/error/error/error/error/error/error/error/error/error/error/error/error/error/error/error/error/error/error/error/error/error/error/error/error/500
java.io.FileNotFoundException: class path resource [static/ng-app/index.html] cannot be resolved to URL because it does not exist
	at at org.springframework.core.io.ClassPathResource.getURL(ClassPathResource.java:230)
2026-08-31 11:06:37.818 WARN  [o.s.w.s.m.m.a.ExceptionHandlerExceptionResolver] Resolved [java.io.FileNotFoundException: class path resource [static/ng-app/index.html] cannot be resolved to URL because it does not exist]
2026-08-31 11:06:37.830 ERROR [c.a.c.GlobalApiExceptionHandler] Unhandled exception for uri=/error/error/error/error/error/error/error/error/error/error/error/error/error/error/error/error/error/error/error/error/error/error/error/error/error/error/error/500
java.io.FileNotFoundException: class path resource [static/ng-app/index.html] cannot be resolved to URL because it does not exist
	at at org.springframework.core.io.ClassPathResource.getURL(ClassPathResource.java:230)
2026-08-31 11:06:37.830 WARN  [o.s.w.s.m.m.a.ExceptionHandlerExceptionResolver] Resolved [java.io.FileNotFoundException: class path resource [static/ng-app/index.html] cannot be resolved to URL because it does not exist]
2026-08-31 11:06:37.839 ERROR [c.a.c.GlobalApiExceptionHandler] Unhandled exception for uri=/error/error/error/error/error/error/error/error/error/error/error/error/error/error/error/error/error/error/error/error/error/error/error/error/error/error/error/error/500
java.io.FileNotFoundException: class path resource [static/ng-app/index.html] cannot be resolved to URL because it does not exist
	at at org.springframework.core.io.ClassPathResource.getURL(ClassPathResource.java:230)
2026-08-31 11:06:37.840 WARN  [o.s.w.s.m.m.a.ExceptionHandlerExceptionResolver] Resolved [java.io.FileNotFoundException: class path resource [static/ng-app/index.html] cannot be resolved to URL because it does not exist]
2026-08-31 11:06:37.852 ERROR [c.a.c.GlobalApiExceptionHandler] Unhandled exception for uri=/error/error/error/error/error/error/error/error/error/error/error/error/error/error/error/error/error/error/error/error/error/error/error/error/error/error/error/error/error/500
java.io.FileNotFoundException: class path resource [static/ng-app/index.html] cannot be resolved to URL because it does not exist
	at at org.springframework.core.io.ClassPathResource.getURL(ClassPathResource.java:230)
2026-08-31 11:06:37.853 WARN  [o.s.w.s.m.m.a.ExceptionHandlerExceptionResolver] Resolved [java.io.FileNotFoundException: class path resource [static/ng-app/index.html] cannot be resolved to URL because it does not exist]
2026-08-31 11:06:37.864 ERROR [c.a.c.GlobalApiExceptionHandler] Unhandled exception for uri=/error/error/error/error/error/error/error/error/error/error/error/error/error/error/error/error/error/error/error/error/error/error/error/error/error/error/error/error/error/error/500
java.io.FileNotFoundException: class path resource [static/ng-app/index.html] cannot be resolved to URL because it does not exist
	at at org.springframework.core.io.ClassPathResource.getURL(ClassPathResource.java:230)
2026-08-31 11:06:37.865 WARN  [o.s.w.s.m.m.a.ExceptionHandlerExceptionResolver] Resolved [java.io.FileNotFoundException: class path resource [static/ng-app/index.html] cannot be resolved to URL because it does not exist]
2026-08-31 11:06:37.876 ERROR [c.a.c.GlobalApiExceptionHandler] Unhandled exception for uri=/error/error/error/error/error/error/error/error/error/error/error/error/error/error/error/error/error/error/error/error/error/error/error/error/error/error/error/error/error/error/error/500
java.io.FileNotFoundException: class path resource [static/ng-app/index.html] cannot be resolved to URL because it does not exist
	at at org.springframework.core.io.ClassPathResource.getURL(ClassPathResource.java:230)
2026-08-31 11:06:37.877 WARN  [o.s.w.s.m.m.a.ExceptionHandlerExceptionResolver] Resolved [java.io.FileNotFoundException: class path resource [static/ng-app/index.html] cannot be resolved to URL because it does not exist]
2026-08-31 11:06:37.887 ERROR [c.a.c.GlobalApiExceptionHandler] Unhandled exception for uri=/error/error/error/error/error/error/error/error/error/error/error/error/error/error/error/error/error/error/error/error/error/error/error/error/error/error/error/error/error/error/error/error/500
java.io.FileNotFoundException: class path resource [static/ng-app/index.html] cannot be resolved to URL because it does not exist
	at at org.springframework.core.io.ClassPathResource.getURL(ClassPathResource.java:230)
2026-08-31 11:06:37.888 WARN  [o.s.w.s.m.m.a.ExceptionHandlerExceptionResolver] Resolved [java.io.FileNotFoundException: class path resource [static/ng-app/index.html] cannot be resolved to URL because it does not exist]
2026-08-31 11:06:37.897 ERROR [c.a.c.GlobalApiExceptionHandler] Unhandled exception for uri=/error/error/error/error/error/error/error/error/error/error/error/error/error/error/error/error/error/error/error/error/error/error/error/error/error/error/error/error/error/error/error/error/error/500
java.io.FileNotFoundException: class path resource [static/ng-app/index.html] cannot be resolved to URL because it does not exist
	at at org.springframework.core.io.ClassPathResource.getURL(ClassPathResource.java:230)
2026-08-31 11:06:37.897 WARN  [o.s.w.s.m.m.a.ExceptionHandlerExceptionResolver] Resolved [java.io.FileNotFoundException: class path resource [static/ng-app/index.html] cannot be resolved to URL because it does not exist]
2026-08-31 11:06:37.910 ERROR [c.a.c.GlobalApiExceptionHandler] Unhandled exception for uri=/error/error/error/error/error/error/error/error/error/error/error/error/error/error/error/error/error/error/error/error/error/error/error/error/error/error/error/error/error/error/error/error/error/error/500
java.io.FileNotFoundException: class path resource [static/ng-app/index.html] cannot be resolved to URL because it does not exist
	at at org.springframework.core.io.ClassPathResource.getURL(ClassPathResource.java:230)
2026-08-31 11:06:37.917 WARN  [o.s.w.s.m.m.a.ExceptionHandlerExceptionResolver] Resolved [java.io.FileNotFoundException: class path resource [static/ng-app/index.html] cannot be resolved to URL because it does not exist]
2026-08-31 11:06:37.930 ERROR [c.a.c.GlobalApiExceptionHandler] Unhandled exception for uri=/error/error/error/error/error/error/error/error/error/error/error/error/error/error/error/error/error/error/error/error/error/error/error/error/error/error/error/error/error/error/error/error/error/error/error/500
java.io.FileNotFoundException: class path resource [static/ng-app/index.html] cannot be resolved to URL because it does not exist
	at at org.springframework.core.io.ClassPathResource.getURL(ClassPathResource.java:230)
2026-08-31 11:06:37.931 WARN  [o.s.w.s.m.m.a.ExceptionHandlerExceptionResolver] Resolved [java.io.FileNotFoundException: class path resource [static/ng-app/index.html] cannot be resolved to URL because it does not exist]
2026-08-31 11:06:37.960 ERROR [c.a.c.GlobalApiExceptionHandler] Unhandled exception for uri=/error/error/error/error/error/error/error/error/error/error/error/error/error/error/error/error/error/error/error/error/error/error/error/error/error/error/error/error/error/error/error/error/error/error/error/error/500
java.io.FileNotFoundException: class path resource [static/ng-app/index.html] cannot be resolved to URL because it does not exist
	at at org.springframework.core.io.ClassPathResource.getURL(ClassPathResource.java:230)
2026-08-31 11:06:37.961 WARN  [o.s.w.s.m.m.a.ExceptionHandlerExceptionResolver] Resolved [java.io.FileNotFoundException: class path resource [static/ng-app/index.html] cannot be resolved to URL because it does not exist]
2026-08-31 11:06:37.969 ERROR [o.a.c.c.C.[.[.[.[dispatcherServlet]] Servlet.service() for servlet [dispatcherServlet] threw exception
java.lang.StackOverflowError
	at at jakarta.servlet.ServletRequestWrapper.getAttribute(ServletRequestWrapper.java:83)
2026-08-31 11:06:37.970 ERROR [c.a.s.s.s.i.LoggingServiceImpl] [API_ERROR] Exception during GET /error/error/error/error/error/error/error/error/error/error/error/error/error/error/error/error/error/error/error/error/error/error/error/error/error/error/error/error/error/error/error/error/error/error/error/error/500 [correlationId=1d5762c4-6bbe-4847-8ccb-8e128f7ab1ef] [ip=0:0:0:0:0:0:0:1] [context={duration=30, referer=null, endpoint=/error/error/error/error/error/error/error/error/error/error/error/error/error/error/error/error/error/error/error/error/error/error/error/error/error/error/error/error/error/error/error/error/error/error/error/error/500, method=GET, errorType=REQUEST_EXCEPTION, exceptionClass=ServletException, userAgent=Mozilla/5.0 (Windows NT 10.0; Win64; x64) AppleWebKit/537.36 (KHTML, like Gecko) Chrome/152.0.0.0 Safari/537.36 Edg/152.0.0.0, exceptionMessage=REDACTED, statusCode=200}]
Caused by: java.lang.StackOverflowError
	at at jakarta.servlet.ServletRequestWrapper.getAttribute(ServletRequestWrapper.java:83)
jakarta.servlet.ServletException: Filter execution threw an exception
	at at org.apache.catalina.core.ApplicationFilterChain.internalDoFilter(ApplicationFilterChain.java:171)
2026-08-31 11:06:37.973 ERROR [o.a.c.c.C.[.[.[.[dispatcherServlet]] Servlet.service() for servlet [dispatcherServlet] threw exception
java.lang.StackOverflowError
	at at jakarta.servlet.ServletRequestWrapper.getAttribute(ServletRequestWrapper.java:83)
2026-08-31 11:06:37.973 ERROR [c.a.s.s.s.i.LoggingServiceImpl] [API_ERROR] Exception during GET /error/error/error/error/error/error/error/error/error/error/error/error/error/error/error/error/error/error/error/error/error/error/error/error/error/error/error/error/error/error/error/error/error/error/error/500 [correlationId=1d5762c4-6bbe-4847-8ccb-8e128f7ab1ef] [ip=0:0:0:0:0:0:0:1] [context={duration=34, referer=null, endpoint=/error/error/error/error/error/error/error/error/error/error/error/error/error/error/error/error/error/error/error/error/error/error/error/error/error/error/error/error/error/error/error/error/error/error/error/500, method=GET, errorType=REQUEST_EXCEPTION, exceptionClass=ServletException, userAgent=Mozilla/5.0 (Windows NT 10.0; Win64; x64) AppleWebKit/537.36 (KHTML, like Gecko) Chrome/152.0.0.0 Safari/537.36 Edg/152.0.0.0, exceptionMessage=REDACTED, statusCode=200}]
Caused by: java.lang.StackOverflowError
	at at jakarta.servlet.ServletRequestWrapper.getAttribute(ServletRequestWrapper.java:83)
jakarta.servlet.ServletException: Filter execution threw an exception
	at at org.apache.catalina.core.ApplicationFilterChain.internalDoFilter(ApplicationFilterChain.java:171)
2026-08-31 11:06:37.980 ERROR [o.a.c.c.C.[.[.[.[dispatcherServlet]] Servlet.service() for servlet [dispatcherServlet] threw exception
java.lang.StackOverflowError
	at at jakarta.servlet.ServletRequestWrapper.getAttribute(ServletRequestWrapper.java:83)
2026-08-31 11:06:37.981 ERROR [c.a.s.s.s.i.LoggingServiceImpl] [API_ERROR] Exception during GET /error/error/error/error/error/error/error/error/error/error/error/error/error/error/error/error/error/error/error/error/error/error/error/error/error/error/error/error/error/error/error/error/error/error/500 [correlationId=1d5762c4-6bbe-4847-8ccb-8e128f7ab1ef] [ip=0:0:0:0:0:0:0:1] [context={duration=41, referer=null, endpoint=/error/error/error/error/error/error/error/error/error/error/error/error/error/error/error/error/error/error/error/error/error/error/error/error/error/error/error/error/error/error/error/error/error/error/500, method=GET, errorType=REQUEST_EXCEPTION, exceptionClass=ServletException, userAgent=Mozilla/5.0 (Windows NT 10.0; Win64; x64) AppleWebKit/537.36 (KHTML, like Gecko) Chrome/152.0.0.0 Safari/537.36 Edg/152.0.0.0, exceptionMessage=REDACTED, statusCode=200}]
Caused by: java.lang.StackOverflowError
	at at jakarta.servlet.ServletRequestWrapper.getAttribute(ServletRequestWrapper.java:83)
jakarta.servlet.ServletException: Filter execution threw an exception
	at at org.apache.catalina.core.ApplicationFilterChain.internalDoFilter(ApplicationFilterChain.java:171)
2026-08-31 11:06:37.983 ERROR [o.a.c.c.C.[.[.[.[dispatcherServlet]] Servlet.service() for servlet [dispatcherServlet] threw exception
java.lang.StackOverflowError
	at at jakarta.servlet.ServletRequestWrapper.getAttribute(ServletRequestWrapper.java:83)
2026-08-31 11:06:37.984 ERROR [c.a.s.s.s.i.LoggingServiceImpl] [API_ERROR] Exception during GET /error/error/error/error/error/error/error/error/error/error/error/error/error/error/error/error/error/error/error/error/error/error/error/error/error/error/error/error/error/error/error/error/error/500 [correlationId=1d5762c4-6bbe-4847-8ccb-8e128f7ab1ef] [ip=0:0:0:0:0:0:0:1] [context={duration=44, referer=null, endpoint=/error/error/error/error/error/error/error/error/error/error/error/error/error/error/error/error/error/error/error/error/error/error/error/error/error/error/error/error/error/error/error/error/error/500, method=GET, errorType=REQUEST_EXCEPTION, exceptionClass=ServletException, userAgent=Mozilla/5.0 (Windows NT 10.0; Win64; x64) AppleWebKit/537.36 (KHTML, like Gecko) Chrome/152.0.0.0 Safari/537.36 Edg/152.0.0.0, exceptionMessage=REDACTED, statusCode=200}]
Caused by: java.lang.StackOverflowError
	at at jakarta.servlet.ServletRequestWrapper.getAttribute(ServletRequestWrapper.java:83)
jakarta.servlet.ServletException: Filter execution threw an exception
	at at org.apache.catalina.core.ApplicationFilterChain.internalDoFilter(ApplicationFilterChain.java:171)
2026-08-31 11:06:37.987 ERROR [o.a.c.c.C.[.[.[.[dispatcherServlet]] Servlet.service() for servlet [dispatcherServlet] threw exception
java.lang.StackOverflowError
	at at jakarta.servlet.ServletRequestWrapper.getAttribute(ServletRequestWrapper.java:83)
2026-08-31 11:06:37.987 ERROR [c.a.s.s.s.i.LoggingServiceImpl] [API_ERROR] Exception during GET /error/error/error/error/error/error/error/error/error/error/error/error/error/error/error/error/error/error/error/error/error/error/error/error/error/error/error/error/error/error/error/error/500 [correlationId=1d5762c4-6bbe-4847-8ccb-8e128f7ab1ef] [ip=0:0:0:0:0:0:0:1] [context={duration=48, referer=null, endpoint=/error/error/error/error/error/error/error/error/error/error/error/error/error/error/error/error/error/error/error/error/error/error/error/error/error/error/error/error/error/error/error/error/500, method=GET, errorType=REQUEST_EXCEPTION, exceptionClass=ServletException, userAgent=Mozilla/5.0 (Windows NT 10.0; Win64; x64) AppleWebKit/537.36 (KHTML, like Gecko) Chrome/152.0.0.0 Safari/537.36 Edg/152.0.0.0, exceptionMessage=REDACTED, statusCode=200}]
Caused by: java.lang.StackOverflowError
	at at jakarta.servlet.ServletRequestWrapper.getAttribute(ServletRequestWrapper.java:83)
jakarta.servlet.ServletException: Filter execution threw an exception
	at at org.apache.catalina.core.ApplicationFilterChain.internalDoFilter(ApplicationFilterChain.java:171)
2026-08-31 11:06:37.989 ERROR [o.a.c.c.C.[.[.[.[dispatcherServlet]] Servlet.service() for servlet [dispatcherServlet] threw exception
java.lang.StackOverflowError
	at at jakarta.servlet.ServletRequestWrapper.getAttribute(ServletRequestWrapper.java:83)
2026-08-31 11:06:37.991 ERROR [c.a.s.s.s.i.LoggingServiceImpl] [API_ERROR] Exception during GET /error/error/error/error/error/error/error/error/error/error/error/error/error/error/error/error/error/error/error/error/error/error/error/error/error/error/error/error/error/error/error/500 [correlationId=1d5762c4-6bbe-4847-8ccb-8e128f7ab1ef] [ip=0:0:0:0:0:0:0:1] [context={duration=50, referer=null, endpoint=/error/error/error/error/error/error/error/error/error/error/error/error/error/error/error/error/error/error/error/error/error/error/error/error/error/error/error/error/error/error/error/500, method=GET, errorType=REQUEST_EXCEPTION, exceptionClass=ServletException, userAgent=Mozilla/5.0 (Windows NT 10.0; Win64; x64) AppleWebKit/537.36 (KHTML, like Gecko) Chrome/152.0.0.0 Safari/537.36 Edg/152.0.0.0, exceptionMessage=REDACTED, statusCode=200}]
Caused by: java.lang.StackOverflowError
	at at jakarta.servlet.ServletRequestWrapper.getAttribute(ServletRequestWrapper.java:83)
jakarta.servlet.ServletException: Filter execution threw an exception
	at at org.apache.catalina.core.ApplicationFilterChain.internalDoFilter(ApplicationFilterChain.java:171)
2026-08-31 11:06:37.993 ERROR [o.a.c.c.C.[.[.[.[dispatcherServlet]] Servlet.service() for servlet [dispatcherServlet] threw exception
java.lang.StackOverflowError
	at at jakarta.servlet.ServletRequestWrapper.getAttribute(ServletRequestWrapper.java:83)
2026-08-31 11:06:37.994 ERROR [c.a.s.s.s.i.LoggingServiceImpl] [API_ERROR] Exception during GET /error/error/error/error/error/error/error/error/error/error/error/error/error/error/error/error/error/error/error/error/error/error/error/error/error/error/error/error/error/error/500 [correlationId=1d5762c4-6bbe-4847-8ccb-8e128f7ab1ef] [ip=0:0:0:0:0:0:0:1] [context={duration=54, referer=null, endpoint=/error/error/error/error/error/error/error/error/error/error/error/error/error/error/error/error/error/error/error/error/error/error/error/error/error/error/error/error/error/error/500, method=GET, errorType=REQUEST_EXCEPTION, exceptionClass=ServletException, userAgent=Mozilla/5.0 (Windows NT 10.0; Win64; x64) AppleWebKit/537.36 (KHTML, like Gecko) Chrome/152.0.0.0 Safari/537.36 Edg/152.0.0.0, exceptionMessage=REDACTED, statusCode=200}]
Caused by: java.lang.StackOverflowError
	at at jakarta.servlet.ServletRequestWrapper.getAttribute(ServletRequestWrapper.java:83)
jakarta.servlet.ServletException: Filter execution threw an exception
	at at org.apache.catalina.core.ApplicationFilterChain.internalDoFilter(ApplicationFilterChain.java:171)
2026-08-31 11:06:37.997 ERROR [o.a.c.c.C.[.[.[.[dispatcherServlet]] Servlet.service() for servlet [dispatcherServlet] threw exception
java.lang.StackOverflowError
	at at jakarta.servlet.ServletRequestWrapper.getAttribute(ServletRequestWrapper.java:83)
2026-08-31 11:06:37.998 ERROR [c.a.s.s.s.i.LoggingServiceImpl] [API_ERROR] Exception during GET /error/error/error/error/error/error/error/error/error/error/error/error/error/error/error/error/error/error/error/error/error/error/error/error/error/error/error/error/error/500 [correlationId=1d5762c4-6bbe-4847-8ccb-8e128f7ab1ef] [ip=0:0:0:0:0:0:0:1] [context={duration=58, referer=null, endpoint=/error/error/error/error/error/error/error/error/error/error/error/error/error/error/error/error/error/error/error/error/error/error/error/error/error/error/error/error/error/500, method=GET, errorType=REQUEST_EXCEPTION, exceptionClass=ServletException, userAgent=Mozilla/5.0 (Windows NT 10.0; Win64; x64) AppleWebKit/537.36 (KHTML, like Gecko) Chrome/152.0.0.0 Safari/537.36 Edg/152.0.0.0, exceptionMessage=REDACTED, statusCode=200}]
Caused by: java.lang.StackOverflowError
	at at jakarta.servlet.ServletRequestWrapper.getAttribute(ServletRequestWrapper.java:83)
jakarta.servlet.ServletException: Filter execution threw an exception
	at at org.apache.catalina.core.ApplicationFilterChain.internalDoFilter(ApplicationFilterChain.java:171)
2026-08-31 11:06:38.001 ERROR [o.a.c.c.C.[.[.[.[dispatcherServlet]] Servlet.service() for servlet [dispatcherServlet] threw exception
java.lang.StackOverflowError
	at at jakarta.servlet.ServletRequestWrapper.getAttribute(ServletRequestWrapper.java:83)
2026-08-31 11:06:38.002 ERROR [c.a.s.s.s.i.LoggingServiceImpl] [API_ERROR] Exception during GET /error/error/error/error/error/error/error/error/error/error/error/error/error/error/error/error/error/error/error/error/error/error/error/error/error/error/error/error/500 [correlationId=1d5762c4-6bbe-4847-8ccb-8e128f7ab1ef] [ip=0:0:0:0:0:0:0:1] [context={duration=62, referer=null, endpoint=/error/error/error/error/error/error/error/error/error/error/error/error/error/error/error/error/error/error/error/error/error/error/error/error/error/error/error/error/500, method=GET, errorType=REQUEST_EXCEPTION, exceptionClass=ServletException, userAgent=Mozilla/5.0 (Windows NT 10.0; Win64; x64) AppleWebKit/537.36 (KHTML, like Gecko) Chrome/152.0.0.0 Safari/537.36 Edg/152.0.0.0, exceptionMessage=REDACTED, statusCode=200}]
Caused by: java.lang.StackOverflowError
	at at jakarta.servlet.ServletRequestWrapper.getAttribute(ServletRequestWrapper.java:83)
jakarta.servlet.ServletException: Filter execution threw an exception
	at at org.apache.catalina.core.ApplicationFilterChain.internalDoFilter(ApplicationFilterChain.java:171)
2026-08-31 11:06:38.004 ERROR [o.a.c.c.C.[.[.[.[dispatcherServlet]] Servlet.service() for servlet [dispatcherServlet] threw exception
java.lang.StackOverflowError
	at at jakarta.servlet.ServletRequestWrapper.getAttribute(ServletRequestWrapper.java:83)
2026-08-31 11:06:38.004 ERROR [c.a.s.s.s.i.LoggingServiceImpl] [API_ERROR] Exception during GET /error/error/error/error/error/error/error/error/error/error/error/error/error/error/error/error/error/error/error/error/error/error/error/error/error/error/error/500 [correlationId=1d5762c4-6bbe-4847-8ccb-8e128f7ab1ef] [ip=0:0:0:0:0:0:0:1] [context={duration=65, referer=null, endpoint=/error/error/error/error/error/error/error/error/error/error/error/error/error/error/error/error/error/error/error/error/error/error/error/error/error/error/error/500, method=GET, errorType=REQUEST_EXCEPTION, exceptionClass=ServletException, userAgent=Mozilla/5.0 (Windows NT 10.0; Win64; x64) AppleWebKit/537.36 (KHTML, like Gecko) Chrome/152.0.0.0 Safari/537.36 Edg/152.0.0.0, exceptionMessage=REDACTED, statusCode=200}]
Caused by: java.lang.StackOverflowError
	at at jakarta.servlet.ServletRequestWrapper.getAttribute(ServletRequestWrapper.java:83)
jakarta.servlet.ServletException: Filter execution threw an exception
	at at org.apache.catalina.core.ApplicationFilterChain.internalDoFilter(ApplicationFilterChain.java:171)
2026-08-31 11:06:38.006 ERROR [o.a.c.c.C.[.[.[.[dispatcherServlet]] Servlet.service() for servlet [dispatcherServlet] threw exception
java.lang.StackOverflowError
	at at jakarta.servlet.ServletRequestWrapper.getAttribute(ServletRequestWrapper.java:83)
2026-08-31 11:06:38.007 ERROR [c.a.s.s.s.i.LoggingServiceImpl] [API_ERROR] Exception during GET /error/error/error/error/error/error/error/error/error/error/error/error/error/error/error/error/error/error/error/error/error/error/error/error/error/error/500 [correlationId=1d5762c4-6bbe-4847-8ccb-8e128f7ab1ef] [ip=0:0:0:0:0:0:0:1] [context={duration=67, referer=null, endpoint=/error/error/error/error/error/error/error/error/error/error/error/error/error/error/error/error/error/error/error/error/error/error/error/error/error/error/500, method=GET, errorType=REQUEST_EXCEPTION, exceptionClass=ServletException, userAgent=Mozilla/5.0 (Windows NT 10.0; Win64; x64) AppleWebKit/537.36 (KHTML, like Gecko) Chrome/152.0.0.0 Safari/537.36 Edg/152.0.0.0, exceptionMessage=REDACTED, statusCode=200}]
Caused by: java.lang.StackOverflowError
	at at jakarta.servlet.ServletRequestWrapper.getAttribute(ServletRequestWrapper.java:83)
jakarta.servlet.ServletException: Filter execution threw an exception
	at at org.apache.catalina.core.ApplicationFilterChain.internalDoFilter(ApplicationFilterChain.java:171)
2026-08-31 11:06:38.008 ERROR [o.a.c.c.C.[.[.[.[dispatcherServlet]] Servlet.service() for servlet [dispatcherServlet] threw exception
java.lang.StackOverflowError
	at at jakarta.servlet.ServletRequestWrapper.getAttribute(ServletRequestWrapper.java:83)
2026-08-31 11:06:38.010 ERROR [c.a.s.s.s.i.LoggingServiceImpl] [API_ERROR] Exception during GET /error/error/error/error/error/error/error/error/error/error/error/error/error/error/error/error/error/error/error/error/error/error/error/error/error/500 [correlationId=1d5762c4-6bbe-4847-8ccb-8e128f7ab1ef] [ip=0:0:0:0:0:0:0:1] [context={duration=69, referer=null, endpoint=/error/error/error/error/error/error/error/error/error/error/error/error/error/error/error/error/error/error/error/error/error/error/error/error/error/500, method=GET, errorType=REQUEST_EXCEPTION, exceptionClass=ServletException, userAgent=Mozilla/5.0 (Windows NT 10.0; Win64; x64) AppleWebKit/537.36 (KHTML, like Gecko) Chrome/152.0.0.0 Safari/537.36 Edg/152.0.0.0, exceptionMessage=REDACTED, statusCode=200}]
Caused by: java.lang.StackOverflowError
	at at jakarta.servlet.ServletRequestWrapper.getAttribute(ServletRequestWrapper.java:83)
jakarta.servlet.ServletException: Filter execution threw an exception
	at at org.apache.catalina.core.ApplicationFilterChain.internalDoFilter(ApplicationFilterChain.java:171)
2026-08-31 11:06:38.012 ERROR [o.a.c.c.C.[.[.[.[dispatcherServlet]] Servlet.service() for servlet [dispatcherServlet] threw exception
java.lang.StackOverflowError
	at at jakarta.servlet.ServletRequestWrapper.getAttribute(ServletRequestWrapper.java:83)
2026-08-31 11:06:38.013 ERROR [c.a.s.s.s.i.LoggingServiceImpl] [API_ERROR] Exception during GET /error/error/error/error/error/error/error/error/error/error/error/error/error/error/error/error/error/error/error/error/error/error/error/error/500 [correlationId=1d5762c4-6bbe-4847-8ccb-8e128f7ab1ef] [ip=0:0:0:0:0:0:0:1] [context={duration=73, referer=null, endpoint=/error/error/error/error/error/error/error/error/error/error/error/error/error/error/error/error/error/error/error/error/error/error/error/error/500, method=GET, errorType=REQUEST_EXCEPTION, exceptionClass=ServletException, userAgent=Mozilla/5.0 (Windows NT 10.0; Win64; x64) AppleWebKit/537.36 (KHTML, like Gecko) Chrome/152.0.0.0 Safari/537.36 Edg/152.0.0.0, exceptionMessage=REDACTED, statusCode=200}]
Caused by: java.lang.StackOverflowError
	at at jakarta.servlet.ServletRequestWrapper.getAttribute(ServletRequestWrapper.java:83)
jakarta.servlet.ServletException: Filter execution threw an exception
	at at org.apache.catalina.core.ApplicationFilterChain.internalDoFilter(ApplicationFilterChain.java:171)
2026-08-31 11:06:38.016 ERROR [o.a.c.c.C.[.[.[.[dispatcherServlet]] Servlet.service() for servlet [dispatcherServlet] threw exception
java.lang.StackOverflowError
	at at jakarta.servlet.ServletRequestWrapper.getAttribute(ServletRequestWrapper.java:83)
2026-08-31 11:06:38.016 ERROR [c.a.s.s.s.i.LoggingServiceImpl] [API_ERROR] Exception during GET /error/error/error/error/error/error/error/error/error/error/error/error/error/error/error/error/error/error/error/error/error/error/error/500 [correlationId=1d5762c4-6bbe-4847-8ccb-8e128f7ab1ef] [ip=0:0:0:0:0:0:0:1] [context={duration=77, referer=null, endpoint=/error/error/error/error/error/error/error/error/error/error/error/error/error/error/error/error/error/error/error/error/error/error/error/500, method=GET, errorType=REQUEST_EXCEPTION, exceptionClass=ServletException, userAgent=Mozilla/5.0 (Windows NT 10.0; Win64; x64) AppleWebKit/537.36 (KHTML, like Gecko) Chrome/152.0.0.0 Safari/537.36 Edg/152.0.0.0, exceptionMessage=REDACTED, statusCode=200}]
Caused by: java.lang.StackOverflowError
	at at jakarta.servlet.ServletRequestWrapper.getAttribute(ServletRequestWrapper.java:83)
jakarta.servlet.ServletException: Filter execution threw an exception
	at at org.apache.catalina.core.ApplicationFilterChain.internalDoFilter(ApplicationFilterChain.java:171)
2026-08-31 11:06:38.019 ERROR [o.a.c.c.C.[.[.[.[dispatcherServlet]] Servlet.service() for servlet [dispatcherServlet] threw exception
java.lang.StackOverflowError
	at at jakarta.servlet.ServletRequestWrapper.getAttribute(ServletRequestWrapper.java:83)
2026-08-31 11:06:38.019 ERROR [c.a.s.s.s.i.LoggingServiceImpl] [API_ERROR] Exception during GET /error/error/error/error/error/error/error/error/error/error/error/error/error/error/error/error/error/error/error/error/error/error/500 [correlationId=1d5762c4-6bbe-4847-8ccb-8e128f7ab1ef] [ip=0:0:0:0:0:0:0:1] [context={duration=80, referer=null, endpoint=/error/error/error/error/error/error/error/error/error/error/error/error/error/error/error/error/error/error/error/error/error/error/500, method=GET, errorType=REQUEST_EXCEPTION, exceptionClass=ServletException, userAgent=Mozilla/5.0 (Windows NT 10.0; Win64; x64) AppleWebKit/537.36 (KHTML, like Gecko) Chrome/152.0.0.0 Safari/537.36 Edg/152.0.0.0, exceptionMessage=REDACTED, statusCode=200}]
Caused by: java.lang.StackOverflowError
	at at jakarta.servlet.ServletRequestWrapper.getAttribute(ServletRequestWrapper.java:83)
jakarta.servlet.ServletException: Filter execution threw an exception
	at at org.apache.catalina.core.ApplicationFilterChain.internalDoFilter(ApplicationFilterChain.java:171)
2026-08-31 11:06:38.022 ERROR [o.a.c.c.C.[.[.[.[dispatcherServlet]] Servlet.service() for servlet [dispatcherServlet] threw exception
java.lang.StackOverflowError
	at at jakarta.servlet.ServletRequestWrapper.getAttribute(ServletRequestWrapper.java:83)
2026-08-31 11:06:38.023 ERROR [c.a.s.s.s.i.LoggingServiceImpl] [API_ERROR] Exception during GET /error/error/error/error/error/error/error/error/error/error/error/error/error/error/error/error/error/error/error/error/error/500 [correlationId=1d5762c4-6bbe-4847-8ccb-8e128f7ab1ef] [ip=0:0:0:0:0:0:0:1] [context={duration=83, referer=null, endpoint=/error/error/error/error/error/error/error/error/error/error/error/error/error/error/error/error/error/error/error/error/error/500, method=GET, errorType=REQUEST_EXCEPTION, exceptionClass=ServletException, userAgent=Mozilla/5.0 (Windows NT 10.0; Win64; x64) AppleWebKit/537.36 (KHTML, like Gecko) Chrome/152.0.0.0 Safari/537.36 Edg/152.0.0.0, exceptionMessage=REDACTED, statusCode=200}]
Caused by: java.lang.StackOverflowError
	at at jakarta.servlet.ServletRequestWrapper.getAttribute(ServletRequestWrapper.java:83)
jakarta.servlet.ServletException: Filter execution threw an exception
	at at org.apache.catalina.core.ApplicationFilterChain.internalDoFilter(ApplicationFilterChain.java:171)
2026-08-31 11:06:38.025 ERROR [o.a.c.c.C.[.[.[.[dispatcherServlet]] Servlet.service() for servlet [dispatcherServlet] threw exception
java.lang.StackOverflowError
	at at jakarta.servlet.ServletRequestWrapper.getAttribute(ServletRequestWrapper.java:83)
2026-08-31 11:06:38.026 ERROR [c.a.s.s.s.i.LoggingServiceImpl] [API_ERROR] Exception during GET /error/error/error/error/error/error/error/error/error/error/error/error/error/error/error/error/error/error/error/error/500 [correlationId=1d5762c4-6bbe-4847-8ccb-8e128f7ab1ef] [ip=0:0:0:0:0:0:0:1] [context={duration=86, referer=null, endpoint=/error/error/error/error/error/error/error/error/error/error/error/error/error/error/error/error/error/error/error/error/500, method=GET, errorType=REQUEST_EXCEPTION, exceptionClass=ServletException, userAgent=Mozilla/5.0 (Windows NT 10.0; Win64; x64) AppleWebKit/537.36 (KHTML, like Gecko) Chrome/152.0.0.0 Safari/537.36 Edg/152.0.0.0, exceptionMessage=REDACTED, statusCode=200}]
Caused by: java.lang.StackOverflowError
	at at jakarta.servlet.ServletRequestWrapper.getAttribute(ServletRequestWrapper.java:83)
jakarta.servlet.ServletException: Filter execution threw an exception
	at at org.apache.catalina.core.ApplicationFilterChain.internalDoFilter(ApplicationFilterChain.java:171)
2026-08-31 11:06:38.029 ERROR [o.a.c.c.C.[.[.[.[dispatcherServlet]] Servlet.service() for servlet [dispatcherServlet] threw exception
java.lang.StackOverflowError
	at at jakarta.servlet.ServletRequestWrapper.getAttribute(ServletRequestWrapper.java:83)
2026-08-31 11:06:38.029 ERROR [c.a.s.s.s.i.LoggingServiceImpl] [API_ERROR] Exception during GET /error/error/error/error/error/error/error/error/error/error/error/error/error/error/error/error/error/error/error/500 [correlationId=1d5762c4-6bbe-4847-8ccb-8e128f7ab1ef] [ip=0:0:0:0:0:0:0:1] [context={duration=90, referer=null, endpoint=/error/error/error/error/error/error/error/error/error/error/error/error/error/error/error/error/error/error/error/500, method=GET, errorType=REQUEST_EXCEPTION, exceptionClass=ServletException, userAgent=Mozilla/5.0 (Windows NT 10.0; Win64; x64) AppleWebKit/537.36 (KHTML, like Gecko) Chrome/152.0.0.0 Safari/537.36 Edg/152.0.0.0, exceptionMessage=REDACTED, statusCode=200}]
Caused by: java.lang.StackOverflowError
	at at jakarta.servlet.ServletRequestWrapper.getAttribute(ServletRequestWrapper.java:83)
jakarta.servlet.ServletException: Filter execution threw an exception
	at at org.apache.catalina.core.ApplicationFilterChain.internalDoFilter(ApplicationFilterChain.java:171)
2026-08-31 11:06:38.032 ERROR [o.a.c.c.C.[.[.[.[dispatcherServlet]] Servlet.service() for servlet [dispatcherServlet] threw exception
java.lang.StackOverflowError
	at at jakarta.servlet.ServletRequestWrapper.getAttribute(ServletRequestWrapper.java:83)
2026-08-31 11:06:38.033 ERROR [c.a.s.s.s.i.LoggingServiceImpl] [API_ERROR] Exception during GET /error/error/error/error/error/error/error/error/error/error/error/error/error/error/error/error/error/error/500 [correlationId=1d5762c4-6bbe-4847-8ccb-8e128f7ab1ef] [ip=0:0:0:0:0:0:0:1] [context={duration=94, referer=null, endpoint=/error/error/error/error/error/error/error/error/error/error/error/error/error/error/error/error/error/error/500, method=GET, errorType=REQUEST_EXCEPTION, exceptionClass=ServletException, userAgent=Mozilla/5.0 (Windows NT 10.0; Win64; x64) AppleWebKit/537.36 (KHTML, like Gecko) Chrome/152.0.0.0 Safari/537.36 Edg/152.0.0.0, exceptionMessage=REDACTED, statusCode=200}]
Caused by: java.lang.StackOverflowError
	at at jakarta.servlet.ServletRequestWrapper.getAttribute(ServletRequestWrapper.java:83)
jakarta.servlet.ServletException: Filter execution threw an exception
	at at org.apache.catalina.core.ApplicationFilterChain.internalDoFilter(ApplicationFilterChain.java:171)
2026-08-31 11:06:38.035 ERROR [o.a.c.c.C.[.[.[.[dispatcherServlet]] Servlet.service() for servlet [dispatcherServlet] threw exception
java.lang.StackOverflowError
	at at jakarta.servlet.ServletRequestWrapper.getAttribute(ServletRequestWrapper.java:83)
2026-08-31 11:06:38.036 ERROR [c.a.s.s.s.i.LoggingServiceImpl] [API_ERROR] Exception during GET /error/error/error/error/error/error/error/error/error/error/error/error/error/error/error/error/error/500 [correlationId=1d5762c4-6bbe-4847-8ccb-8e128f7ab1ef] [ip=0:0:0:0:0:0:0:1] [context={duration=97, referer=null, endpoint=/error/error/error/error/error/error/error/error/error/error/error/error/error/error/error/error/error/500, method=GET, errorType=REQUEST_EXCEPTION, exceptionClass=ServletException, userAgent=Mozilla/5.0 (Windows NT 10.0; Win64; x64) AppleWebKit/537.36 (KHTML, like Gecko) Chrome/152.0.0.0 Safari/537.36 Edg/152.0.0.0, exceptionMessage=REDACTED, statusCode=200}]
Caused by: java.lang.StackOverflowError
	at at jakarta.servlet.ServletRequestWrapper.getAttribute(ServletRequestWrapper.java:83)
jakarta.servlet.ServletException: Filter execution threw an exception
	at at org.apache.catalina.core.ApplicationFilterChain.internalDoFilter(ApplicationFilterChain.java:171)
2026-08-31 11:06:38.039 ERROR [o.a.c.c.C.[.[.[.[dispatcherServlet]] Servlet.service() for servlet [dispatcherServlet] threw exception
java.lang.StackOverflowError
	at at jakarta.servlet.ServletRequestWrapper.getAttribute(ServletRequestWrapper.java:83)
2026-08-31 11:06:38.040 ERROR [c.a.s.s.s.i.LoggingServiceImpl] [API_ERROR] Exception during GET /error/error/error/error/error/error/error/error/error/error/error/error/error/error/error/error/500 [correlationId=1d5762c4-6bbe-4847-8ccb-8e128f7ab1ef] [ip=0:0:0:0:0:0:0:1] [context={duration=100, referer=null, endpoint=/error/error/error/error/error/error/error/error/error/error/error/error/error/error/error/error/500, method=GET, errorType=REQUEST_EXCEPTION, exceptionClass=ServletException, userAgent=Mozilla/5.0 (Windows NT 10.0; Win64; x64) AppleWebKit/537.36 (KHTML, like Gecko) Chrome/152.0.0.0 Safari/537.36 Edg/152.0.0.0, exceptionMessage=REDACTED, statusCode=200}]
Caused by: java.lang.StackOverflowError
	at at jakarta.servlet.ServletRequestWrapper.getAttribute(ServletRequestWrapper.java:83)
jakarta.servlet.ServletException: Filter execution threw an exception
	at at org.apache.catalina.core.ApplicationFilterChain.internalDoFilter(ApplicationFilterChain.java:171)
2026-08-31 11:06:38.043 ERROR [o.a.c.c.C.[.[.[.[dispatcherServlet]] Servlet.service() for servlet [dispatcherServlet] threw exception
java.lang.StackOverflowError
	at at jakarta.servlet.ServletRequestWrapper.getAttribute(ServletRequestWrapper.java:83)
2026-08-31 11:06:38.043 ERROR [c.a.s.s.s.i.LoggingServiceImpl] [API_ERROR] Exception during GET /error/error/error/error/error/error/error/error/error/error/error/error/error/error/error/500 [correlationId=1d5762c4-6bbe-4847-8ccb-8e128f7ab1ef] [ip=0:0:0:0:0:0:0:1] [context={duration=104, referer=null, endpoint=/error/error/error/error/error/error/error/error/error/error/error/error/error/error/error/500, method=GET, errorType=REQUEST_EXCEPTION, exceptionClass=ServletException, userAgent=Mozilla/5.0 (Windows NT 10.0; Win64; x64) AppleWebKit/537.36 (KHTML, like Gecko) Chrome/152.0.0.0 Safari/537.36 Edg/152.0.0.0, exceptionMessage=REDACTED, statusCode=200}]
Caused by: java.lang.StackOverflowError
	at at jakarta.servlet.ServletRequestWrapper.getAttribute(ServletRequestWrapper.java:83)
jakarta.servlet.ServletException: Filter execution threw an exception
	at at org.apache.catalina.core.ApplicationFilterChain.internalDoFilter(ApplicationFilterChain.java:171)
2026-08-31 11:06:38.046 ERROR [o.a.c.c.C.[.[.[.[dispatcherServlet]] Servlet.service() for servlet [dispatcherServlet] threw exception
java.lang.StackOverflowError
	at at jakarta.servlet.ServletRequestWrapper.getAttribute(ServletRequestWrapper.java:83)
2026-08-31 11:06:38.047 ERROR [c.a.s.s.s.i.LoggingServiceImpl] [API_ERROR] Exception during GET /error/error/error/error/error/error/error/error/error/error/error/error/error/error/500 [correlationId=1d5762c4-6bbe-4847-8ccb-8e128f7ab1ef] [ip=0:0:0:0:0:0:0:1] [context={duration=107, referer=null, endpoint=/error/error/error/error/error/error/error/error/error/error/error/error/error/error/500, method=GET, errorType=REQUEST_EXCEPTION, exceptionClass=ServletException, userAgent=Mozilla/5.0 (Windows NT 10.0; Win64; x64) AppleWebKit/537.36 (KHTML, like Gecko) Chrome/152.0.0.0 Safari/537.36 Edg/152.0.0.0, exceptionMessage=REDACTED, statusCode=200}]
Caused by: java.lang.StackOverflowError
	at at jakarta.servlet.ServletRequestWrapper.getAttribute(ServletRequestWrapper.java:83)
jakarta.servlet.ServletException: Filter execution threw an exception
	at at org.apache.catalina.core.ApplicationFilterChain.internalDoFilter(ApplicationFilterChain.java:171)
2026-08-31 11:06:38.049 ERROR [o.a.c.c.C.[.[.[.[dispatcherServlet]] Servlet.service() for servlet [dispatcherServlet] threw exception
java.lang.StackOverflowError
	at at jakarta.servlet.ServletRequestWrapper.getAttribute(ServletRequestWrapper.java:83)
2026-08-31 11:06:38.050 ERROR [c.a.s.s.s.i.LoggingServiceImpl] [API_ERROR] Exception during GET /error/error/error/error/error/error/error/error/error/error/error/error/error/500 [correlationId=1d5762c4-6bbe-4847-8ccb-8e128f7ab1ef] [ip=0:0:0:0:0:0:0:1] [context={duration=111, referer=null, endpoint=/error/error/error/error/error/error/error/error/error/error/error/error/error/500, method=GET, errorType=REQUEST_EXCEPTION, exceptionClass=ServletException, userAgent=Mozilla/5.0 (Windows NT 10.0; Win64; x64) AppleWebKit/537.36 (KHTML, like Gecko) Chrome/152.0.0.0 Safari/537.36 Edg/152.0.0.0, exceptionMessage=REDACTED, statusCode=200}]
Caused by: java.lang.StackOverflowError
	at at jakarta.servlet.ServletRequestWrapper.getAttribute(ServletRequestWrapper.java:83)
jakarta.servlet.ServletException: Filter execution threw an exception
	at at org.apache.catalina.core.ApplicationFilterChain.internalDoFilter(ApplicationFilterChain.java:171)
2026-08-31 11:06:38.050 ERROR [o.a.c.c.C.[.[.[.[dispatcherServlet]] Servlet.service() for servlet [dispatcherServlet] threw exception
java.lang.StackOverflowError
	at at jakarta.servlet.ServletRequestWrapper.getAttribute(ServletRequestWrapper.java:83)
2026-08-31 11:06:38.052 ERROR [c.a.s.s.s.i.LoggingServiceImpl] [API_ERROR] Exception during GET /error/error/error/error/error/error/error/error/error/error/error/error/500 [correlationId=1d5762c4-6bbe-4847-8ccb-8e128f7ab1ef] [ip=0:0:0:0:0:0:0:1] [context={duration=111, referer=null, endpoint=/error/error/error/error/error/error/error/error/error/error/error/error/500, method=GET, errorType=REQUEST_EXCEPTION, exceptionClass=ServletException, userAgent=Mozilla/5.0 (Windows NT 10.0; Win64; x64) AppleWebKit/537.36 (KHTML, like Gecko) Chrome/152.0.0.0 Safari/537.36 Edg/152.0.0.0, exceptionMessage=REDACTED, statusCode=200}]
Caused by: java.lang.StackOverflowError
	at at jakarta.servlet.ServletRequestWrapper.getAttribute(ServletRequestWrapper.java:83)
jakarta.servlet.ServletException: Filter execution threw an exception
	at at org.apache.catalina.core.ApplicationFilterChain.internalDoFilter(ApplicationFilterChain.java:171)
2026-08-31 11:06:38.054 ERROR [o.a.c.c.C.[.[.[.[dispatcherServlet]] Servlet.service() for servlet [dispatcherServlet] threw exception
java.lang.StackOverflowError
	at at jakarta.servlet.ServletRequestWrapper.getAttribute(ServletRequestWrapper.java:83)
2026-08-31 11:06:38.054 ERROR [c.a.s.s.s.i.LoggingServiceImpl] [API_ERROR] Exception during GET /error/error/error/error/error/error/error/error/error/error/error/500 [correlationId=1d5762c4-6bbe-4847-8ccb-8e128f7ab1ef] [ip=0:0:0:0:0:0:0:1] [context={duration=115, referer=null, endpoint=/error/error/error/error/error/error/error/error/error/error/error/500, method=GET, errorType=REQUEST_EXCEPTION, exceptionClass=ServletException, userAgent=Mozilla/5.0 (Windows NT 10.0; Win64; x64) AppleWebKit/537.36 (KHTML, like Gecko) Chrome/152.0.0.0 Safari/537.36 Edg/152.0.0.0, exceptionMessage=REDACTED, statusCode=200}]
Caused by: java.lang.StackOverflowError
	at at jakarta.servlet.ServletRequestWrapper.getAttribute(ServletRequestWrapper.java:83)
jakarta.servlet.ServletException: Filter execution threw an exception
	at at org.apache.catalina.core.ApplicationFilterChain.internalDoFilter(ApplicationFilterChain.java:171)
2026-08-31 11:06:38.055 ERROR [o.a.c.c.C.[.[.[.[dispatcherServlet]] Servlet.service() for servlet [dispatcherServlet] threw exception
java.lang.StackOverflowError
	at at jakarta.servlet.ServletRequestWrapper.getAttribute(ServletRequestWrapper.java:83)
2026-08-31 11:06:38.055 ERROR [c.a.s.s.s.i.LoggingServiceImpl] [API_ERROR] Exception during GET /error/error/error/error/error/error/error/error/error/error/500 [correlationId=1d5762c4-6bbe-4847-8ccb-8e128f7ab1ef] [ip=0:0:0:0:0:0:0:1] [context={duration=116, referer=null, endpoint=/error/error/error/error/error/error/error/error/error/error/500, method=GET, errorType=REQUEST_EXCEPTION, exceptionClass=ServletException, userAgent=Mozilla/5.0 (Windows NT 10.0; Win64; x64) AppleWebKit/537.36 (KHTML, like Gecko) Chrome/152.0.0.0 Safari/537.36 Edg/152.0.0.0, exceptionMessage=REDACTED, statusCode=200}]
Caused by: java.lang.StackOverflowError
	at at jakarta.servlet.ServletRequestWrapper.getAttribute(ServletRequestWrapper.java:83)
jakarta.servlet.ServletException: Filter execution threw an exception
	at at org.apache.catalina.core.ApplicationFilterChain.internalDoFilter(ApplicationFilterChain.java:171)
2026-08-31 11:06:38.057 ERROR [o.a.c.c.C.[.[.[.[dispatcherServlet]] Servlet.service() for servlet [dispatcherServlet] threw exception
java.lang.StackOverflowError
	at at jakarta.servlet.ServletRequestWrapper.getAttribute(ServletRequestWrapper.java:83)
2026-08-31 11:06:38.057 ERROR [c.a.s.s.s.i.LoggingServiceImpl] [API_ERROR] Exception during GET /error/error/error/error/error/error/error/error/error/500 [correlationId=1d5762c4-6bbe-4847-8ccb-8e128f7ab1ef] [ip=0:0:0:0:0:0:0:1] [context={duration=118, referer=null, endpoint=/error/error/error/error/error/error/error/error/error/500, method=GET, errorType=REQUEST_EXCEPTION, exceptionClass=ServletException, userAgent=Mozilla/5.0 (Windows NT 10.0; Win64; x64) AppleWebKit/537.36 (KHTML, like Gecko) Chrome/152.0.0.0 Safari/537.36 Edg/152.0.0.0, exceptionMessage=REDACTED, statusCode=200}]
Caused by: java.lang.StackOverflowError
	at at jakarta.servlet.ServletRequestWrapper.getAttribute(ServletRequestWrapper.java:83)
jakarta.servlet.ServletException: Filter execution threw an exception
	at at org.apache.catalina.core.ApplicationFilterChain.internalDoFilter(ApplicationFilterChain.java:171)
2026-08-31 11:06:38.058 ERROR [o.a.c.c.C.[.[.[.[dispatcherServlet]] Servlet.service() for servlet [dispatcherServlet] threw exception
java.lang.StackOverflowError
	at at jakarta.servlet.ServletRequestWrapper.getAttribute(ServletRequestWrapper.java:83)
2026-08-31 11:06:38.059 ERROR [c.a.s.s.s.i.LoggingServiceImpl] [API_ERROR] Exception during GET /error/error/error/error/error/error/error/error/500 [correlationId=1d5762c4-6bbe-4847-8ccb-8e128f7ab1ef] [ip=0:0:0:0:0:0:0:1] [context={duration=120, referer=null, endpoint=/error/error/error/error/error/error/error/error/500, method=GET, errorType=REQUEST_EXCEPTION, exceptionClass=ServletException, userAgent=Mozilla/5.0 (Windows NT 10.0; Win64; x64) AppleWebKit/537.36 (KHTML, like Gecko) Chrome/152.0.0.0 Safari/537.36 Edg/152.0.0.0, exceptionMessage=REDACTED, statusCode=200}]
Caused by: java.lang.StackOverflowError
	at at jakarta.servlet.ServletRequestWrapper.getAttribute(ServletRequestWrapper.java:83)
jakarta.servlet.ServletException: Filter execution threw an exception
	at at org.apache.catalina.core.ApplicationFilterChain.internalDoFilter(ApplicationFilterChain.java:171)
2026-08-31 11:06:38.062 ERROR [o.a.c.c.C.[.[.[.[dispatcherServlet]] Servlet.service() for servlet [dispatcherServlet] threw exception
java.lang.StackOverflowError
	at at jakarta.servlet.ServletRequestWrapper.getAttribute(ServletRequestWrapper.java:83)
2026-08-31 11:06:38.062 ERROR [c.a.s.s.s.i.LoggingServiceImpl] [API_ERROR] Exception during GET /error/error/error/error/error/error/error/500 [correlationId=1d5762c4-6bbe-4847-8ccb-8e128f7ab1ef] [ip=0:0:0:0:0:0:0:1] [context={duration=123, referer=null, endpoint=/error/error/error/error/error/error/error/500, method=GET, errorType=REQUEST_EXCEPTION, exceptionClass=ServletException, userAgent=Mozilla/5.0 (Windows NT 10.0; Win64; x64) AppleWebKit/537.36 (KHTML, like Gecko) Chrome/152.0.0.0 Safari/537.36 Edg/152.0.0.0, exceptionMessage=REDACTED, statusCode=200}]
Caused by: java.lang.StackOverflowError
	at at jakarta.servlet.ServletRequestWrapper.getAttribute(ServletRequestWrapper.java:83)
jakarta.servlet.ServletException: Filter execution threw an exception
	at at org.apache.catalina.core.ApplicationFilterChain.internalDoFilter(ApplicationFilterChain.java:171)
2026-08-31 11:06:38.065 ERROR [o.a.c.c.C.[.[.[.[dispatcherServlet]] Servlet.service() for servlet [dispatcherServlet] threw exception
java.lang.StackOverflowError
	at at jakarta.servlet.ServletRequestWrapper.getAttribute(ServletRequestWrapper.java:83)
2026-08-31 11:06:38.065 ERROR [c.a.s.s.s.i.LoggingServiceImpl] [API_ERROR] Exception during GET /error/error/error/error/error/error/500 [correlationId=1d5762c4-6bbe-4847-8ccb-8e128f7ab1ef] [ip=0:0:0:0:0:0:0:1] [context={duration=126, referer=null, endpoint=/error/error/error/error/error/error/500, method=GET, errorType=REQUEST_EXCEPTION, exceptionClass=ServletException, userAgent=Mozilla/5.0 (Windows NT 10.0; Win64; x64) AppleWebKit/537.36 (KHTML, like Gecko) Chrome/152.0.0.0 Safari/537.36 Edg/152.0.0.0, exceptionMessage=REDACTED, statusCode=200}]
Caused by: java.lang.StackOverflowError
	at at jakarta.servlet.ServletRequestWrapper.getAttribute(ServletRequestWrapper.java:83)
jakarta.servlet.ServletException: Filter execution threw an exception
	at at org.apache.catalina.core.ApplicationFilterChain.internalDoFilter(ApplicationFilterChain.java:171)
2026-08-31 11:06:38.066 ERROR [o.a.c.c.C.[.[.[.[dispatcherServlet]] Servlet.service() for servlet [dispatcherServlet] threw exception
java.lang.StackOverflowError
	at at jakarta.servlet.ServletRequestWrapper.getAttribute(ServletRequestWrapper.java:83)
2026-08-31 11:06:38.066 ERROR [c.a.s.s.s.i.LoggingServiceImpl] [API_ERROR] Exception during GET /error/error/error/error/error/500 [correlationId=1d5762c4-6bbe-4847-8ccb-8e128f7ab1ef] [ip=0:0:0:0:0:0:0:1] [context={duration=127, referer=null, endpoint=/error/error/error/error/error/500, method=GET, errorType=REQUEST_EXCEPTION, exceptionClass=ServletException, userAgent=Mozilla/5.0 (Windows NT 10.0; Win64; x64) AppleWebKit/537.36 (KHTML, like Gecko) Chrome/152.0.0.0 Safari/537.36 Edg/152.0.0.0, exceptionMessage=REDACTED, statusCode=200}]
Caused by: java.lang.StackOverflowError
	at at jakarta.servlet.ServletRequestWrapper.getAttribute(ServletRequestWrapper.java:83)
jakarta.servlet.ServletException: Filter execution threw an exception
	at at org.apache.catalina.core.ApplicationFilterChain.internalDoFilter(ApplicationFilterChain.java:171)
2026-08-31 11:06:38.067 ERROR [o.a.c.c.C.[.[.[.[dispatcherServlet]] Servlet.service() for servlet [dispatcherServlet] threw exception
java.lang.StackOverflowError
	at at jakarta.servlet.ServletRequestWrapper.getAttribute(ServletRequestWrapper.java:83)
2026-08-31 11:06:38.067 ERROR [c.a.s.s.s.i.LoggingServiceImpl] [API_ERROR] Exception during GET /error/error/error/error/500 [correlationId=1d5762c4-6bbe-4847-8ccb-8e128f7ab1ef] [ip=0:0:0:0:0:0:0:1] [context={duration=128, referer=null, endpoint=/error/error/error/error/500, method=GET, errorType=REQUEST_EXCEPTION, exceptionClass=ServletException, userAgent=Mozilla/5.0 (Windows NT 10.0; Win64; x64) AppleWebKit/537.36 (KHTML, like Gecko) Chrome/152.0.0.0 Safari/537.36 Edg/152.0.0.0, exceptionMessage=REDACTED, statusCode=200}]
Caused by: java.lang.StackOverflowError
	at at jakarta.servlet.ServletRequestWrapper.getAttribute(ServletRequestWrapper.java:83)
jakarta.servlet.ServletException: Filter execution threw an exception
	at at org.apache.catalina.core.ApplicationFilterChain.internalDoFilter(ApplicationFilterChain.java:171)
2026-08-31 11:06:38.068 ERROR [o.a.c.c.C.[.[.[.[dispatcherServlet]] Servlet.service() for servlet [dispatcherServlet] threw exception
java.lang.StackOverflowError
	at at jakarta.servlet.ServletRequestWrapper.getAttribute(ServletRequestWrapper.java:83)
2026-08-31 11:06:38.068 ERROR [c.a.s.s.s.i.LoggingServiceImpl] [API_ERROR] Exception during GET /error/error/error/500 [correlationId=1d5762c4-6bbe-4847-8ccb-8e128f7ab1ef] [ip=0:0:0:0:0:0:0:1] [context={duration=129, referer=null, endpoint=/error/error/error/500, method=GET, errorType=REQUEST_EXCEPTION, exceptionClass=ServletException, userAgent=Mozilla/5.0 (Windows NT 10.0; Win64; x64) AppleWebKit/537.36 (KHTML, like Gecko) Chrome/152.0.0.0 Safari/537.36 Edg/152.0.0.0, exceptionMessage=REDACTED, statusCode=200}]
Caused by: java.lang.StackOverflowError
	at at jakarta.servlet.ServletRequestWrapper.getAttribute(ServletRequestWrapper.java:83)
jakarta.servlet.ServletException: Filter execution threw an exception
	at at org.apache.catalina.core.ApplicationFilterChain.internalDoFilter(ApplicationFilterChain.java:171)
2026-08-31 11:06:38.071 ERROR [o.a.c.c.C.[.[.[.[dispatcherServlet]] Servlet.service() for servlet [dispatcherServlet] threw exception
java.lang.StackOverflowError
	at at jakarta.servlet.ServletRequestWrapper.getAttribute(ServletRequestWrapper.java:83)
2026-08-31 11:06:38.071 ERROR [c.a.s.s.s.i.LoggingServiceImpl] [API_ERROR] Exception during GET /error/error/500 [correlationId=1d5762c4-6bbe-4847-8ccb-8e128f7ab1ef] [ip=0:0:0:0:0:0:0:1] [context={duration=132, referer=null, endpoint=/error/error/500, method=GET, errorType=REQUEST_EXCEPTION, exceptionClass=ServletException, userAgent=Mozilla/5.0 (Windows NT 10.0; Win64; x64) AppleWebKit/537.36 (KHTML, like Gecko) Chrome/152.0.0.0 Safari/537.36 Edg/152.0.0.0, exceptionMessage=REDACTED, statusCode=200}]
Caused by: java.lang.StackOverflowError
	at at jakarta.servlet.ServletRequestWrapper.getAttribute(ServletRequestWrapper.java:83)
jakarta.servlet.ServletException: Filter execution threw an exception
	at at org.apache.catalina.core.ApplicationFilterChain.internalDoFilter(ApplicationFilterChain.java:171)
2026-08-31 11:06:38.073 ERROR [o.a.c.c.C.[.[.[.[dispatcherServlet]] Servlet.service() for servlet [dispatcherServlet] threw exception
java.lang.StackOverflowError
	at at jakarta.servlet.ServletRequestWrapper.getAttribute(ServletRequestWrapper.java:83)
2026-08-31 11:06:38.073 ERROR [c.a.s.s.s.i.LoggingServiceImpl] [API_ERROR] Exception during GET /error/500 [correlationId=1d5762c4-6bbe-4847-8ccb-8e128f7ab1ef] [ip=0:0:0:0:0:0:0:1] [context={duration=134, referer=null, endpoint=/error/500, method=GET, errorType=REQUEST_EXCEPTION, exceptionClass=ServletException, userAgent=Mozilla/5.0 (Windows NT 10.0; Win64; x64) AppleWebKit/537.36 (KHTML, like Gecko) Chrome/152.0.0.0 Safari/537.36 Edg/152.0.0.0, exceptionMessage=REDACTED, statusCode=200}]
Caused by: java.lang.StackOverflowError
	at at jakarta.servlet.ServletRequestWrapper.getAttribute(ServletRequestWrapper.java:83)
jakarta.servlet.ServletException: Filter execution threw an exception
	at at org.apache.catalina.core.ApplicationFilterChain.internalDoFilter(ApplicationFilterChain.java:171)
2026-08-31 11:06:38.075 ERROR [o.a.c.c.C.[.[.[.[dispatcherServlet]] Servlet.service() for servlet [dispatcherServlet] threw exception
java.lang.StackOverflowError
	at at jakarta.servlet.ServletRequestWrapper.getAttribute(ServletRequestWrapper.java:83)
2026-08-31 11:06:38.076 ERROR [c.a.s.s.s.i.LoggingServiceImpl] [API_ERROR] Exception during GET /login [correlationId=1d5762c4-6bbe-4847-8ccb-8e128f7ab1ef] [ip=0:0:0:0:0:0:0:1] [context={duration=136, referer=null, endpoint=/login, method=GET, errorType=REQUEST_EXCEPTION, exceptionClass=ServletException, userAgent=Mozilla/5.0 (Windows NT 10.0; Win64; x64) AppleWebKit/537.36 (KHTML, like Gecko) Chrome/152.0.0.0 Safari/537.36 Edg/152.0.0.0, exceptionMessage=REDACTED, statusCode=200}]
Caused by: java.lang.StackOverflowError
	at at jakarta.servlet.ServletRequestWrapper.getAttribute(ServletRequestWrapper.java:83)
jakarta.servlet.ServletException: Filter execution threw an exception
	at at org.apache.catalina.core.ApplicationFilterChain.internalDoFilter(ApplicationFilterChain.java:171)
2026-08-31 11:06:38.079 ERROR [o.a.c.c.C.[.[.[.[dispatcherServlet]] Servlet.service() for servlet [dispatcherServlet] in context with path [] threw exception [Filter execution threw an exception] with root cause
java.lang.StackOverflowError
	at at jakarta.servlet.ServletRequestWrapper.getAttribute(ServletRequestWrapper.java:83)
2026-08-31 11:06:38.099 INFO  [c.a.s.s.s.i.LoggingServiceImpl] [API_ERROR] API GET /error returned 500 in 16ms [correlationId=22459b31-27d0-4216-aa97-bece55a34cfa] [ip=0:0:0:0:0:0:0:1] [context={duration=16, referer=null, endpoint=/error, method=GET, responseTime=16, userAgent=Mozilla/5.0 (Windows NT 10.0; Win64; x64) AppleWebKit/537.36 (KHTML, like Gecko) Chrome/152.0.0.0 Safari/537.36 Edg/152.0.0.0, statusCode=500}]
2026-08-31 11:06:38.099 ERROR [c.a.s.s.s.i.LoggingServiceImpl] [API_ERROR] HTTP 500 error for GET /error [correlationId=22459b31-27d0-4216-aa97-bece55a34cfa] [ip=0:0:0:0:0:0:0:1] [context={duration=16, referer=null, endpoint=/error, method=GET, userAgent=Mozilla/5.0 (Windows NT 10.0; Win64; x64) AppleWebKit/537.36 (KHTML, like Gecko) Chrome/152.0.0.0 Safari/537.36 Edg/152.0.0.0, statusCode=500}]
2026-08-31 11:06:38.135 ERROR [c.a.c.GlobalApiExceptionHandler] Unhandled exception for uri=/favicon.ico
java.io.FileNotFoundException: class path resource [static/ng-app/index.html] cannot be resolved to URL because it does not exist
	at at org.springframework.core.io.ClassPathResource.getURL(ClassPathResource.java:230)
2026-08-31 11:06:38.136 WARN  [o.s.w.s.m.m.a.ExceptionHandlerExceptionResolver] Resolved [java.io.FileNotFoundException: class path resource [static/ng-app/index.html] cannot be resolved to URL because it does not exist]
2026-08-31 11:06:38.140 ERROR [c.a.c.GlobalApiExceptionHandler] Unhandled exception for uri=/error/500
java.io.FileNotFoundException: class path resource [static/ng-app/index.html] cannot be resolved to URL because it does not exist
	at at org.springframework.core.io.ClassPathResource.getURL(ClassPathResource.java:230)
2026-08-31 11:06:38.142 WARN  [o.s.w.s.m.m.a.ExceptionHandlerExceptionResolver] Resolved [java.io.FileNotFoundException: class path resource [static/ng-app/index.html] cannot be resolved to URL because it does not exist]
2026-08-31 11:06:38.145 ERROR [c.a.c.GlobalApiExceptionHandler] Unhandled exception for uri=/error/error/500
java.io.FileNotFoundException: class path resource [static/ng-app/index.html] cannot be resolved to URL because it does not exist
	at at org.springframework.core.io.ClassPathResource.getURL(ClassPathResource.java:230)
2026-08-31 11:06:38.146 WARN  [o.s.w.s.m.m.a.ExceptionHandlerExceptionResolver] Resolved [java.io.FileNotFoundException: class path resource [static/ng-app/index.html] cannot be resolved to URL because it does not exist]
2026-08-31 11:06:38.151 ERROR [c.a.c.GlobalApiExceptionHandler] Unhandled exception for uri=/error/error/error/500
java.io.FileNotFoundException: class path resource [static/ng-app/index.html] cannot be resolved to URL because it does not exist
	at at org.springframework.core.io.ClassPathResource.getURL(ClassPathResource.java:230)
2026-08-31 11:06:38.152 WARN  [o.s.w.s.m.m.a.ExceptionHandlerExceptionResolver] Resolved [java.io.FileNotFoundException: class path resource [static/ng-app/index.html] cannot be resolved to URL because it does not exist]
2026-08-31 11:06:38.158 ERROR [c.a.c.GlobalApiExceptionHandler] Unhandled exception for uri=/error/error/error/error/500
java.io.FileNotFoundException: class path resource [static/ng-app/index.html] cannot be resolved to URL because it does not exist
	at at org.springframework.core.io.ClassPathResource.getURL(ClassPathResource.java:230)
2026-08-31 11:06:38.162 WARN  [o.s.w.s.m.m.a.ExceptionHandlerExceptionResolver] Resolved [java.io.FileNotFoundException: class path resource [static/ng-app/index.html] cannot be resolved to URL because it does not exist]
2026-08-31 11:06:38.166 ERROR [c.a.c.GlobalApiExceptionHandler] Unhandled exception for uri=/error/error/error/error/error/500
java.io.FileNotFoundException: class path resource [static/ng-app/index.html] cannot be resolved to URL because it does not exist
	at at org.springframework.core.io.ClassPathResource.getURL(ClassPathResource.java:230)
2026-08-31 11:06:38.167 WARN  [o.s.w.s.m.m.a.ExceptionHandlerExceptionResolver] Resolved [java.io.FileNotFoundException: class path resource [static/ng-app/index.html] cannot be resolved to URL because it does not exist]
2026-08-31 11:06:38.169 ERROR [c.a.c.GlobalApiExceptionHandler] Unhandled exception for uri=/error/error/error/error/error/error/500
java.io.FileNotFoundException: class path resource [static/ng-app/index.html] cannot be resolved to URL because it does not exist
	at at org.springframework.core.io.ClassPathResource.getURL(ClassPathResource.java:230)
2026-08-31 11:06:38.170 WARN  [o.s.w.s.m.m.a.ExceptionHandlerExceptionResolver] Resolved [java.io.FileNotFoundException: class path resource [static/ng-app/index.html] cannot be resolved to URL because it does not exist]
2026-08-31 11:06:38.175 ERROR [c.a.c.GlobalApiExceptionHandler] Unhandled exception for uri=/error/error/error/error/error/error/error/500
java.io.FileNotFoundException: class path resource [static/ng-app/index.html] cannot be resolved to URL because it does not exist
	at at org.springframework.core.io.ClassPathResource.getURL(ClassPathResource.java:230)
2026-08-31 11:06:38.176 WARN  [o.s.w.s.m.m.a.ExceptionHandlerExceptionResolver] Resolved [java.io.FileNotFoundException: class path resource [static/ng-app/index.html] cannot be resolved to URL because it does not exist]
2026-08-31 11:06:38.182 ERROR [c.a.c.GlobalApiExceptionHandler] Unhandled exception for uri=/error/error/error/error/error/error/error/error/500
java.io.FileNotFoundException: class path resource [static/ng-app/index.html] cannot be resolved to URL because it does not exist
	at at org.springframework.core.io.ClassPathResource.getURL(ClassPathResource.java:230)
2026-08-31 11:06:38.183 WARN  [o.s.w.s.m.m.a.ExceptionHandlerExceptionResolver] Resolved [java.io.FileNotFoundException: class path resource [static/ng-app/index.html] cannot be resolved to URL because it does not exist]
2026-08-31 11:06:38.189 ERROR [c.a.c.GlobalApiExceptionHandler] Unhandled exception for uri=/error/error/error/error/error/error/error/error/error/500
java.io.FileNotFoundException: class path resource [static/ng-app/index.html] cannot be resolved to URL because it does not exist
	at at org.springframework.core.io.ClassPathResource.getURL(ClassPathResource.java:230)
2026-08-31 11:06:38.190 WARN  [o.s.w.s.m.m.a.ExceptionHandlerExceptionResolver] Resolved [java.io.FileNotFoundException: class path resource [static/ng-app/index.html] cannot be resolved to URL because it does not exist]
2026-08-31 11:06:38.193 ERROR [c.a.c.GlobalApiExceptionHandler] Unhandled exception for uri=/error/error/error/error/error/error/error/error/error/error/500
java.io.FileNotFoundException: class path resource [static/ng-app/index.html] cannot be resolved to URL because it does not exist
	at at org.springframework.core.io.ClassPathResource.getURL(ClassPathResource.java:230)
2026-08-31 11:06:38.194 WARN  [o.s.w.s.m.m.a.ExceptionHandlerExceptionResolver] Resolved [java.io.FileNotFoundException: class path resource [static/ng-app/index.html] cannot be resolved to URL because it does not exist]
2026-08-31 11:06:38.198 ERROR [c.a.c.GlobalApiExceptionHandler] Unhandled exception for uri=/error/error/error/error/error/error/error/error/error/error/error/500
java.io.FileNotFoundException: class path resource [static/ng-app/index.html] cannot be resolved to URL because it does not exist
	at at org.springframework.core.io.ClassPathResource.getURL(ClassPathResource.java:230)
2026-08-31 11:06:38.199 WARN  [o.s.w.s.m.m.a.ExceptionHandlerExceptionResolver] Resolved [java.io.FileNotFoundException: class path resource [static/ng-app/index.html] cannot be resolved to URL because it does not exist]
2026-08-31 11:06:38.202 ERROR [c.a.c.GlobalApiExceptionHandler] Unhandled exception for uri=/error/error/error/error/error/error/error/error/error/error/error/error/500
java.io.FileNotFoundException: class path resource [static/ng-app/index.html] cannot be resolved to URL because it does not exist
	at at org.springframework.core.io.ClassPathResource.getURL(ClassPathResource.java:230)
2026-08-31 11:06:38.204 WARN  [o.s.w.s.m.m.a.ExceptionHandlerExceptionResolver] Resolved [java.io.FileNotFoundException: class path resource [static/ng-app/index.html] cannot be resolved to URL because it does not exist]
2026-08-31 11:06:38.208 ERROR [c.a.c.GlobalApiExceptionHandler] Unhandled exception for uri=/error/error/error/error/error/error/error/error/error/error/error/error/error/500
java.io.FileNotFoundException: class path resource [static/ng-app/index.html] cannot be resolved to URL because it does not exist
	at at org.springframework.core.io.ClassPathResource.getURL(ClassPathResource.java:230)
2026-08-31 11:06:38.209 WARN  [o.s.w.s.m.m.a.ExceptionHandlerExceptionResolver] Resolved [java.io.FileNotFoundException: class path resource [static/ng-app/index.html] cannot be resolved to URL because it does not exist]
2026-08-31 11:06:38.216 ERROR [c.a.c.GlobalApiExceptionHandler] Unhandled exception for uri=/error/error/error/error/error/error/error/error/error/error/error/error/error/error/500
java.io.FileNotFoundException: class path resource [static/ng-app/index.html] cannot be resolved to URL because it does not exist
	at at org.springframework.core.io.ClassPathResource.getURL(ClassPathResource.java:230)
2026-08-31 11:06:38.216 WARN  [o.s.w.s.m.m.a.ExceptionHandlerExceptionResolver] Resolved [java.io.FileNotFoundException: class path resource [static/ng-app/index.html] cannot be resolved to URL because it does not exist]
2026-08-31 11:06:38.222 ERROR [c.a.c.GlobalApiExceptionHandler] Unhandled exception for uri=/error/error/error/error/error/error/error/error/error/error/error/error/error/error/error/500
java.io.FileNotFoundException: class path resource [static/ng-app/index.html] cannot be resolved to URL because it does not exist
	at at org.springframework.core.io.ClassPathResource.getURL(ClassPathResource.java:230)
2026-08-31 11:06:38.223 WARN  [o.s.w.s.m.m.a.ExceptionHandlerExceptionResolver] Resolved [java.io.FileNotFoundException: class path resource [static/ng-app/index.html] cannot be resolved to URL because it does not exist]
2026-08-31 11:06:38.227 ERROR [c.a.c.GlobalApiExceptionHandler] Unhandled exception for uri=/error/error/error/error/error/error/error/error/error/error/error/error/error/error/error/error/500
java.io.FileNotFoundException: class path resource [static/ng-app/index.html] cannot be resolved to URL because it does not exist
	at at org.springframework.core.io.ClassPathResource.getURL(ClassPathResource.java:230)
2026-08-31 11:06:38.227 WARN  [o.s.w.s.m.m.a.ExceptionHandlerExceptionResolver] Resolved [java.io.FileNotFoundException: class path resource [static/ng-app/index.html] cannot be resolved to URL because it does not exist]
2026-08-31 11:06:38.235 ERROR [c.a.c.GlobalApiExceptionHandler] Unhandled exception for uri=/error/error/error/error/error/error/error/error/error/error/error/error/error/error/error/error/error/500
java.io.FileNotFoundException: class path resource [static/ng-app/index.html] cannot be resolved to URL because it does not exist
	at at org.springframework.core.io.ClassPathResource.getURL(ClassPathResource.java:230)
2026-08-31 11:06:38.236 WARN  [o.s.w.s.m.m.a.ExceptionHandlerExceptionResolver] Resolved [java.io.FileNotFoundException: class path resource [static/ng-app/index.html] cannot be resolved to URL because it does not exist]
2026-08-31 11:06:38.241 ERROR [c.a.c.GlobalApiExceptionHandler] Unhandled exception for uri=/error/error/error/error/error/error/error/error/error/error/error/error/error/error/error/error/error/error/500
java.io.FileNotFoundException: class path resource [static/ng-app/index.html] cannot be resolved to URL because it does not exist
	at at org.springframework.core.io.ClassPathResource.getURL(ClassPathResource.java:230)
2026-08-31 11:06:38.242 WARN  [o.s.w.s.m.m.a.ExceptionHandlerExceptionResolver] Resolved [java.io.FileNotFoundException: class path resource [static/ng-app/index.html] cannot be resolved to URL because it does not exist]
2026-08-31 11:06:38.250 ERROR [c.a.c.GlobalApiExceptionHandler] Unhandled exception for uri=/error/error/error/error/error/error/error/error/error/error/error/error/error/error/error/error/error/error/error/500
java.io.FileNotFoundException: class path resource [static/ng-app/index.html] cannot be resolved to URL because it does not exist
	at at org.springframework.core.io.ClassPathResource.getURL(ClassPathResource.java:230)
2026-08-31 11:06:38.251 WARN  [o.s.w.s.m.m.a.ExceptionHandlerExceptionResolver] Resolved [java.io.FileNotFoundException: class path resource [static/ng-app/index.html] cannot be resolved to URL because it does not exist]
2026-08-31 11:06:38.256 ERROR [c.a.c.GlobalApiExceptionHandler] Unhandled exception for uri=/error/error/error/error/error/error/error/error/error/error/error/error/error/error/error/error/error/error/error/error/500
java.io.FileNotFoundException: class path resource [static/ng-app/index.html] cannot be resolved to URL because it does not exist
	at at org.springframework.core.io.ClassPathResource.getURL(ClassPathResource.java:230)
2026-08-31 11:06:38.257 WARN  [o.s.w.s.m.m.a.ExceptionHandlerExceptionResolver] Resolved [java.io.FileNotFoundException: class path resource [static/ng-app/index.html] cannot be resolved to URL because it does not exist]
2026-08-31 11:06:38.266 ERROR [c.a.c.GlobalApiExceptionHandler] Unhandled exception for uri=/error/error/error/error/error/error/error/error/error/error/error/error/error/error/error/error/error/error/error/error/error/500
java.io.FileNotFoundException: class path resource [static/ng-app/index.html] cannot be resolved to URL because it does not exist
	at at org.springframework.core.io.ClassPathResource.getURL(ClassPathResource.java:230)
2026-08-31 11:06:38.267 WARN  [o.s.w.s.m.m.a.ExceptionHandlerExceptionResolver] Resolved [java.io.FileNotFoundException: class path resource [static/ng-app/index.html] cannot be resolved to URL because it does not exist]
2026-08-31 11:06:38.275 ERROR [c.a.c.GlobalApiExceptionHandler] Unhandled exception for uri=/error/error/error/error/error/error/error/error/error/error/error/error/error/error/error/error/error/error/error/error/error/error/500
java.io.FileNotFoundException: class path resource [static/ng-app/index.html] cannot be resolved to URL because it does not exist
	at at org.springframework.core.io.ClassPathResource.getURL(ClassPathResource.java:230)
2026-08-31 11:06:38.275 WARN  [o.s.w.s.m.m.a.ExceptionHandlerExceptionResolver] Resolved [java.io.FileNotFoundException: class path resource [static/ng-app/index.html] cannot be resolved to URL because it does not exist]
2026-08-31 11:06:38.280 ERROR [c.a.c.GlobalApiExceptionHandler] Unhandled exception for uri=/error/error/error/error/error/error/error/error/error/error/error/error/error/error/error/error/error/error/error/error/error/error/error/500
java.io.FileNotFoundException: class path resource [static/ng-app/index.html] cannot be resolved to URL because it does not exist
	at at org.springframework.core.io.ClassPathResource.getURL(ClassPathResource.java:230)
2026-08-31 11:06:38.281 WARN  [o.s.w.s.m.m.a.ExceptionHandlerExceptionResolver] Resolved [java.io.FileNotFoundException: class path resource [static/ng-app/index.html] cannot be resolved to URL because it does not exist]
2026-08-31 11:06:38.287 ERROR [c.a.c.GlobalApiExceptionHandler] Unhandled exception for uri=/error/error/error/error/error/error/error/error/error/error/error/error/error/error/error/error/error/error/error/error/error/error/error/error/500
java.io.FileNotFoundException: class path resource [static/ng-app/index.html] cannot be resolved to URL because it does not exist
	at at org.springframework.core.io.ClassPathResource.getURL(ClassPathResource.java:230)
2026-08-31 11:06:38.288 WARN  [o.s.w.s.m.m.a.ExceptionHandlerExceptionResolver] Resolved [java.io.FileNotFoundException: class path resource [static/ng-app/index.html] cannot be resolved to URL because it does not exist]
2026-08-31 11:06:38.297 ERROR [c.a.c.GlobalApiExceptionHandler] Unhandled exception for uri=/error/error/error/error/error/error/error/error/error/error/error/error/error/error/error/error/error/error/error/error/error/error/error/error/error/500
java.io.FileNotFoundException: class path resource [static/ng-app/index.html] cannot be resolved to URL because it does not exist
	at at org.springframework.core.io.ClassPathResource.getURL(ClassPathResource.java:230)
2026-08-31 11:06:38.297 WARN  [o.s.w.s.m.m.a.ExceptionHandlerExceptionResolver] Resolved [java.io.FileNotFoundException: class path resource [static/ng-app/index.html] cannot be resolved to URL because it does not exist]
2026-08-31 11:06:38.304 ERROR [c.a.c.GlobalApiExceptionHandler] Unhandled exception for uri=/error/error/error/error/error/error/error/error/error/error/error/error/error/error/error/error/error/error/error/error/error/error/error/error/error/error/500
java.io.FileNotFoundException: class path resource [static/ng-app/index.html] cannot be resolved to URL because it does not exist
	at at org.springframework.core.io.ClassPathResource.getURL(ClassPathResource.java:230)
2026-08-31 11:06:38.305 WARN  [o.s.w.s.m.m.a.ExceptionHandlerExceptionResolver] Resolved [java.io.FileNotFoundException: class path resource [static/ng-app/index.html] cannot be resolved to URL because it does not exist]
2026-08-31 11:06:38.313 ERROR [c.a.c.GlobalApiExceptionHandler] Unhandled exception for uri=/error/error/error/error/error/error/error/error/error/error/error/error/error/error/error/error/error/error/error/error/error/error/error/error/error/error/error/500
java.io.FileNotFoundException: class path resource [static/ng-app/index.html] cannot be resolved to URL because it does not exist
	at at org.springframework.core.io.ClassPathResource.getURL(ClassPathResource.java:230)
2026-08-31 11:06:38.314 WARN  [o.s.w.s.m.m.a.ExceptionHandlerExceptionResolver] Resolved [java.io.FileNotFoundException: class path resource [static/ng-app/index.html] cannot be resolved to URL because it does not exist]
2026-08-31 11:06:38.328 ERROR [c.a.c.GlobalApiExceptionHandler] Unhandled exception for uri=/error/error/error/error/error/error/error/error/error/error/error/error/error/error/error/error/error/error/error/error/error/error/error/error/error/error/error/error/500
java.io.FileNotFoundException: class path resource [static/ng-app/index.html] cannot be resolved to URL because it does not exist
	at at org.springframework.core.io.ClassPathResource.getURL(ClassPathResource.java:230)
2026-08-31 11:06:38.329 WARN  [o.s.w.s.m.m.a.ExceptionHandlerExceptionResolver] Resolved [java.io.FileNotFoundException: class path resource [static/ng-app/index.html] cannot be resolved to URL because it does not exist]
2026-08-31 11:06:38.338 ERROR [c.a.c.GlobalApiExceptionHandler] Unhandled exception for uri=/error/error/error/error/error/error/error/error/error/error/error/error/error/error/error/error/error/error/error/error/error/error/error/error/error/error/error/error/error/500
java.io.FileNotFoundException: class path resource [static/ng-app/index.html] cannot be resolved to URL because it does not exist
	at at org.springframework.core.io.ClassPathResource.getURL(ClassPathResource.java:230)
2026-08-31 11:06:38.338 WARN  [o.s.w.s.m.m.a.ExceptionHandlerExceptionResolver] Resolved [java.io.FileNotFoundException: class path resource [static/ng-app/index.html] cannot be resolved to URL because it does not exist]
2026-08-31 11:06:38.348 ERROR [c.a.c.GlobalApiExceptionHandler] Unhandled exception for uri=/error/error/error/error/error/error/error/error/error/error/error/error/error/error/error/error/error/error/error/error/error/error/error/error/error/error/error/error/error/error/500
java.io.FileNotFoundException: class path resource [static/ng-app/index.html] cannot be resolved to URL because it does not exist
	at at org.springframework.core.io.ClassPathResource.getURL(ClassPathResource.java:230)
2026-08-31 11:06:38.349 WARN  [o.s.w.s.m.m.a.ExceptionHandlerExceptionResolver] Resolved [java.io.FileNotFoundException: class path resource [static/ng-app/index.html] cannot be resolved to URL because it does not exist]
2026-08-31 11:06:38.358 ERROR [c.a.c.GlobalApiExceptionHandler] Unhandled exception for uri=/error/error/error/error/error/error/error/error/error/error/error/error/error/error/error/error/error/error/error/error/error/error/error/error/error/error/error/error/error/error/error/500
java.io.FileNotFoundException: class path resource [static/ng-app/index.html] cannot be resolved to URL because it does not exist
	at at org.springframework.core.io.ClassPathResource.getURL(ClassPathResource.java:230)
2026-08-31 11:06:38.359 WARN  [o.s.w.s.m.m.a.ExceptionHandlerExceptionResolver] Resolved [java.io.FileNotFoundException: class path resource [static/ng-app/index.html] cannot be resolved to URL because it does not exist]
2026-08-31 11:06:38.367 ERROR [c.a.c.GlobalApiExceptionHandler] Unhandled exception for uri=/error/error/error/error/error/error/error/error/error/error/error/error/error/error/error/error/error/error/error/error/error/error/error/error/error/error/error/error/error/error/error/error/500
java.io.FileNotFoundException: class path resource [static/ng-app/index.html] cannot be resolved to URL because it does not exist
	at at org.springframework.core.io.ClassPathResource.getURL(ClassPathResource.java:230)
2026-08-31 11:06:38.368 WARN  [o.s.w.s.m.m.a.ExceptionHandlerExceptionResolver] Resolved [java.io.FileNotFoundException: class path resource [static/ng-app/index.html] cannot be resolved to URL because it does not exist]
2026-08-31 11:06:38.378 ERROR [c.a.c.GlobalApiExceptionHandler] Unhandled exception for uri=/error/error/error/error/error/error/error/error/error/error/error/error/error/error/error/error/error/error/error/error/error/error/error/error/error/error/error/error/error/error/error/error/error/500
java.io.FileNotFoundException: class path resource [static/ng-app/index.html] cannot be resolved to URL because it does not exist
	at at org.springframework.core.io.ClassPathResource.getURL(ClassPathResource.java:230)
2026-08-31 11:06:38.379 WARN  [o.s.w.s.m.m.a.ExceptionHandlerExceptionResolver] Resolved [java.io.FileNotFoundException: class path resource [static/ng-app/index.html] cannot be resolved to URL because it does not exist]
2026-08-31 11:06:38.391 ERROR [c.a.c.GlobalApiExceptionHandler] Unhandled exception for uri=/error/error/error/error/error/error/error/error/error/error/error/error/error/error/error/error/error/error/error/error/error/error/error/error/error/error/error/error/error/error/error/error/error/error/500
java.io.FileNotFoundException: class path resource [static/ng-app/index.html] cannot be resolved to URL because it does not exist
	at at org.springframework.core.io.ClassPathResource.getURL(ClassPathResource.java:230)
2026-08-31 11:06:38.392 WARN  [o.s.w.s.m.m.a.ExceptionHandlerExceptionResolver] Resolved [java.io.FileNotFoundException: class path resource [static/ng-app/index.html] cannot be resolved to URL because it does not exist]
2026-08-31 11:06:38.407 ERROR [c.a.c.GlobalApiExceptionHandler] Unhandled exception for uri=/error/error/error/error/error/error/error/error/error/error/error/error/error/error/error/error/error/error/error/error/error/error/error/error/error/error/error/error/error/error/error/error/error/error/error/500
java.io.FileNotFoundException: class path resource [static/ng-app/index.html] cannot be resolved to URL because it does not exist
	at at org.springframework.core.io.ClassPathResource.getURL(ClassPathResource.java:230)
2026-08-31 11:06:38.408 WARN  [o.s.w.s.m.m.a.ExceptionHandlerExceptionResolver] Resolved [java.io.FileNotFoundException: class path resource [static/ng-app/index.html] cannot be resolved to URL because it does not exist]
2026-08-31 11:06:38.423 ERROR [c.a.c.GlobalApiExceptionHandler] Unhandled exception for uri=/error/error/error/error/error/error/error/error/error/error/error/error/error/error/error/error/error/error/error/error/error/error/error/error/error/error/error/error/error/error/error/error/error/error/error/error/500
java.io.FileNotFoundException: class path resource [static/ng-app/index.html] cannot be resolved to URL because it does not exist
	at at org.springframework.core.io.ClassPathResource.getURL(ClassPathResource.java:230)
2026-08-31 11:06:38.424 WARN  [o.s.w.s.m.m.a.ExceptionHandlerExceptionResolver] Resolved [java.io.FileNotFoundException: class path resource [static/ng-app/index.html] cannot be resolved to URL because it does not exist]
2026-08-31 11:06:38.435 ERROR [o.a.c.c.C.[.[.[.[dispatcherServlet]] Servlet.service() for servlet [dispatcherServlet] threw exception
java.lang.StackOverflowError
	at at jakarta.servlet.ServletRequestWrapper.getAttribute(ServletRequestWrapper.java:83)
2026-08-31 11:06:38.436 ERROR [c.a.s.s.s.i.LoggingServiceImpl] [API_ERROR] Exception during GET /error/error/error/error/error/error/error/error/error/error/error/error/error/error/error/error/error/error/error/error/error/error/error/error/error/error/error/error/error/error/error/error/error/error/error/error/500 [correlationId=a0717d6c-ed5a-4ce9-965c-c50ec9af0f67] [ip=0:0:0:0:0:0:0:1] [context={duration=13, referer=http://localhost:8081/login, endpoint=/error/error/error/error/error/error/error/error/error/error/error/error/error/error/error/error/error/error/error/error/error/error/error/error/error/error/error/error/error/error/error/error/error/error/error/error/500, method=GET, errorType=REQUEST_EXCEPTION, exceptionClass=ServletException, userAgent=Mozilla/5.0 (Windows NT 10.0; Win64; x64) AppleWebKit/537.36 (KHTML, like Gecko) Chrome/152.0.0.0 Safari/537.36 Edg/152.0.0.0, exceptionMessage=REDACTED, statusCode=200}]
Caused by: java.lang.StackOverflowError
	at at jakarta.servlet.ServletRequestWrapper.getAttribute(ServletRequestWrapper.java:83)
jakarta.servlet.ServletException: Filter execution threw an exception
	at at org.apache.catalina.core.ApplicationFilterChain.internalDoFilter(ApplicationFilterChain.java:171)
2026-08-31 11:06:38.440 ERROR [o.a.c.c.C.[.[.[.[dispatcherServlet]] Servlet.service() for servlet [dispatcherServlet] threw exception
java.lang.StackOverflowError
	at at jakarta.servlet.ServletRequestWrapper.getAttribute(ServletRequestWrapper.java:83)
2026-08-31 11:06:38.440 ERROR [c.a.s.s.s.i.LoggingServiceImpl] [API_ERROR] Exception during GET /error/error/error/error/error/error/error/error/error/error/error/error/error/error/error/error/error/error/error/error/error/error/error/error/error/error/error/error/error/error/error/error/error/error/error/500 [correlationId=a0717d6c-ed5a-4ce9-965c-c50ec9af0f67] [ip=0:0:0:0:0:0:0:1] [context={duration=18, referer=http://localhost:8081/login, endpoint=/error/error/error/error/error/error/error/error/error/error/error/error/error/error/error/error/error/error/error/error/error/error/error/error/error/error/error/error/error/error/error/error/error/error/error/500, method=GET, errorType=REQUEST_EXCEPTION, exceptionClass=ServletException, userAgent=Mozilla/5.0 (Windows NT 10.0; Win64; x64) AppleWebKit/537.36 (KHTML, like Gecko) Chrome/152.0.0.0 Safari/537.36 Edg/152.0.0.0, exceptionMessage=REDACTED, statusCode=200}]
Caused by: java.lang.StackOverflowError
	at at jakarta.servlet.ServletRequestWrapper.getAttribute(ServletRequestWrapper.java:83)
jakarta.servlet.ServletException: Filter execution threw an exception
	at at org.apache.catalina.core.ApplicationFilterChain.internalDoFilter(ApplicationFilterChain.java:171)
2026-08-31 11:06:38.444 ERROR [o.a.c.c.C.[.[.[.[dispatcherServlet]] Servlet.service() for servlet [dispatcherServlet] threw exception
java.lang.StackOverflowError
	at at jakarta.servlet.ServletRequestWrapper.getAttribute(ServletRequestWrapper.java:83)
2026-08-31 11:06:38.445 ERROR [c.a.s.s.s.i.LoggingServiceImpl] [API_ERROR] Exception during GET /error/error/error/error/error/error/error/error/error/error/error/error/error/error/error/error/error/error/error/error/error/error/error/error/error/error/error/error/error/error/error/error/error/error/500 [correlationId=a0717d6c-ed5a-4ce9-965c-c50ec9af0f67] [ip=0:0:0:0:0:0:0:1] [context={duration=22, referer=http://localhost:8081/login, endpoint=/error/error/error/error/error/error/error/error/error/error/error/error/error/error/error/error/error/error/error/error/error/error/error/error/error/error/error/error/error/error/error/error/error/error/500, method=GET, errorType=REQUEST_EXCEPTION, exceptionClass=ServletException, userAgent=Mozilla/5.0 (Windows NT 10.0; Win64; x64) AppleWebKit/537.36 (KHTML, like Gecko) Chrome/152.0.0.0 Safari/537.36 Edg/152.0.0.0, exceptionMessage=REDACTED, statusCode=200}]
Caused by: java.lang.StackOverflowError
	at at jakarta.servlet.ServletRequestWrapper.getAttribute(ServletRequestWrapper.java:83)
jakarta.servlet.ServletException: Filter execution threw an exception
	at at org.apache.catalina.core.ApplicationFilterChain.internalDoFilter(ApplicationFilterChain.java:171)
2026-08-31 11:06:38.448 ERROR [o.a.c.c.C.[.[.[.[dispatcherServlet]] Servlet.service() for servlet [dispatcherServlet] threw exception
java.lang.StackOverflowError
	at at jakarta.servlet.ServletRequestWrapper.getAttribute(ServletRequestWrapper.java:83)
2026-08-31 11:06:38.449 ERROR [c.a.s.s.s.i.LoggingServiceImpl] [API_ERROR] Exception during GET /error/error/error/error/error/error/error/error/error/error/error/error/error/error/error/error/error/error/error/error/error/error/error/error/error/error/error/error/error/error/error/error/error/500 [correlationId=a0717d6c-ed5a-4ce9-965c-c50ec9af0f67] [ip=0:0:0:0:0:0:0:1] [context={duration=27, referer=http://localhost:8081/login, endpoint=/error/error/error/error/error/error/error/error/error/error/error/error/error/error/error/error/error/error/error/error/error/error/error/error/error/error/error/error/error/error/error/error/error/500, method=GET, errorType=REQUEST_EXCEPTION, exceptionClass=ServletException, userAgent=Mozilla/5.0 (Windows NT 10.0; Win64; x64) AppleWebKit/537.36 (KHTML, like Gecko) Chrome/152.0.0.0 Safari/537.36 Edg/152.0.0.0, exceptionMessage=REDACTED, statusCode=200}]
Caused by: java.lang.StackOverflowError
	at at jakarta.servlet.ServletRequestWrapper.getAttribute(ServletRequestWrapper.java:83)
jakarta.servlet.ServletException: Filter execution threw an exception
	at at org.apache.catalina.core.ApplicationFilterChain.internalDoFilter(ApplicationFilterChain.java:171)
2026-08-31 11:06:38.452 ERROR [o.a.c.c.C.[.[.[.[dispatcherServlet]] Servlet.service() for servlet [dispatcherServlet] threw exception
java.lang.StackOverflowError
	at at jakarta.servlet.ServletRequestWrapper.getAttribute(ServletRequestWrapper.java:83)
2026-08-31 11:06:38.453 ERROR [c.a.s.s.s.i.LoggingServiceImpl] [API_ERROR] Exception during GET /error/error/error/error/error/error/error/error/error/error/error/error/error/error/error/error/error/error/error/error/error/error/error/error/error/error/error/error/error/error/error/error/500 [correlationId=a0717d6c-ed5a-4ce9-965c-c50ec9af0f67] [ip=0:0:0:0:0:0:0:1] [context={duration=30, referer=http://localhost:8081/login, endpoint=/error/error/error/error/error/error/error/error/error/error/error/error/error/error/error/error/error/error/error/error/error/error/error/error/error/error/error/error/error/error/error/error/500, method=GET, errorType=REQUEST_EXCEPTION, exceptionClass=ServletException, userAgent=Mozilla/5.0 (Windows NT 10.0; Win64; x64) AppleWebKit/537.36 (KHTML, like Gecko) Chrome/152.0.0.0 Safari/537.36 Edg/152.0.0.0, exceptionMessage=REDACTED, statusCode=200}]
Caused by: java.lang.StackOverflowError
	at at jakarta.servlet.ServletRequestWrapper.getAttribute(ServletRequestWrapper.java:83)
jakarta.servlet.ServletException: Filter execution threw an exception
	at at org.apache.catalina.core.ApplicationFilterChain.internalDoFilter(ApplicationFilterChain.java:171)
2026-08-31 11:06:38.456 ERROR [o.a.c.c.C.[.[.[.[dispatcherServlet]] Servlet.service() for servlet [dispatcherServlet] threw exception
java.lang.StackOverflowError
	at at jakarta.servlet.ServletRequestWrapper.getAttribute(ServletRequestWrapper.java:83)
2026-08-31 11:06:38.457 ERROR [c.a.s.s.s.i.LoggingServiceImpl] [API_ERROR] Exception during GET /error/error/error/error/error/error/error/error/error/error/error/error/error/error/error/error/error/error/error/error/error/error/error/error/error/error/error/error/error/error/error/500 [correlationId=a0717d6c-ed5a-4ce9-965c-c50ec9af0f67] [ip=0:0:0:0:0:0:0:1] [context={duration=34, referer=http://localhost:8081/login, endpoint=/error/error/error/error/error/error/error/error/error/error/error/error/error/error/error/error/error/error/error/error/error/error/error/error/error/error/error/error/error/error/error/500, method=GET, errorType=REQUEST_EXCEPTION, exceptionClass=ServletException, userAgent=Mozilla/5.0 (Windows NT 10.0; Win64; x64) AppleWebKit/537.36 (KHTML, like Gecko) Chrome/152.0.0.0 Safari/537.36 Edg/152.0.0.0, exceptionMessage=REDACTED, statusCode=200}]
Caused by: java.lang.StackOverflowError
	at at jakarta.servlet.ServletRequestWrapper.getAttribute(ServletRequestWrapper.java:83)
jakarta.servlet.ServletException: Filter execution threw an exception
	at at org.apache.catalina.core.ApplicationFilterChain.internalDoFilter(ApplicationFilterChain.java:171)
2026-08-31 11:06:38.458 ERROR [o.a.c.c.C.[.[.[.[dispatcherServlet]] Servlet.service() for servlet [dispatcherServlet] threw exception
java.lang.StackOverflowError
	at at jakarta.servlet.ServletRequestWrapper.getAttribute(ServletRequestWrapper.java:83)
2026-08-31 11:06:38.459 ERROR [c.a.s.s.s.i.LoggingServiceImpl] [API_ERROR] Exception during GET /error/error/error/error/error/error/error/error/error/error/error/error/error/error/error/error/error/error/error/error/error/error/error/error/error/error/error/error/error/error/500 [correlationId=a0717d6c-ed5a-4ce9-965c-c50ec9af0f67] [ip=0:0:0:0:0:0:0:1] [context={duration=36, referer=http://localhost:8081/login, endpoint=/error/error/error/error/error/error/error/error/error/error/error/error/error/error/error/error/error/error/error/error/error/error/error/error/error/error/error/error/error/error/500, method=GET, errorType=REQUEST_EXCEPTION, exceptionClass=ServletException, userAgent=Mozilla/5.0 (Windows NT 10.0; Win64; x64) AppleWebKit/537.36 (KHTML, like Gecko) Chrome/152.0.0.0 Safari/537.36 Edg/152.0.0.0, exceptionMessage=REDACTED, statusCode=200}]
Caused by: java.lang.StackOverflowError
	at at jakarta.servlet.ServletRequestWrapper.getAttribute(ServletRequestWrapper.java:83)
jakarta.servlet.ServletException: Filter execution threw an exception
	at at org.apache.catalina.core.ApplicationFilterChain.internalDoFilter(ApplicationFilterChain.java:171)
2026-08-31 11:06:38.460 ERROR [o.a.c.c.C.[.[.[.[dispatcherServlet]] Servlet.service() for servlet [dispatcherServlet] threw exception
java.lang.StackOverflowError
	at at jakarta.servlet.ServletRequestWrapper.getAttribute(ServletRequestWrapper.java:83)
2026-08-31 11:06:38.462 ERROR [c.a.s.s.s.i.LoggingServiceImpl] [API_ERROR] Exception during GET /error/error/error/error/error/error/error/error/error/error/error/error/error/error/error/error/error/error/error/error/error/error/error/error/error/error/error/error/error/500 [correlationId=a0717d6c-ed5a-4ce9-965c-c50ec9af0f67] [ip=0:0:0:0:0:0:0:1] [context={duration=38, referer=http://localhost:8081/login, endpoint=/error/error/error/error/error/error/error/error/error/error/error/error/error/error/error/error/error/error/error/error/error/error/error/error/error/error/error/error/error/500, method=GET, errorType=REQUEST_EXCEPTION, exceptionClass=ServletException, userAgent=Mozilla/5.0 (Windows NT 10.0; Win64; x64) AppleWebKit/537.36 (KHTML, like Gecko) Chrome/152.0.0.0 Safari/537.36 Edg/152.0.0.0, exceptionMessage=REDACTED, statusCode=200}]
Caused by: java.lang.StackOverflowError
	at at jakarta.servlet.ServletRequestWrapper.getAttribute(ServletRequestWrapper.java:83)
jakarta.servlet.ServletException: Filter execution threw an exception
	at at org.apache.catalina.core.ApplicationFilterChain.internalDoFilter(ApplicationFilterChain.java:171)
2026-08-31 11:06:38.464 ERROR [o.a.c.c.C.[.[.[.[dispatcherServlet]] Servlet.service() for servlet [dispatcherServlet] threw exception
java.lang.StackOverflowError
	at at jakarta.servlet.ServletRequestWrapper.getAttribute(ServletRequestWrapper.java:83)
2026-08-31 11:06:38.464 ERROR [c.a.s.s.s.i.LoggingServiceImpl] [API_ERROR] Exception during GET /error/error/error/error/error/error/error/error/error/error/error/error/error/error/error/error/error/error/error/error/error/error/error/error/error/error/error/error/500 [correlationId=a0717d6c-ed5a-4ce9-965c-c50ec9af0f67] [ip=0:0:0:0:0:0:0:1] [context={duration=42, referer=http://localhost:8081/login, endpoint=/error/error/error/error/error/error/error/error/error/error/error/error/error/error/error/error/error/error/error/error/error/error/error/error/error/error/error/error/500, method=GET, errorType=REQUEST_EXCEPTION, exceptionClass=ServletException, userAgent=Mozilla/5.0 (Windows NT 10.0; Win64; x64) AppleWebKit/537.36 (KHTML, like Gecko) Chrome/152.0.0.0 Safari/537.36 Edg/152.0.0.0, exceptionMessage=REDACTED, statusCode=200}]
Caused by: java.lang.StackOverflowError
	at at jakarta.servlet.ServletRequestWrapper.getAttribute(ServletRequestWrapper.java:83)
jakarta.servlet.ServletException: Filter execution threw an exception
	at at org.apache.catalina.core.ApplicationFilterChain.internalDoFilter(ApplicationFilterChain.java:171)
2026-08-31 11:06:38.466 ERROR [o.a.c.c.C.[.[.[.[dispatcherServlet]] Servlet.service() for servlet [dispatcherServlet] threw exception
java.lang.StackOverflowError
	at at jakarta.servlet.ServletRequestWrapper.getAttribute(ServletRequestWrapper.java:83)
2026-08-31 11:06:38.467 ERROR [c.a.s.s.s.i.LoggingServiceImpl] [API_ERROR] Exception during GET /error/error/error/error/error/error/error/error/error/error/error/error/error/error/error/error/error/error/error/error/error/error/error/error/error/error/error/500 [correlationId=a0717d6c-ed5a-4ce9-965c-c50ec9af0f67] [ip=0:0:0:0:0:0:0:1] [context={duration=44, referer=http://localhost:8081/login, endpoint=/error/error/error/error/error/error/error/error/error/error/error/error/error/error/error/error/error/error/error/error/error/error/error/error/error/error/error/500, method=GET, errorType=REQUEST_EXCEPTION, exceptionClass=ServletException, userAgent=Mozilla/5.0 (Windows NT 10.0; Win64; x64) AppleWebKit/537.36 (KHTML, like Gecko) Chrome/152.0.0.0 Safari/537.36 Edg/152.0.0.0, exceptionMessage=REDACTED, statusCode=200}]
Caused by: java.lang.StackOverflowError
	at at jakarta.servlet.ServletRequestWrapper.getAttribute(ServletRequestWrapper.java:83)
jakarta.servlet.ServletException: Filter execution threw an exception
	at at org.apache.catalina.core.ApplicationFilterChain.internalDoFilter(ApplicationFilterChain.java:171)
2026-08-31 11:06:38.469 ERROR [o.a.c.c.C.[.[.[.[dispatcherServlet]] Servlet.service() for servlet [dispatcherServlet] threw exception
java.lang.StackOverflowError
	at at jakarta.servlet.ServletRequestWrapper.getAttribute(ServletRequestWrapper.java:83)
2026-08-31 11:06:38.470 ERROR [c.a.s.s.s.i.LoggingServiceImpl] [API_ERROR] Exception during GET /error/error/error/error/error/error/error/error/error/error/error/error/error/error/error/error/error/error/error/error/error/error/error/error/error/error/500 [correlationId=a0717d6c-ed5a-4ce9-965c-c50ec9af0f67] [ip=0:0:0:0:0:0:0:1] [context={duration=47, referer=http://localhost:8081/login, endpoint=/error/error/error/error/error/error/error/error/error/error/error/error/error/error/error/error/error/error/error/error/error/error/error/error/error/error/500, method=GET, errorType=REQUEST_EXCEPTION, exceptionClass=ServletException, userAgent=Mozilla/5.0 (Windows NT 10.0; Win64; x64) AppleWebKit/537.36 (KHTML, like Gecko) Chrome/152.0.0.0 Safari/537.36 Edg/152.0.0.0, exceptionMessage=REDACTED, statusCode=200}]
Caused by: java.lang.StackOverflowError
	at at jakarta.servlet.ServletRequestWrapper.getAttribute(ServletRequestWrapper.java:83)
jakarta.servlet.ServletException: Filter execution threw an exception
	at at org.apache.catalina.core.ApplicationFilterChain.internalDoFilter(ApplicationFilterChain.java:171)
2026-08-31 11:06:38.472 ERROR [o.a.c.c.C.[.[.[.[dispatcherServlet]] Servlet.service() for servlet [dispatcherServlet] threw exception
java.lang.StackOverflowError
	at at jakarta.servlet.ServletRequestWrapper.getAttribute(ServletRequestWrapper.java:83)
2026-08-31 11:06:38.473 ERROR [c.a.s.s.s.i.LoggingServiceImpl] [API_ERROR] Exception during GET /error/error/error/error/error/error/error/error/error/error/error/error/error/error/error/error/error/error/error/error/error/error/error/error/error/500 [correlationId=a0717d6c-ed5a-4ce9-965c-c50ec9af0f67] [ip=0:0:0:0:0:0:0:1] [context={duration=50, referer=http://localhost:8081/login, endpoint=/error/error/error/error/error/error/error/error/error/error/error/error/error/error/error/error/error/error/error/error/error/error/error/error/error/500, method=GET, errorType=REQUEST_EXCEPTION, exceptionClass=ServletException, userAgent=Mozilla/5.0 (Windows NT 10.0; Win64; x64) AppleWebKit/537.36 (KHTML, like Gecko) Chrome/152.0.0.0 Safari/537.36 Edg/152.0.0.0, exceptionMessage=REDACTED, statusCode=200}]
Caused by: java.lang.StackOverflowError
	at at jakarta.servlet.ServletRequestWrapper.getAttribute(ServletRequestWrapper.java:83)
jakarta.servlet.ServletException: Filter execution threw an exception
	at at org.apache.catalina.core.ApplicationFilterChain.internalDoFilter(ApplicationFilterChain.java:171)
2026-08-31 11:06:38.475 ERROR [o.a.c.c.C.[.[.[.[dispatcherServlet]] Servlet.service() for servlet [dispatcherServlet] threw exception
java.lang.StackOverflowError
	at at jakarta.servlet.ServletRequestWrapper.getAttribute(ServletRequestWrapper.java:83)
2026-08-31 11:06:38.475 ERROR [c.a.s.s.s.i.LoggingServiceImpl] [API_ERROR] Exception during GET /error/error/error/error/error/error/error/error/error/error/error/error/error/error/error/error/error/error/error/error/error/error/error/error/500 [correlationId=a0717d6c-ed5a-4ce9-965c-c50ec9af0f67] [ip=0:0:0:0:0:0:0:1] [context={duration=53, referer=http://localhost:8081/login, endpoint=/error/error/error/error/error/error/error/error/error/error/error/error/error/error/error/error/error/error/error/error/error/error/error/error/500, method=GET, errorType=REQUEST_EXCEPTION, exceptionClass=ServletException, userAgent=Mozilla/5.0 (Windows NT 10.0; Win64; x64) AppleWebKit/537.36 (KHTML, like Gecko) Chrome/152.0.0.0 Safari/537.36 Edg/152.0.0.0, exceptionMessage=REDACTED, statusCode=200}]
Caused by: java.lang.StackOverflowError
	at at jakarta.servlet.ServletRequestWrapper.getAttribute(ServletRequestWrapper.java:83)
jakarta.servlet.ServletException: Filter execution threw an exception
	at at org.apache.catalina.core.ApplicationFilterChain.internalDoFilter(ApplicationFilterChain.java:171)
2026-08-31 11:06:38.477 ERROR [o.a.c.c.C.[.[.[.[dispatcherServlet]] Servlet.service() for servlet [dispatcherServlet] threw exception
java.lang.StackOverflowError
	at at jakarta.servlet.ServletRequestWrapper.getAttribute(ServletRequestWrapper.java:83)
2026-08-31 11:06:38.477 ERROR [c.a.s.s.s.i.LoggingServiceImpl] [API_ERROR] Exception during GET /error/error/error/error/error/error/error/error/error/error/error/error/error/error/error/error/error/error/error/error/error/error/error/500 [correlationId=a0717d6c-ed5a-4ce9-965c-c50ec9af0f67] [ip=0:0:0:0:0:0:0:1] [context={duration=55, referer=http://localhost:8081/login, endpoint=/error/error/error/error/error/error/error/error/error/error/error/error/error/error/error/error/error/error/error/error/error/error/error/500, method=GET, errorType=REQUEST_EXCEPTION, exceptionClass=ServletException, userAgent=Mozilla/5.0 (Windows NT 10.0; Win64; x64) AppleWebKit/537.36 (KHTML, like Gecko) Chrome/152.0.0.0 Safari/537.36 Edg/152.0.0.0, exceptionMessage=REDACTED, statusCode=200}]
Caused by: java.lang.StackOverflowError
	at at jakarta.servlet.ServletRequestWrapper.getAttribute(ServletRequestWrapper.java:83)
jakarta.servlet.ServletException: Filter execution threw an exception
	at at org.apache.catalina.core.ApplicationFilterChain.internalDoFilter(ApplicationFilterChain.java:171)
2026-08-31 11:06:38.480 ERROR [o.a.c.c.C.[.[.[.[dispatcherServlet]] Servlet.service() for servlet [dispatcherServlet] threw exception
java.lang.StackOverflowError
	at at jakarta.servlet.ServletRequestWrapper.getAttribute(ServletRequestWrapper.java:83)
2026-08-31 11:06:38.480 ERROR [c.a.s.s.s.i.LoggingServiceImpl] [API_ERROR] Exception during GET /error/error/error/error/error/error/error/error/error/error/error/error/error/error/error/error/error/error/error/error/error/error/500 [correlationId=a0717d6c-ed5a-4ce9-965c-c50ec9af0f67] [ip=0:0:0:0:0:0:0:1] [context={duration=58, referer=http://localhost:8081/login, endpoint=/error/error/error/error/error/error/error/error/error/error/error/error/error/error/error/error/error/error/error/error/error/error/500, method=GET, errorType=REQUEST_EXCEPTION, exceptionClass=ServletException, userAgent=Mozilla/5.0 (Windows NT 10.0; Win64; x64) AppleWebKit/537.36 (KHTML, like Gecko) Chrome/152.0.0.0 Safari/537.36 Edg/152.0.0.0, exceptionMessage=REDACTED, statusCode=200}]
Caused by: java.lang.StackOverflowError
	at at jakarta.servlet.ServletRequestWrapper.getAttribute(ServletRequestWrapper.java:83)
jakarta.servlet.ServletException: Filter execution threw an exception
	at at org.apache.catalina.core.ApplicationFilterChain.internalDoFilter(ApplicationFilterChain.java:171)
2026-08-31 11:06:38.482 ERROR [o.a.c.c.C.[.[.[.[dispatcherServlet]] Servlet.service() for servlet [dispatcherServlet] threw exception
java.lang.StackOverflowError
	at at jakarta.servlet.ServletRequestWrapper.getAttribute(ServletRequestWrapper.java:83)
2026-08-31 11:06:38.483 ERROR [c.a.s.s.s.i.LoggingServiceImpl] [API_ERROR] Exception during GET /error/error/error/error/error/error/error/error/error/error/error/error/error/error/error/error/error/error/error/error/error/500 [correlationId=a0717d6c-ed5a-4ce9-965c-c50ec9af0f67] [ip=0:0:0:0:0:0:0:1] [context={duration=61, referer=http://localhost:8081/login, endpoint=/error/error/error/error/error/error/error/error/error/error/error/error/error/error/error/error/error/error/error/error/error/500, method=GET, errorType=REQUEST_EXCEPTION, exceptionClass=ServletException, userAgent=Mozilla/5.0 (Windows NT 10.0; Win64; x64) AppleWebKit/537.36 (KHTML, like Gecko) Chrome/152.0.0.0 Safari/537.36 Edg/152.0.0.0, exceptionMessage=REDACTED, statusCode=200}]
Caused by: java.lang.StackOverflowError
	at at jakarta.servlet.ServletRequestWrapper.getAttribute(ServletRequestWrapper.java:83)
jakarta.servlet.ServletException: Filter execution threw an exception
	at at org.apache.catalina.core.ApplicationFilterChain.internalDoFilter(ApplicationFilterChain.java:171)
2026-08-31 11:06:38.485 ERROR [o.a.c.c.C.[.[.[.[dispatcherServlet]] Servlet.service() for servlet [dispatcherServlet] threw exception
java.lang.StackOverflowError
	at at jakarta.servlet.ServletRequestWrapper.getAttribute(ServletRequestWrapper.java:83)
2026-08-31 11:06:38.485 ERROR [c.a.s.s.s.i.LoggingServiceImpl] [API_ERROR] Exception during GET /error/error/error/error/error/error/error/error/error/error/error/error/error/error/error/error/error/error/error/error/500 [correlationId=a0717d6c-ed5a-4ce9-965c-c50ec9af0f67] [ip=0:0:0:0:0:0:0:1] [context={duration=63, referer=http://localhost:8081/login, endpoint=/error/error/error/error/error/error/error/error/error/error/error/error/error/error/error/error/error/error/error/error/500, method=GET, errorType=REQUEST_EXCEPTION, exceptionClass=ServletException, userAgent=Mozilla/5.0 (Windows NT 10.0; Win64; x64) AppleWebKit/537.36 (KHTML, like Gecko) Chrome/152.0.0.0 Safari/537.36 Edg/152.0.0.0, exceptionMessage=REDACTED, statusCode=200}]
Caused by: java.lang.StackOverflowError
	at at jakarta.servlet.ServletRequestWrapper.getAttribute(ServletRequestWrapper.java:83)
jakarta.servlet.ServletException: Filter execution threw an exception
	at at org.apache.catalina.core.ApplicationFilterChain.internalDoFilter(ApplicationFilterChain.java:171)
2026-08-31 11:06:38.487 ERROR [o.a.c.c.C.[.[.[.[dispatcherServlet]] Servlet.service() for servlet [dispatcherServlet] threw exception
java.lang.StackOverflowError
	at at jakarta.servlet.ServletRequestWrapper.getAttribute(ServletRequestWrapper.java:83)
2026-08-31 11:06:38.488 ERROR [c.a.s.s.s.i.LoggingServiceImpl] [API_ERROR] Exception during GET /error/error/error/error/error/error/error/error/error/error/error/error/error/error/error/error/error/error/error/500 [correlationId=a0717d6c-ed5a-4ce9-965c-c50ec9af0f67] [ip=0:0:0:0:0:0:0:1] [context={duration=65, referer=http://localhost:8081/login, endpoint=/error/error/error/error/error/error/error/error/error/error/error/error/error/error/error/error/error/error/error/500, method=GET, errorType=REQUEST_EXCEPTION, exceptionClass=ServletException, userAgent=Mozilla/5.0 (Windows NT 10.0; Win64; x64) AppleWebKit/537.36 (KHTML, like Gecko) Chrome/152.0.0.0 Safari/537.36 Edg/152.0.0.0, exceptionMessage=REDACTED, statusCode=200}]
Caused by: java.lang.StackOverflowError
	at at jakarta.servlet.ServletRequestWrapper.getAttribute(ServletRequestWrapper.java:83)
jakarta.servlet.ServletException: Filter execution threw an exception
	at at org.apache.catalina.core.ApplicationFilterChain.internalDoFilter(ApplicationFilterChain.java:171)
2026-08-31 11:06:38.490 ERROR [o.a.c.c.C.[.[.[.[dispatcherServlet]] Servlet.service() for servlet [dispatcherServlet] threw exception
java.lang.StackOverflowError
	at at jakarta.servlet.ServletRequestWrapper.getAttribute(ServletRequestWrapper.java:83)
2026-08-31 11:06:38.490 ERROR [c.a.s.s.s.i.LoggingServiceImpl] [API_ERROR] Exception during GET /error/error/error/error/error/error/error/error/error/error/error/error/error/error/error/error/error/error/500 [correlationId=a0717d6c-ed5a-4ce9-965c-c50ec9af0f67] [ip=0:0:0:0:0:0:0:1] [context={duration=68, referer=http://localhost:8081/login, endpoint=/error/error/error/error/error/error/error/error/error/error/error/error/error/error/error/error/error/error/500, method=GET, errorType=REQUEST_EXCEPTION, exceptionClass=ServletException, userAgent=Mozilla/5.0 (Windows NT 10.0; Win64; x64) AppleWebKit/537.36 (KHTML, like Gecko) Chrome/152.0.0.0 Safari/537.36 Edg/152.0.0.0, exceptionMessage=REDACTED, statusCode=200}]
Caused by: java.lang.StackOverflowError
	at at jakarta.servlet.ServletRequestWrapper.getAttribute(ServletRequestWrapper.java:83)
jakarta.servlet.ServletException: Filter execution threw an exception
	at at org.apache.catalina.core.ApplicationFilterChain.internalDoFilter(ApplicationFilterChain.java:171)
2026-08-31 11:06:38.491 ERROR [o.a.c.c.C.[.[.[.[dispatcherServlet]] Servlet.service() for servlet [dispatcherServlet] threw exception
java.lang.StackOverflowError
	at at jakarta.servlet.ServletRequestWrapper.getAttribute(ServletRequestWrapper.java:83)
2026-08-31 11:06:38.492 ERROR [c.a.s.s.s.i.LoggingServiceImpl] [API_ERROR] Exception during GET /error/error/error/error/error/error/error/error/error/error/error/error/error/error/error/error/error/500 [correlationId=a0717d6c-ed5a-4ce9-965c-c50ec9af0f67] [ip=0:0:0:0:0:0:0:1] [context={duration=69, referer=http://localhost:8081/login, endpoint=/error/error/error/error/error/error/error/error/error/error/error/error/error/error/error/error/error/500, method=GET, errorType=REQUEST_EXCEPTION, exceptionClass=ServletException, userAgent=Mozilla/5.0 (Windows NT 10.0; Win64; x64) AppleWebKit/537.36 (KHTML, like Gecko) Chrome/152.0.0.0 Safari/537.36 Edg/152.0.0.0, exceptionMessage=REDACTED, statusCode=200}]
Caused by: java.lang.StackOverflowError
	at at jakarta.servlet.ServletRequestWrapper.getAttribute(ServletRequestWrapper.java:83)
jakarta.servlet.ServletException: Filter execution threw an exception
	at at org.apache.catalina.core.ApplicationFilterChain.internalDoFilter(ApplicationFilterChain.java:171)
2026-08-31 11:06:38.493 ERROR [o.a.c.c.C.[.[.[.[dispatcherServlet]] Servlet.service() for servlet [dispatcherServlet] threw exception
java.lang.StackOverflowError
	at at jakarta.servlet.ServletRequestWrapper.getAttribute(ServletRequestWrapper.java:83)
2026-08-31 11:06:38.494 ERROR [c.a.s.s.s.i.LoggingServiceImpl] [API_ERROR] Exception during GET /error/error/error/error/error/error/error/error/error/error/error/error/error/error/error/error/500 [correlationId=a0717d6c-ed5a-4ce9-965c-c50ec9af0f67] [ip=0:0:0:0:0:0:0:1] [context={duration=71, referer=http://localhost:8081/login, endpoint=/error/error/error/error/error/error/error/error/error/error/error/error/error/error/error/error/500, method=GET, errorType=REQUEST_EXCEPTION, exceptionClass=ServletException, userAgent=Mozilla/5.0 (Windows NT 10.0; Win64; x64) AppleWebKit/537.36 (KHTML, like Gecko) Chrome/152.0.0.0 Safari/537.36 Edg/152.0.0.0, exceptionMessage=REDACTED, statusCode=200}]
Caused by: java.lang.StackOverflowError
	at at jakarta.servlet.ServletRequestWrapper.getAttribute(ServletRequestWrapper.java:83)
jakarta.servlet.ServletException: Filter execution threw an exception
	at at org.apache.catalina.core.ApplicationFilterChain.internalDoFilter(ApplicationFilterChain.java:171)
2026-08-31 11:06:38.496 ERROR [o.a.c.c.C.[.[.[.[dispatcherServlet]] Servlet.service() for servlet [dispatcherServlet] threw exception
java.lang.StackOverflowError
	at at jakarta.servlet.ServletRequestWrapper.getAttribute(ServletRequestWrapper.java:83)
2026-08-31 11:06:38.496 ERROR [c.a.s.s.s.i.LoggingServiceImpl] [API_ERROR] Exception during GET /error/error/error/error/error/error/error/error/error/error/error/error/error/error/error/500 [correlationId=a0717d6c-ed5a-4ce9-965c-c50ec9af0f67] [ip=0:0:0:0:0:0:0:1] [context={duration=74, referer=http://localhost:8081/login, endpoint=/error/error/error/error/error/error/error/error/error/error/error/error/error/error/error/500, method=GET, errorType=REQUEST_EXCEPTION, exceptionClass=ServletException, userAgent=Mozilla/5.0 (Windows NT 10.0; Win64; x64) AppleWebKit/537.36 (KHTML, like Gecko) Chrome/152.0.0.0 Safari/537.36 Edg/152.0.0.0, exceptionMessage=REDACTED, statusCode=200}]
Caused by: java.lang.StackOverflowError
	at at jakarta.servlet.ServletRequestWrapper.getAttribute(ServletRequestWrapper.java:83)
jakarta.servlet.ServletException: Filter execution threw an exception
	at at org.apache.catalina.core.ApplicationFilterChain.internalDoFilter(ApplicationFilterChain.java:171)
2026-08-31 11:06:38.499 ERROR [o.a.c.c.C.[.[.[.[dispatcherServlet]] Servlet.service() for servlet [dispatcherServlet] threw exception
java.lang.StackOverflowError
	at at jakarta.servlet.ServletRequestWrapper.getAttribute(ServletRequestWrapper.java:83)
2026-08-31 11:06:38.500 ERROR [c.a.s.s.s.i.LoggingServiceImpl] [API_ERROR] Exception during GET /error/error/error/error/error/error/error/error/error/error/error/error/error/error/500 [correlationId=a0717d6c-ed5a-4ce9-965c-c50ec9af0f67] [ip=0:0:0:0:0:0:0:1] [context={duration=77, referer=http://localhost:8081/login, endpoint=/error/error/error/error/error/error/error/error/error/error/error/error/error/error/500, method=GET, errorType=REQUEST_EXCEPTION, exceptionClass=ServletException, userAgent=Mozilla/5.0 (Windows NT 10.0; Win64; x64) AppleWebKit/537.36 (KHTML, like Gecko) Chrome/152.0.0.0 Safari/537.36 Edg/152.0.0.0, exceptionMessage=REDACTED, statusCode=200}]
Caused by: java.lang.StackOverflowError
	at at jakarta.servlet.ServletRequestWrapper.getAttribute(ServletRequestWrapper.java:83)
jakarta.servlet.ServletException: Filter execution threw an exception
	at at org.apache.catalina.core.ApplicationFilterChain.internalDoFilter(ApplicationFilterChain.java:171)
2026-08-31 11:06:38.503 ERROR [o.a.c.c.C.[.[.[.[dispatcherServlet]] Servlet.service() for servlet [dispatcherServlet] threw exception
java.lang.StackOverflowError
	at at jakarta.servlet.ServletRequestWrapper.getAttribute(ServletRequestWrapper.java:83)
2026-08-31 11:06:38.503 ERROR [c.a.s.s.s.i.LoggingServiceImpl] [API_ERROR] Exception during GET /error/error/error/error/error/error/error/error/error/error/error/error/error/500 [correlationId=a0717d6c-ed5a-4ce9-965c-c50ec9af0f67] [ip=0:0:0:0:0:0:0:1] [context={duration=81, referer=http://localhost:8081/login, endpoint=/error/error/error/error/error/error/error/error/error/error/error/error/error/500, method=GET, errorType=REQUEST_EXCEPTION, exceptionClass=ServletException, userAgent=Mozilla/5.0 (Windows NT 10.0; Win64; x64) AppleWebKit/537.36 (KHTML, like Gecko) Chrome/152.0.0.0 Safari/537.36 Edg/152.0.0.0, exceptionMessage=REDACTED, statusCode=200}]
Caused by: java.lang.StackOverflowError
	at at jakarta.servlet.ServletRequestWrapper.getAttribute(ServletRequestWrapper.java:83)
jakarta.servlet.ServletException: Filter execution threw an exception
	at at org.apache.catalina.core.ApplicationFilterChain.internalDoFilter(ApplicationFilterChain.java:171)
2026-08-31 11:06:38.505 ERROR [o.a.c.c.C.[.[.[.[dispatcherServlet]] Servlet.service() for servlet [dispatcherServlet] threw exception
java.lang.StackOverflowError
	at at jakarta.servlet.ServletRequestWrapper.getAttribute(ServletRequestWrapper.java:83)
2026-08-31 11:06:38.505 ERROR [c.a.s.s.s.i.LoggingServiceImpl] [API_ERROR] Exception during GET /error/error/error/error/error/error/error/error/error/error/error/error/500 [correlationId=a0717d6c-ed5a-4ce9-965c-c50ec9af0f67] [ip=0:0:0:0:0:0:0:1] [context={duration=83, referer=http://localhost:8081/login, endpoint=/error/error/error/error/error/error/error/error/error/error/error/error/500, method=GET, errorType=REQUEST_EXCEPTION, exceptionClass=ServletException, userAgent=Mozilla/5.0 (Windows NT 10.0; Win64; x64) AppleWebKit/537.36 (KHTML, like Gecko) Chrome/152.0.0.0 Safari/537.36 Edg/152.0.0.0, exceptionMessage=REDACTED, statusCode=200}]
Caused by: java.lang.StackOverflowError
	at at jakarta.servlet.ServletRequestWrapper.getAttribute(ServletRequestWrapper.java:83)
jakarta.servlet.ServletException: Filter execution threw an exception
	at at org.apache.catalina.core.ApplicationFilterChain.internalDoFilter(ApplicationFilterChain.java:171)
2026-08-31 11:06:38.509 ERROR [o.a.c.c.C.[.[.[.[dispatcherServlet]] Servlet.service() for servlet [dispatcherServlet] threw exception
java.lang.StackOverflowError
	at at jakarta.servlet.ServletRequestWrapper.getAttribute(ServletRequestWrapper.java:83)
2026-08-31 11:06:38.509 ERROR [c.a.s.s.s.i.LoggingServiceImpl] [API_ERROR] Exception during GET /error/error/error/error/error/error/error/error/error/error/error/500 [correlationId=a0717d6c-ed5a-4ce9-965c-c50ec9af0f67] [ip=0:0:0:0:0:0:0:1] [context={duration=87, referer=http://localhost:8081/login, endpoint=/error/error/error/error/error/error/error/error/error/error/error/500, method=GET, errorType=REQUEST_EXCEPTION, exceptionClass=ServletException, userAgent=Mozilla/5.0 (Windows NT 10.0; Win64; x64) AppleWebKit/537.36 (KHTML, like Gecko) Chrome/152.0.0.0 Safari/537.36 Edg/152.0.0.0, exceptionMessage=REDACTED, statusCode=200}]
Caused by: java.lang.StackOverflowError
	at at jakarta.servlet.ServletRequestWrapper.getAttribute(ServletRequestWrapper.java:83)
jakarta.servlet.ServletException: Filter execution threw an exception
	at at org.apache.catalina.core.ApplicationFilterChain.internalDoFilter(ApplicationFilterChain.java:171)
2026-08-31 11:06:38.512 ERROR [o.a.c.c.C.[.[.[.[dispatcherServlet]] Servlet.service() for servlet [dispatcherServlet] threw exception
java.lang.StackOverflowError
	at at jakarta.servlet.ServletRequestWrapper.getAttribute(ServletRequestWrapper.java:83)
2026-08-31 11:06:38.513 ERROR [c.a.s.s.s.i.LoggingServiceImpl] [API_ERROR] Exception during GET /error/error/error/error/error/error/error/error/error/error/500 [correlationId=a0717d6c-ed5a-4ce9-965c-c50ec9af0f67] [ip=0:0:0:0:0:0:0:1] [context={duration=91, referer=http://localhost:8081/login, endpoint=/error/error/error/error/error/error/error/error/error/error/500, method=GET, errorType=REQUEST_EXCEPTION, exceptionClass=ServletException, userAgent=Mozilla/5.0 (Windows NT 10.0; Win64; x64) AppleWebKit/537.36 (KHTML, like Gecko) Chrome/152.0.0.0 Safari/537.36 Edg/152.0.0.0, exceptionMessage=REDACTED, statusCode=200}]
Caused by: java.lang.StackOverflowError
	at at jakarta.servlet.ServletRequestWrapper.getAttribute(ServletRequestWrapper.java:83)
jakarta.servlet.ServletException: Filter execution threw an exception
	at at org.apache.catalina.core.ApplicationFilterChain.internalDoFilter(ApplicationFilterChain.java:171)
2026-08-31 11:06:38.517 ERROR [o.a.c.c.C.[.[.[.[dispatcherServlet]] Servlet.service() for servlet [dispatcherServlet] threw exception
java.lang.StackOverflowError
	at at jakarta.servlet.ServletRequestWrapper.getAttribute(ServletRequestWrapper.java:83)
2026-08-31 11:06:38.518 ERROR [c.a.s.s.s.i.LoggingServiceImpl] [API_ERROR] Exception during GET /error/error/error/error/error/error/error/error/error/500 [correlationId=a0717d6c-ed5a-4ce9-965c-c50ec9af0f67] [ip=0:0:0:0:0:0:0:1] [context={duration=95, referer=http://localhost:8081/login, endpoint=/error/error/error/error/error/error/error/error/error/500, method=GET, errorType=REQUEST_EXCEPTION, exceptionClass=ServletException, userAgent=Mozilla/5.0 (Windows NT 10.0; Win64; x64) AppleWebKit/537.36 (KHTML, like Gecko) Chrome/152.0.0.0 Safari/537.36 Edg/152.0.0.0, exceptionMessage=REDACTED, statusCode=200}]
Caused by: java.lang.StackOverflowError
	at at jakarta.servlet.ServletRequestWrapper.getAttribute(ServletRequestWrapper.java:83)
jakarta.servlet.ServletException: Filter execution threw an exception
	at at org.apache.catalina.core.ApplicationFilterChain.internalDoFilter(ApplicationFilterChain.java:171)
2026-08-31 11:06:38.520 ERROR [o.a.c.c.C.[.[.[.[dispatcherServlet]] Servlet.service() for servlet [dispatcherServlet] threw exception
java.lang.StackOverflowError
	at at jakarta.servlet.ServletRequestWrapper.getAttribute(ServletRequestWrapper.java:83)
2026-08-31 11:06:38.521 ERROR [c.a.s.s.s.i.LoggingServiceImpl] [API_ERROR] Exception during GET /error/error/error/error/error/error/error/error/500 [correlationId=a0717d6c-ed5a-4ce9-965c-c50ec9af0f67] [ip=0:0:0:0:0:0:0:1] [context={duration=98, referer=http://localhost:8081/login, endpoint=/error/error/error/error/error/error/error/error/500, method=GET, errorType=REQUEST_EXCEPTION, exceptionClass=ServletException, userAgent=Mozilla/5.0 (Windows NT 10.0; Win64; x64) AppleWebKit/537.36 (KHTML, like Gecko) Chrome/152.0.0.0 Safari/537.36 Edg/152.0.0.0, exceptionMessage=REDACTED, statusCode=200}]
Caused by: java.lang.StackOverflowError
	at at jakarta.servlet.ServletRequestWrapper.getAttribute(ServletRequestWrapper.java:83)
jakarta.servlet.ServletException: Filter execution threw an exception
	at at org.apache.catalina.core.ApplicationFilterChain.internalDoFilter(ApplicationFilterChain.java:171)
2026-08-31 11:06:38.524 ERROR [o.a.c.c.C.[.[.[.[dispatcherServlet]] Servlet.service() for servlet [dispatcherServlet] threw exception
java.lang.StackOverflowError
	at at jakarta.servlet.ServletRequestWrapper.getAttribute(ServletRequestWrapper.java:83)
2026-08-31 11:06:38.525 ERROR [c.a.s.s.s.i.LoggingServiceImpl] [API_ERROR] Exception during GET /error/error/error/error/error/error/error/500 [correlationId=a0717d6c-ed5a-4ce9-965c-c50ec9af0f67] [ip=0:0:0:0:0:0:0:1] [context={duration=103, referer=http://localhost:8081/login, endpoint=/error/error/error/error/error/error/error/500, method=GET, errorType=REQUEST_EXCEPTION, exceptionClass=ServletException, userAgent=Mozilla/5.0 (Windows NT 10.0; Win64; x64) AppleWebKit/537.36 (KHTML, like Gecko) Chrome/152.0.0.0 Safari/537.36 Edg/152.0.0.0, exceptionMessage=REDACTED, statusCode=200}]
Caused by: java.lang.StackOverflowError
	at at jakarta.servlet.ServletRequestWrapper.getAttribute(ServletRequestWrapper.java:83)
jakarta.servlet.ServletException: Filter execution threw an exception
	at at org.apache.catalina.core.ApplicationFilterChain.internalDoFilter(ApplicationFilterChain.java:171)
2026-08-31 11:06:38.528 ERROR [o.a.c.c.C.[.[.[.[dispatcherServlet]] Servlet.service() for servlet [dispatcherServlet] threw exception
java.lang.StackOverflowError
	at at jakarta.servlet.ServletRequestWrapper.getAttribute(ServletRequestWrapper.java:83)
2026-08-31 11:06:38.529 ERROR [c.a.s.s.s.i.LoggingServiceImpl] [API_ERROR] Exception during GET /error/error/error/error/error/error/500 [correlationId=a0717d6c-ed5a-4ce9-965c-c50ec9af0f67] [ip=0:0:0:0:0:0:0:1] [context={duration=107, referer=http://localhost:8081/login, endpoint=/error/error/error/error/error/error/500, method=GET, errorType=REQUEST_EXCEPTION, exceptionClass=ServletException, userAgent=Mozilla/5.0 (Windows NT 10.0; Win64; x64) AppleWebKit/537.36 (KHTML, like Gecko) Chrome/152.0.0.0 Safari/537.36 Edg/152.0.0.0, exceptionMessage=REDACTED, statusCode=200}]
Caused by: java.lang.StackOverflowError
	at at jakarta.servlet.ServletRequestWrapper.getAttribute(ServletRequestWrapper.java:83)
jakarta.servlet.ServletException: Filter execution threw an exception
	at at org.apache.catalina.core.ApplicationFilterChain.internalDoFilter(ApplicationFilterChain.java:171)
2026-08-31 11:06:38.531 ERROR [o.a.c.c.C.[.[.[.[dispatcherServlet]] Servlet.service() for servlet [dispatcherServlet] threw exception
java.lang.StackOverflowError
	at at jakarta.servlet.ServletRequestWrapper.getAttribute(ServletRequestWrapper.java:83)
2026-08-31 11:06:38.532 ERROR [c.a.s.s.s.i.LoggingServiceImpl] [API_ERROR] Exception during GET /error/error/error/error/error/500 [correlationId=a0717d6c-ed5a-4ce9-965c-c50ec9af0f67] [ip=0:0:0:0:0:0:0:1] [context={duration=110, referer=http://localhost:8081/login, endpoint=/error/error/error/error/error/500, method=GET, errorType=REQUEST_EXCEPTION, exceptionClass=ServletException, userAgent=Mozilla/5.0 (Windows NT 10.0; Win64; x64) AppleWebKit/537.36 (KHTML, like Gecko) Chrome/152.0.0.0 Safari/537.36 Edg/152.0.0.0, exceptionMessage=REDACTED, statusCode=200}]
Caused by: java.lang.StackOverflowError
	at at jakarta.servlet.ServletRequestWrapper.getAttribute(ServletRequestWrapper.java:83)
jakarta.servlet.ServletException: Filter execution threw an exception
	at at org.apache.catalina.core.ApplicationFilterChain.internalDoFilter(ApplicationFilterChain.java:171)
2026-08-31 11:06:38.534 ERROR [o.a.c.c.C.[.[.[.[dispatcherServlet]] Servlet.service() for servlet [dispatcherServlet] threw exception
java.lang.StackOverflowError
	at at jakarta.servlet.ServletRequestWrapper.getAttribute(ServletRequestWrapper.java:83)
2026-08-31 11:06:38.534 ERROR [c.a.s.s.s.i.LoggingServiceImpl] [API_ERROR] Exception during GET /error/error/error/error/500 [correlationId=a0717d6c-ed5a-4ce9-965c-c50ec9af0f67] [ip=0:0:0:0:0:0:0:1] [context={duration=112, referer=http://localhost:8081/login, endpoint=/error/error/error/error/500, method=GET, errorType=REQUEST_EXCEPTION, exceptionClass=ServletException, userAgent=Mozilla/5.0 (Windows NT 10.0; Win64; x64) AppleWebKit/537.36 (KHTML, like Gecko) Chrome/152.0.0.0 Safari/537.36 Edg/152.0.0.0, exceptionMessage=REDACTED, statusCode=200}]
Caused by: java.lang.StackOverflowError
	at at jakarta.servlet.ServletRequestWrapper.getAttribute(ServletRequestWrapper.java:83)
jakarta.servlet.ServletException: Filter execution threw an exception
	at at org.apache.catalina.core.ApplicationFilterChain.internalDoFilter(ApplicationFilterChain.java:171)
2026-08-31 11:06:38.537 ERROR [o.a.c.c.C.[.[.[.[dispatcherServlet]] Servlet.service() for servlet [dispatcherServlet] threw exception
java.lang.StackOverflowError
	at at jakarta.servlet.ServletRequestWrapper.getAttribute(ServletRequestWrapper.java:83)
2026-08-31 11:06:38.538 ERROR [c.a.s.s.s.i.LoggingServiceImpl] [API_ERROR] Exception during GET /error/error/error/500 [correlationId=a0717d6c-ed5a-4ce9-965c-c50ec9af0f67] [ip=0:0:0:0:0:0:0:1] [context={duration=115, referer=http://localhost:8081/login, endpoint=/error/error/error/500, method=GET, errorType=REQUEST_EXCEPTION, exceptionClass=ServletException, userAgent=Mozilla/5.0 (Windows NT 10.0; Win64; x64) AppleWebKit/537.36 (KHTML, like Gecko) Chrome/152.0.0.0 Safari/537.36 Edg/152.0.0.0, exceptionMessage=REDACTED, statusCode=200}]
Caused by: java.lang.StackOverflowError
	at at jakarta.servlet.ServletRequestWrapper.getAttribute(ServletRequestWrapper.java:83)
jakarta.servlet.ServletException: Filter execution threw an exception
	at at org.apache.catalina.core.ApplicationFilterChain.internalDoFilter(ApplicationFilterChain.java:171)
2026-08-31 11:06:38.540 ERROR [o.a.c.c.C.[.[.[.[dispatcherServlet]] Servlet.service() for servlet [dispatcherServlet] threw exception
java.lang.StackOverflowError
	at at jakarta.servlet.ServletRequestWrapper.getAttribute(ServletRequestWrapper.java:83)
2026-08-31 11:06:38.540 ERROR [c.a.s.s.s.i.LoggingServiceImpl] [API_ERROR] Exception during GET /error/error/500 [correlationId=a0717d6c-ed5a-4ce9-965c-c50ec9af0f67] [ip=0:0:0:0:0:0:0:1] [context={duration=118, referer=http://localhost:8081/login, endpoint=/error/error/500, method=GET, errorType=REQUEST_EXCEPTION, exceptionClass=ServletException, userAgent=Mozilla/5.0 (Windows NT 10.0; Win64; x64) AppleWebKit/537.36 (KHTML, like Gecko) Chrome/152.0.0.0 Safari/537.36 Edg/152.0.0.0, exceptionMessage=REDACTED, statusCode=200}]
Caused by: java.lang.StackOverflowError
	at at jakarta.servlet.ServletRequestWrapper.getAttribute(ServletRequestWrapper.java:83)
jakarta.servlet.ServletException: Filter execution threw an exception
	at at org.apache.catalina.core.ApplicationFilterChain.internalDoFilter(ApplicationFilterChain.java:171)
2026-08-31 11:06:38.541 ERROR [o.a.c.c.C.[.[.[.[dispatcherServlet]] Servlet.service() for servlet [dispatcherServlet] threw exception
java.lang.StackOverflowError
	at at jakarta.servlet.ServletRequestWrapper.getAttribute(ServletRequestWrapper.java:83)
2026-08-31 11:06:38.541 ERROR [c.a.s.s.s.i.LoggingServiceImpl] [API_ERROR] Exception during GET /error/500 [correlationId=a0717d6c-ed5a-4ce9-965c-c50ec9af0f67] [ip=0:0:0:0:0:0:0:1] [context={duration=119, referer=http://localhost:8081/login, endpoint=/error/500, method=GET, errorType=REQUEST_EXCEPTION, exceptionClass=ServletException, userAgent=Mozilla/5.0 (Windows NT 10.0; Win64; x64) AppleWebKit/537.36 (KHTML, like Gecko) Chrome/152.0.0.0 Safari/537.36 Edg/152.0.0.0, exceptionMessage=REDACTED, statusCode=200}]
Caused by: java.lang.StackOverflowError
	at at jakarta.servlet.ServletRequestWrapper.getAttribute(ServletRequestWrapper.java:83)
jakarta.servlet.ServletException: Filter execution threw an exception
	at at org.apache.catalina.core.ApplicationFilterChain.internalDoFilter(ApplicationFilterChain.java:171)
2026-08-31 11:06:38.542 ERROR [o.a.c.c.C.[.[.[.[dispatcherServlet]] Servlet.service() for servlet [dispatcherServlet] threw exception
java.lang.StackOverflowError
	at at jakarta.servlet.ServletRequestWrapper.getAttribute(ServletRequestWrapper.java:83)
2026-08-31 11:06:38.546 ERROR [o.a.c.c.C.[.[.[.[dispatcherServlet]] Servlet.service() for servlet [dispatcherServlet] in context with path [] threw exception [Filter execution threw an exception] with root cause
java.lang.StackOverflowError
	at at jakarta.servlet.ServletRequestWrapper.getAttribute(ServletRequestWrapper.java:83)
2026-08-31 11:06:38.554 INFO  [c.a.s.s.s.i.LoggingServiceImpl] [API_ERROR] API GET /error returned 500 in 7ms [correlationId=a0b91633-da32-4bab-9a4a-89d1879ad86e] [ip=0:0:0:0:0:0:0:1] [context={duration=7, referer=http://localhost:8081/login, endpoint=/error, method=GET, responseTime=7, userAgent=Mozilla/5.0 (Windows NT 10.0; Win64; x64) AppleWebKit/537.36 (KHTML, like Gecko) Chrome/152.0.0.0 Safari/537.36 Edg/152.0.0.0, statusCode=500}]
2026-08-31 11:06:38.554 ERROR [c.a.s.s.s.i.LoggingServiceImpl] [API_ERROR] HTTP 500 error for GET /error [correlationId=a0b91633-da32-4bab-9a4a-89d1879ad86e] [ip=0:0:0:0:0:0:0:1] [context={duration=7, referer=http://localhost:8081/login, endpoint=/error, method=GET, userAgent=Mozilla/5.0 (Windows NT 10.0; Win64; x64) AppleWebKit/537.36 (KHTML, like Gecko) Chrome/152.0.0.0 Safari/537.36 Edg/152.0.0.0, statusCode=500}]
2026-08-31 14:15:12.668 WARN  [o.s.b.a.s.s.UserDetailsServiceAutoConfiguration] 

Using generated security password: 9c90cd5c-ed9b-425c-8be9-0dc8e9a0b314

This generated password is for development use only. Your security configuration must be updated before running your application in production.

2026-08-31 14:15:41.803 INFO  [c.a.config.SqlOnlyInterceptor] SQL Execute | mapper=com.ait.sy.syRole.mapper.SyUserMapper.findByUserName | caller=com.ait.sy.sys.service.impl.HrAuthenticationServiceImpl.authenticate(HrAuthenticationServiceImpl.java:74) | command=SELECT | params=[userName='admin'] | sql=SELECT USER_NO, PERSON_ID, CPNY_ID, USER_NAME, PASSWORD, SPECIAL_PARAM, SPECIAL_VALUE, USER_TYPE, PASSWORD_FIRST, PASSWORD_SECOND, PASSWORD_THIRD, CREATE_DATE, CREATED_BY, UPDATE_DATE, UPDATED_BY, ORDERNO, ACTIVITY, PERSONAL_DATA_FLAG, PERSONAL_DATA_UPDATE_DATE, PERSONAL_DATA_UPDATED_IP, PERSONAL_DATA_UPDATED_BY, PERSONAL_SEND_DATA_FLAG, PERSONAL_SEND_DATA_UPDATE_DATE, PERSONAL_SEND_DATA_UPDATED_IP, PERSONAL_SEND_DATA_UPDATED_BY FROM sy_user WHERE USER_NAME = 'admin'
2026-08-31 14:15:42.410 INFO  [c.a.config.SqlOnlyInterceptor] SQL Result  | mapper=com.ait.sy.syRole.mapper.SyUserMapper.findByUserName | caller=com.ait.sy.sys.service.impl.HrAuthenticationServiceImpl.authenticate(HrAuthenticationServiceImpl.java:74) | rowsReturned=1 | took=609 ms
2026-08-31 14:15:42.756 INFO  [c.a.config.SqlOnlyInterceptor] SQL Execute | mapper=com.ait.hrm.empinfo.mapper.HrEmployeeMapper.findByPersonId | caller=com.ait.sy.sys.service.impl.HrAuthenticationServiceImpl.authenticate(HrAuthenticationServiceImpl.java:100) | command=SELECT | params=[personId='11111111'] | sql=SELECT he.EMPID, he.CHINESE_PINYIN, he.ENGLISH_NAME, he.POSITION_NO, he.POST_GRADE_NO, he.DATE_STARTED, he.END_PROBATION_DATE, he.EMP_TYPE_CODE, he.CPNY_ID, he.PERSON_ID, he.DEPTNO, he.LOCAL_NAME, he.WORK_AREA, he.CREATE_DATE, he.CREATED_BY, he.UPDATE_DATE, he.UPDATED_BY, he.ACTIVITY, he.MAIN_BUSINESS, he.EXPERIENCE, he.UPDATED_IP, he.CREATED_IP, he.KOREAN_NAME, he.EMP_COMMON_TYPE_CODE, he.STANDARD_POSITION, he.DUTY_NO, he.POST_NO, he.STATUS_CODE, he.DATE_LEFT, he.ID_CARD_NO, he.SHIFT_NO, he.EMP_OFFICE, he.INCUMBENCY, he.PROMOTION_DAY, he.POST_FAMILY, he.AFFIRM_WORK_AGE, he.WORK_HOUR_TYPE, he.DIRECT_INDIRECT_DISTINCTION, he.RECRUIT_TYPE, he.INSURANCE_TYPE, he.INSURANCE_AREA, he.FILENUMBER, he.EMPLOYEE_OWNED, he.WAGE_TYPE, he.POSITION, he.DATE_LAST_UP, he.RECOMMEND, he.DATE_GROUP_ENTRY, he.LAST_HAOFENG_DATE, he.ASSIGNMENT_INFORMATION, he.COST_CENTER, he.PAY_STEP_NO, he.PHONE_CARD_NO, he.LIZHIREASON, he.SOCIAL_DIFFERENTIATION, he.IS_PROBATION, he.PERSON_SUPPLIER_COMPANY, he.OT_LIMIT, he.OT_LIMIT_100, he.UPDATED_OT_LIMIT_BY, he.UPDATE_OT_LIMIT_DATE FROM hr_employee he WHERE he.PERSON_ID = '11111111'
2026-08-31 14:15:42.789 INFO  [c.a.config.SqlOnlyInterceptor] SQL Result  | mapper=com.ait.hrm.empinfo.mapper.HrEmployeeMapper.findByPersonId | caller=com.ait.sy.sys.service.impl.HrAuthenticationServiceImpl.authenticate(HrAuthenticationServiceImpl.java:100) | rowsReturned=1 | took=34 ms
2026-08-31 14:15:42.790 INFO  [c.a.config.SqlOnlyInterceptor] SQL Execute | mapper=com.ait.hrm.empinfo.mapper.HrPersonalInfoMapper.findByPersonId | caller=com.ait.sy.sys.service.impl.HrAuthenticationServiceImpl.authenticate(HrAuthenticationServiceImpl.java:113) | command=SELECT | params=[lang='vi', lang='vi', lang='vi', lang='vi', lang='vi', personId='11111111'] | sql=SELECT hp.PERSON_ID, hp.FINAL_DEGREE_CODE, GET_GLOBAL_NAME(hp.FINAL_DEGREE_CODE, 'vi') as FINAL_DEGREE_NAME, hp.SEXCODE, GET_GLOBAL_NAME(hp.SEXCODE, 'vi') as SEX_NAME, hp.DOB, hp.NATION_CODE, GET_GLOBAL_NAME(hp.NATION_CODE, 'vi') as NATION_NAME, hp.NATIONALITY_CODE, GET_GLOBAL_NAME(hp.NATIONALITY_CODE, 'vi') as NATIONALITY_NAME, hp.MARITAL_STATUS_CODE, GET_GLOBAL_NAME(hp.MARITAL_STATUS_CODE, 'vi') as MARITAL_STATUS_NAME, hp.WEDDING_DATE, hp.IDCARD_NO, hp.HOME_ADDRESS, hp.EMAIL, hp.REG_TYPE_CODE, hp.REG_PLACE, hp.OFFICE_PHONE, hp.HOME_PHONE, hp.CELLPHONE, hp.PHOTO_PATH, hp.HOUSE_TP, hp.WEDD_DATE, hp.CREATE_DATE, hp.CREATED_BY, hp.UPDATE_DATE, hp.UPDATED_BY, hp.ORDERNO, hp.ACTIVITY, hp.RESIDENTIAL_DISTINCTION, hp.EXIST_SINGLE, hp.SING_ID, hp.COMPANY_PHONE, hp.EMAIL_SECOND, hp.FILE_LOCATION, hp.FILE_ENTER, hp.FILE_OUT, hp.CREATED_IP, hp.UPDATED_IP, hp.CONTACT_PHONE, hp.EXT, hp.INTERESTED, hp.OLD_DEPARTMENT, hp.MARRIAGE_SUPPLEMENT, hp.CHARACTER_CODE, hp.SAFE_TYPE_CODE, hp.POLITICAL_STATUS, hp.CHILDREN_CODE, hp.SAFE_ADDRESS_CODE, hp.INSURANCE_DISTINGUISH, hp.IDCARD_EXPIRE_DATE, hp.LONG_TERM, hp.REMARK, hp.GROUP_RESIDENCE, hp.INSURANCE_XZ, hp.DOCUMENT_TYPE, hp.RELIGION, hp.ORIGIN, hp.IDCARD_START_DATE, hp.BECOME_REGULAR_EVALUATE, hp.POLITICAL_OUTLOOK, hp.ISSUING_AUTHORITY, hp.CV_UPDATE_STATUS, hp.ARMY_OR_NOT, hp.OBSTACLE_OR_NOT, hp.GRADUATION_ACHIEVEMENT, hp.AVERAGE_SCORE, hp.LANGUAGE_ABILITY, hp.HEIGHT, hp.WEIGHT, hp.PERSON_SUPPLIER_COMPANY FROM hr_personal_info hp WHERE hp.PERSON_ID = '11111111' AND hp.ACTIVITY = 1
2026-08-31 14:15:42.864 INFO  [c.a.config.SqlOnlyInterceptor] SQL Result  | mapper=com.ait.hrm.empinfo.mapper.HrPersonalInfoMapper.findByPersonId | caller=com.ait.sy.sys.service.impl.HrAuthenticationServiceImpl.authenticate(HrAuthenticationServiceImpl.java:113) | rowsReturned=1 | took=74 ms
2026-08-31 14:15:42.865 INFO  [c.a.config.SqlOnlyInterceptor] SQL Execute | mapper=com.ait.org.orgManage.mapper.HrDepartmentMapper.findByDeptNo | caller=com.ait.sy.sys.service.impl.HrAuthenticationServiceImpl.authenticate(HrAuthenticationServiceImpl.java:120) | command=SELECT | params=[deptNo='D11EV000'] | sql=SELECT hd.DEPTID, hd.CPNY_ID, hd.DATE_CREATED, hd.DATE_ENDED, hd.DEPT_LEVEL, hd.MANAGER_EMP_ID, hd.DEPTNO, hd.PARENT_DEPT_NO, hd.WORK_AREA, hd.DEPT_TYPE, hd.ORG_NAME_ENG, hd.ORG_NAME_LOCAL, hd.ORG_LEVEL, hd.COST_CENTER, hd.USE_YN, hd.CREATE_DATE, hd.CREATED_BY, hd.UPDATE_DATE, hd.UPDATED_BY, hd.ORDERNO, hd.ACTIVITY, hd.IS_DEPT, hd.IS_PART_TIME, hd.PRODUCT_TYPE, hd.CREATED_IP, hd.UPDATED_IP, hd.RESUME_NO, hd.REMARK, hd.FEE_STANDARD, hd.DEPT_DISTINGUISH_STANDARD, hd.PREP_MANAGER_EMP_ID, hd.ORDER_NO, hd.ORG_NAME_KO, hd.ORG_NAME_VI FROM hr_department hd WHERE hd.DEPTNO = 'D11EV000'
2026-08-31 14:15:42.895 INFO  [c.a.config.SqlOnlyInterceptor] SQL Result  | mapper=com.ait.org.orgManage.mapper.HrDepartmentMapper.findByDeptNo | caller=com.ait.sy.sys.service.impl.HrAuthenticationServiceImpl.authenticate(HrAuthenticationServiceImpl.java:120) | rowsReturned=1 | took=30 ms
2026-08-31 14:15:42.898 INFO  [c.a.config.SqlOnlyInterceptor] SQL Execute | mapper=com.ait.sy.syRole.mapper.SyUserMapper.updateLastLogin | caller=com.ait.sy.sys.service.impl.HrAuthenticationServiceImpl.authenticate(HrAuthenticationServiceImpl.java:133) | command=UPDATE | params=[userNo='111111'] | sql=UPDATE sy_user SET UPDATE_DATE = SYSDATE WHERE USER_NO = '111111'
2026-08-31 14:15:42.916 INFO  [c.a.config.SqlOnlyInterceptor] SQL Result  | mapper=com.ait.sy.syRole.mapper.SyUserMapper.updateLastLogin | caller=com.ait.sy.sys.service.impl.HrAuthenticationServiceImpl.authenticate(HrAuthenticationServiceImpl.java:133) | rowsAffected=1 | took=18 ms
2026-08-31 14:15:42.917 INFO  [c.a.s.s.s.i.HrAuthenticationServiceImpl] Successful login for user=admin from IP=0:0:0:0:0:0:0:1
2026-08-31 14:15:42.996 INFO  [c.a.config.SqlOnlyInterceptor] SQL Execute | mapper=com.ait.sy.syRole.mapper.SyUserRelationMapper.findActiveByUserNo | caller=com.ait.sy.sys.service.impl.PermissionServiceImpl.getUserRoleGroups(PermissionServiceImpl.java:51) | command=SELECT | params=[userNo='111111'] | sql=SELECT USER_NO, ROLE_GROUP_NO, CREATE_DATE, CREATED_BY, UPDATE_DATE, UPDATED_BY, ORDERNO, ACTIVITY FROM sy_user_relation WHERE USER_NO = '111111' AND ACTIVITY = 1 ORDER BY ORDERNO
2026-08-31 14:15:43.023 INFO  [c.a.config.SqlOnlyInterceptor] SQL Result  | mapper=com.ait.sy.syRole.mapper.SyUserRelationMapper.findActiveByUserNo | caller=com.ait.sy.sys.service.impl.PermissionServiceImpl.getUserRoleGroups(PermissionServiceImpl.java:51) | rowsReturned=6 | took=27 ms
2026-08-31 14:15:43.067 INFO  [c.a.config.SqlOnlyInterceptor] SQL Execute | mapper=com.ait.sy.syRole.mapper.SyRoleGroupMapper.findByRoleGroupNo | caller=com.ait.sy.sys.service.impl.PermissionServiceImpl.lambda$0(PermissionServiceImpl.java:53) | command=SELECT | params=[roleGroupNo='00001', cpnyId='HTSV'] | sql=SELECT * FROM SY_ROLE_GROUP WHERE ROLE_GROUP_NO = '00001' AND CPNY_ID = 'HTSV'
2026-08-31 14:15:43.086 INFO  [c.a.config.SqlOnlyInterceptor] SQL Result  | mapper=com.ait.sy.syRole.mapper.SyRoleGroupMapper.findByRoleGroupNo | caller=com.ait.sy.sys.service.impl.PermissionServiceImpl.lambda$0(PermissionServiceImpl.java:53) | rowsReturned=1 | took=60 ms
2026-08-31 14:15:43.088 INFO  [c.a.config.SqlOnlyInterceptor] SQL Execute | mapper=com.ait.sy.syRole.mapper.SyRoleGroupMapper.findByRoleGroupNo | caller=com.ait.sy.sys.service.impl.PermissionServiceImpl.lambda$0(PermissionServiceImpl.java:53) | command=SELECT | params=[roleGroupNo='218729', cpnyId='HTSV'] | sql=SELECT * FROM SY_ROLE_GROUP WHERE ROLE_GROUP_NO = '218729' AND CPNY_ID = 'HTSV'
2026-08-31 14:15:43.100 INFO  [c.a.config.SqlOnlyInterceptor] SQL Result  | mapper=com.ait.sy.syRole.mapper.SyRoleGroupMapper.findByRoleGroupNo | caller=com.ait.sy.sys.service.impl.PermissionServiceImpl.lambda$0(PermissionServiceImpl.java:53) | rowsReturned=1 | took=13 ms
2026-08-31 14:15:43.101 INFO  [c.a.config.SqlOnlyInterceptor] SQL Execute | mapper=com.ait.sy.syRole.mapper.SyRoleGroupMapper.findByRoleGroupNo | caller=com.ait.sy.sys.service.impl.PermissionServiceImpl.lambda$0(PermissionServiceImpl.java:53) | command=SELECT | params=[roleGroupNo='90000452', cpnyId='HTSV'] | sql=SELECT * FROM SY_ROLE_GROUP WHERE ROLE_GROUP_NO = '90000452' AND CPNY_ID = 'HTSV'
2026-08-31 14:15:43.114 INFO  [c.a.config.SqlOnlyInterceptor] SQL Result  | mapper=com.ait.sy.syRole.mapper.SyRoleGroupMapper.findByRoleGroupNo | caller=com.ait.sy.sys.service.impl.PermissionServiceImpl.lambda$0(PermissionServiceImpl.java:53) | rowsReturned=1 | took=13 ms
2026-08-31 14:15:43.115 INFO  [c.a.config.SqlOnlyInterceptor] SQL Execute | mapper=com.ait.sy.syRole.mapper.SyRoleGroupMapper.findByRoleGroupNo | caller=com.ait.sy.sys.service.impl.PermissionServiceImpl.lambda$0(PermissionServiceImpl.java:53) | command=SELECT | params=[roleGroupNo='14013645', cpnyId='HTSV'] | sql=SELECT * FROM SY_ROLE_GROUP WHERE ROLE_GROUP_NO = '14013645' AND CPNY_ID = 'HTSV'
2026-08-31 14:15:43.128 INFO  [c.a.config.SqlOnlyInterceptor] SQL Result  | mapper=com.ait.sy.syRole.mapper.SyRoleGroupMapper.findByRoleGroupNo | caller=com.ait.sy.sys.service.impl.PermissionServiceImpl.lambda$0(PermissionServiceImpl.java:53) | rowsReturned=1 | took=13 ms
2026-08-31 14:15:43.129 INFO  [c.a.config.SqlOnlyInterceptor] SQL Execute | mapper=com.ait.sy.syRole.mapper.SyRoleGroupMapper.findByRoleGroupNo | caller=com.ait.sy.sys.service.impl.PermissionServiceImpl.lambda$0(PermissionServiceImpl.java:53) | command=SELECT | params=[roleGroupNo='14013646', cpnyId='HTSV'] | sql=SELECT * FROM SY_ROLE_GROUP WHERE ROLE_GROUP_NO = '14013646' AND CPNY_ID = 'HTSV'
2026-08-31 14:15:43.141 INFO  [c.a.config.SqlOnlyInterceptor] SQL Result  | mapper=com.ait.sy.syRole.mapper.SyRoleGroupMapper.findByRoleGroupNo | caller=com.ait.sy.sys.service.impl.PermissionServiceImpl.lambda$0(PermissionServiceImpl.java:53) | rowsReturned=1 | took=12 ms
2026-08-31 14:15:43.142 INFO  [c.a.config.SqlOnlyInterceptor] SQL Execute | mapper=com.ait.sy.syRole.mapper.SyRoleGroupMapper.findByRoleGroupNo | caller=com.ait.sy.sys.service.impl.PermissionServiceImpl.lambda$0(PermissionServiceImpl.java:53) | command=SELECT | params=[roleGroupNo='14013644', cpnyId='HTSV'] | sql=SELECT * FROM SY_ROLE_GROUP WHERE ROLE_GROUP_NO = '14013644' AND CPNY_ID = 'HTSV'
2026-08-31 14:15:43.153 INFO  [c.a.config.SqlOnlyInterceptor] SQL Result  | mapper=com.ait.sy.syRole.mapper.SyRoleGroupMapper.findByRoleGroupNo | caller=com.ait.sy.sys.service.impl.PermissionServiceImpl.lambda$0(PermissionServiceImpl.java:53) | rowsReturned=1 | took=11 ms
2026-08-31 14:15:43.154 INFO  [c.a.config.SqlOnlyInterceptor] SQL Execute | mapper=com.ait.sy.syRole.mapper.SyUserRelationMapper.findActiveByUserNo | caller=com.ait.sy.sys.service.impl.PermissionServiceImpl.getUserRoleGroups(PermissionServiceImpl.java:51) | command=SELECT | params=[userNo='111111'] | sql=SELECT USER_NO, ROLE_GROUP_NO, CREATE_DATE, CREATED_BY, UPDATE_DATE, UPDATED_BY, ORDERNO, ACTIVITY FROM sy_user_relation WHERE USER_NO = '111111' AND ACTIVITY = 1 ORDER BY ORDERNO
2026-08-31 14:15:43.155 INFO  [c.a.config.SqlOnlyInterceptor] SQL Result  | mapper=com.ait.sy.syRole.mapper.SyUserRelationMapper.findActiveByUserNo | caller=com.ait.sy.sys.service.impl.PermissionServiceImpl.getUserRoleGroups(PermissionServiceImpl.java:51) | rowsReturned=6 | took=1 ms
2026-08-31 14:15:43.157 INFO  [c.a.config.SqlOnlyInterceptor] SQL Execute | mapper=com.ait.sy.syRole.mapper.SyRoleGroupMapper.findByRoleGroupNo | caller=com.ait.sy.sys.service.impl.PermissionServiceImpl.lambda$0(PermissionServiceImpl.java:53) | command=SELECT | params=[roleGroupNo='00001', cpnyId='HTSV'] | sql=SELECT * FROM SY_ROLE_GROUP WHERE ROLE_GROUP_NO = '00001' AND CPNY_ID = 'HTSV'
2026-08-31 14:15:43.157 INFO  [c.a.config.SqlOnlyInterceptor] SQL Result  | mapper=com.ait.sy.syRole.mapper.SyRoleGroupMapper.findByRoleGroupNo | caller=com.ait.sy.sys.service.impl.PermissionServiceImpl.lambda$0(PermissionServiceImpl.java:53) | rowsReturned=1 | took=0 ms
2026-08-31 14:15:43.158 INFO  [c.a.config.SqlOnlyInterceptor] SQL Execute | mapper=com.ait.sy.syRole.mapper.SyRoleGroupMapper.findByRoleGroupNo | caller=com.ait.sy.sys.service.impl.PermissionServiceImpl.lambda$0(PermissionServiceImpl.java:53) | command=SELECT | params=[roleGroupNo='218729', cpnyId='HTSV'] | sql=SELECT * FROM SY_ROLE_GROUP WHERE ROLE_GROUP_NO = '218729' AND CPNY_ID = 'HTSV'
2026-08-31 14:15:43.158 INFO  [c.a.config.SqlOnlyInterceptor] SQL Result  | mapper=com.ait.sy.syRole.mapper.SyRoleGroupMapper.findByRoleGroupNo | caller=com.ait.sy.sys.service.impl.PermissionServiceImpl.lambda$0(PermissionServiceImpl.java:53) | rowsReturned=1 | took=1 ms
2026-08-31 14:15:43.159 INFO  [c.a.config.SqlOnlyInterceptor] SQL Execute | mapper=com.ait.sy.syRole.mapper.SyRoleGroupMapper.findByRoleGroupNo | caller=com.ait.sy.sys.service.impl.PermissionServiceImpl.lambda$0(PermissionServiceImpl.java:53) | command=SELECT | params=[roleGroupNo='90000452', cpnyId='HTSV'] | sql=SELECT * FROM SY_ROLE_GROUP WHERE ROLE_GROUP_NO = '90000452' AND CPNY_ID = 'HTSV'
2026-08-31 14:15:43.160 INFO  [c.a.config.SqlOnlyInterceptor] SQL Result  | mapper=com.ait.sy.syRole.mapper.SyRoleGroupMapper.findByRoleGroupNo | caller=com.ait.sy.sys.service.impl.PermissionServiceImpl.lambda$0(PermissionServiceImpl.java:53) | rowsReturned=1 | took=1 ms
2026-08-31 14:15:43.160 INFO  [c.a.config.SqlOnlyInterceptor] SQL Execute | mapper=com.ait.sy.syRole.mapper.SyRoleGroupMapper.findByRoleGroupNo | caller=com.ait.sy.sys.service.impl.PermissionServiceImpl.lambda$0(PermissionServiceImpl.java:53) | command=SELECT | params=[roleGroupNo='14013645', cpnyId='HTSV'] | sql=SELECT * FROM SY_ROLE_GROUP WHERE ROLE_GROUP_NO = '14013645' AND CPNY_ID = 'HTSV'
2026-08-31 14:15:43.161 INFO  [c.a.config.SqlOnlyInterceptor] SQL Result  | mapper=com.ait.sy.syRole.mapper.SyRoleGroupMapper.findByRoleGroupNo | caller=com.ait.sy.sys.service.impl.PermissionServiceImpl.lambda$0(PermissionServiceImpl.java:53) | rowsReturned=1 | took=1 ms
2026-08-31 14:15:43.163 INFO  [c.a.config.SqlOnlyInterceptor] SQL Execute | mapper=com.ait.sy.syRole.mapper.SyRoleGroupMapper.findByRoleGroupNo | caller=com.ait.sy.sys.service.impl.PermissionServiceImpl.lambda$0(PermissionServiceImpl.java:53) | command=SELECT | params=[roleGroupNo='14013646', cpnyId='HTSV'] | sql=SELECT * FROM SY_ROLE_GROUP WHERE ROLE_GROUP_NO = '14013646' AND CPNY_ID = 'HTSV'
2026-08-31 14:15:43.163 INFO  [c.a.config.SqlOnlyInterceptor] SQL Result  | mapper=com.ait.sy.syRole.mapper.SyRoleGroupMapper.findByRoleGroupNo | caller=com.ait.sy.sys.service.impl.PermissionServiceImpl.lambda$0(PermissionServiceImpl.java:53) | rowsReturned=1 | took=2 ms
2026-08-31 14:15:43.164 INFO  [c.a.config.SqlOnlyInterceptor] SQL Execute | mapper=com.ait.sy.syRole.mapper.SyRoleGroupMapper.findByRoleGroupNo | caller=com.ait.sy.sys.service.impl.PermissionServiceImpl.lambda$0(PermissionServiceImpl.java:53) | command=SELECT | params=[roleGroupNo='14013644', cpnyId='HTSV'] | sql=SELECT * FROM SY_ROLE_GROUP WHERE ROLE_GROUP_NO = '14013644' AND CPNY_ID = 'HTSV'
2026-08-31 14:15:43.164 INFO  [c.a.config.SqlOnlyInterceptor] SQL Result  | mapper=com.ait.sy.syRole.mapper.SyRoleGroupMapper.findByRoleGroupNo | caller=com.ait.sy.sys.service.impl.PermissionServiceImpl.lambda$0(PermissionServiceImpl.java:53) | rowsReturned=1 | took=0 ms
2026-08-31 14:15:43.165 INFO  [c.a.config.SqlOnlyInterceptor] SQL Execute | mapper=com.ait.sy.syRole.mapper.SyRoleMapper.findByRoleGroupNo | caller=com.ait.sy.sys.service.impl.PermissionServiceImpl.lambda$3(PermissionServiceImpl.java:83) | command=SELECT | params=[roleGroupNo='00001'] | sql=SELECT r.ROLE_NO, r.ROLE_ID, r.CPNY_ID, r.CREATE_DATE, r.CREATED_BY, r.UPDATE_DATE, r.UPDATED_BY, r.ORDERNO, r.ACTIVITY, r.SYS_TYPE FROM sy_role r INNER JOIN sy_role_group_relation rgr ON r.ROLE_NO = rgr.ROLE_NO WHERE rgr.ROLE_GROUP_NO = '00001' AND r.ACTIVITY = 1 AND rgr.ACTIVITY = 1 ORDER BY r.ORDERNO
2026-08-31 14:15:43.190 INFO  [c.a.config.SqlOnlyInterceptor] SQL Result  | mapper=com.ait.sy.syRole.mapper.SyRoleMapper.findByRoleGroupNo | caller=com.ait.sy.sys.service.impl.PermissionServiceImpl.lambda$3(PermissionServiceImpl.java:83) | rowsReturned=1 | took=25 ms
2026-08-31 14:15:43.192 INFO  [c.a.config.SqlOnlyInterceptor] SQL Execute | mapper=com.ait.sy.syRole.mapper.SyRoleMapper.findByRoleGroupNo | caller=com.ait.sy.sys.service.impl.PermissionServiceImpl.lambda$3(PermissionServiceImpl.java:83) | command=SELECT | params=[roleGroupNo='218729'] | sql=SELECT r.ROLE_NO, r.ROLE_ID, r.CPNY_ID, r.CREATE_DATE, r.CREATED_BY, r.UPDATE_DATE, r.UPDATED_BY, r.ORDERNO, r.ACTIVITY, r.SYS_TYPE FROM sy_role r INNER JOIN sy_role_group_relation rgr ON r.ROLE_NO = rgr.ROLE_NO WHERE rgr.ROLE_GROUP_NO = '218729' AND r.ACTIVITY = 1 AND rgr.ACTIVITY = 1 ORDER BY r.ORDERNO
2026-08-31 14:15:43.204 INFO  [c.a.config.SqlOnlyInterceptor] SQL Result  | mapper=com.ait.sy.syRole.mapper.SyRoleMapper.findByRoleGroupNo | caller=com.ait.sy.sys.service.impl.PermissionServiceImpl.lambda$3(PermissionServiceImpl.java:83) | rowsReturned=1 | took=11 ms
2026-08-31 14:15:43.204 INFO  [c.a.config.SqlOnlyInterceptor] SQL Execute | mapper=com.ait.sy.syRole.mapper.SyRoleMapper.findByRoleGroupNo | caller=com.ait.sy.sys.service.impl.PermissionServiceImpl.lambda$3(PermissionServiceImpl.java:83) | command=SELECT | params=[roleGroupNo='90000452'] | sql=SELECT r.ROLE_NO, r.ROLE_ID, r.CPNY_ID, r.CREATE_DATE, r.CREATED_BY, r.UPDATE_DATE, r.UPDATED_BY, r.ORDERNO, r.ACTIVITY, r.SYS_TYPE FROM sy_role r INNER JOIN sy_role_group_relation rgr ON r.ROLE_NO = rgr.ROLE_NO WHERE rgr.ROLE_GROUP_NO = '90000452' AND r.ACTIVITY = 1 AND rgr.ACTIVITY = 1 ORDER BY r.ORDERNO
2026-08-31 14:15:43.216 INFO  [c.a.config.SqlOnlyInterceptor] SQL Result  | mapper=com.ait.sy.syRole.mapper.SyRoleMapper.findByRoleGroupNo | caller=com.ait.sy.sys.service.impl.PermissionServiceImpl.lambda$3(PermissionServiceImpl.java:83) | rowsReturned=1 | took=12 ms
2026-08-31 14:15:43.216 INFO  [c.a.config.SqlOnlyInterceptor] SQL Execute | mapper=com.ait.sy.syRole.mapper.SyRoleMapper.findByRoleGroupNo | caller=com.ait.sy.sys.service.impl.PermissionServiceImpl.lambda$3(PermissionServiceImpl.java:83) | command=SELECT | params=[roleGroupNo='14013645'] | sql=SELECT r.ROLE_NO, r.ROLE_ID, r.CPNY_ID, r.CREATE_DATE, r.CREATED_BY, r.UPDATE_DATE, r.UPDATED_BY, r.ORDERNO, r.ACTIVITY, r.SYS_TYPE FROM sy_role r INNER JOIN sy_role_group_relation rgr ON r.ROLE_NO = rgr.ROLE_NO WHERE rgr.ROLE_GROUP_NO = '14013645' AND r.ACTIVITY = 1 AND rgr.ACTIVITY = 1 ORDER BY r.ORDERNO
2026-08-31 14:15:43.228 INFO  [c.a.config.SqlOnlyInterceptor] SQL Result  | mapper=com.ait.sy.syRole.mapper.SyRoleMapper.findByRoleGroupNo | caller=com.ait.sy.sys.service.impl.PermissionServiceImpl.lambda$3(PermissionServiceImpl.java:83) | rowsReturned=1 | took=11 ms
2026-08-31 14:15:43.229 INFO  [c.a.config.SqlOnlyInterceptor] SQL Execute | mapper=com.ait.sy.syRole.mapper.SyRoleMapper.findByRoleGroupNo | caller=com.ait.sy.sys.service.impl.PermissionServiceImpl.lambda$3(PermissionServiceImpl.java:83) | command=SELECT | params=[roleGroupNo='14013646'] | sql=SELECT r.ROLE_NO, r.ROLE_ID, r.CPNY_ID, r.CREATE_DATE, r.CREATED_BY, r.UPDATE_DATE, r.UPDATED_BY, r.ORDERNO, r.ACTIVITY, r.SYS_TYPE FROM sy_role r INNER JOIN sy_role_group_relation rgr ON r.ROLE_NO = rgr.ROLE_NO WHERE rgr.ROLE_GROUP_NO = '14013646' AND r.ACTIVITY = 1 AND rgr.ACTIVITY = 1 ORDER BY r.ORDERNO
2026-08-31 14:15:43.241 INFO  [c.a.config.SqlOnlyInterceptor] SQL Result  | mapper=com.ait.sy.syRole.mapper.SyRoleMapper.findByRoleGroupNo | caller=com.ait.sy.sys.service.impl.PermissionServiceImpl.lambda$3(PermissionServiceImpl.java:83) | rowsReturned=1 | took=13 ms
2026-08-31 14:15:43.243 INFO  [c.a.config.SqlOnlyInterceptor] SQL Execute | mapper=com.ait.sy.syRole.mapper.SyRoleMapper.findByRoleGroupNo | caller=com.ait.sy.sys.service.impl.PermissionServiceImpl.lambda$3(PermissionServiceImpl.java:83) | command=SELECT | params=[roleGroupNo='14013644'] | sql=SELECT r.ROLE_NO, r.ROLE_ID, r.CPNY_ID, r.CREATE_DATE, r.CREATED_BY, r.UPDATE_DATE, r.UPDATED_BY, r.ORDERNO, r.ACTIVITY, r.SYS_TYPE FROM sy_role r INNER JOIN sy_role_group_relation rgr ON r.ROLE_NO = rgr.ROLE_NO WHERE rgr.ROLE_GROUP_NO = '14013644' AND r.ACTIVITY = 1 AND rgr.ACTIVITY = 1 ORDER BY r.ORDERNO
2026-08-31 14:15:43.254 INFO  [c.a.config.SqlOnlyInterceptor] SQL Result  | mapper=com.ait.sy.syRole.mapper.SyRoleMapper.findByRoleGroupNo | caller=com.ait.sy.sys.service.impl.PermissionServiceImpl.lambda$3(PermissionServiceImpl.java:83) | rowsReturned=1 | took=12 ms
2026-08-31 14:15:43.256 INFO  [c.a.config.SqlOnlyInterceptor] SQL Execute | mapper=com.ait.sy.basicMaintenance.mapper.SyMenuMapper.findMenuTreeByUserNo | caller=com.ait.sy.sys.service.impl.PermissionServiceImpl.getUserMenus(PermissionServiceImpl.java:101) | command=SELECT | params=[userNo='111111'] | sql=SELECT DISTINCT m.* FROM sy_menu m INNER JOIN sy_role_relation rr ON m.MENU_NO = rr.MENU_NO INNER JOIN sy_role r ON rr.ROLE_NO = r.ROLE_NO INNER JOIN sy_role_group_relation rgr ON rr.ROLE_NO = rgr.ROLE_NO INNER JOIN sy_user_relation ur ON rgr.ROLE_GROUP_NO = ur.ROLE_GROUP_NO WHERE m.ACTIVITY = 1 AND rr.ACTIVITY = 1 AND r.ACTIVITY = 1 AND rgr.ACTIVITY = 1 AND ur.ACTIVITY = 1 AND NVL(TO_CHAR(r.SYS_TYPE), '0') = '1' AND ur.USER_NO = '111111' ORDER BY m.DEPTH, m.ORDERNO
2026-08-31 14:15:43.430 INFO  [c.a.config.SqlOnlyInterceptor] SQL Result  | mapper=com.ait.sy.basicMaintenance.mapper.SyMenuMapper.findMenuTreeByUserNo | caller=com.ait.sy.sys.service.impl.PermissionServiceImpl.getUserMenus(PermissionServiceImpl.java:101) | rowsReturned=130 | took=175 ms
2026-08-31 14:15:43.434 INFO  [c.a.config.SqlOnlyInterceptor] SQL Execute | mapper=com.ait.sy.syRole.mapper.SyUserRelationMapper.findActiveByUserNo | caller=com.ait.sy.sys.service.impl.PermissionServiceImpl.getUserRoleGroups(PermissionServiceImpl.java:51) | command=SELECT | params=[userNo='111111'] | sql=SELECT USER_NO, ROLE_GROUP_NO, CREATE_DATE, CREATED_BY, UPDATE_DATE, UPDATED_BY, ORDERNO, ACTIVITY FROM sy_user_relation WHERE USER_NO = '111111' AND ACTIVITY = 1 ORDER BY ORDERNO
2026-08-31 14:15:43.447 INFO  [c.a.config.SqlOnlyInterceptor] SQL Result  | mapper=com.ait.sy.syRole.mapper.SyUserRelationMapper.findActiveByUserNo | caller=com.ait.sy.sys.service.impl.PermissionServiceImpl.getUserRoleGroups(PermissionServiceImpl.java:51) | rowsReturned=6 | took=13 ms
2026-08-31 14:15:43.448 INFO  [c.a.config.SqlOnlyInterceptor] SQL Execute | mapper=com.ait.sy.syRole.mapper.SyRoleGroupMapper.findByRoleGroupNo | caller=com.ait.sy.sys.service.impl.PermissionServiceImpl.lambda$0(PermissionServiceImpl.java:53) | command=SELECT | params=[roleGroupNo='00001', cpnyId='HTSV'] | sql=SELECT * FROM SY_ROLE_GROUP WHERE ROLE_GROUP_NO = '00001' AND CPNY_ID = 'HTSV'
2026-08-31 14:15:43.460 INFO  [c.a.config.SqlOnlyInterceptor] SQL Result  | mapper=com.ait.sy.syRole.mapper.SyRoleGroupMapper.findByRoleGroupNo | caller=com.ait.sy.sys.service.impl.PermissionServiceImpl.lambda$0(PermissionServiceImpl.java:53) | rowsReturned=1 | took=12 ms
2026-08-31 14:15:43.460 INFO  [c.a.config.SqlOnlyInterceptor] SQL Execute | mapper=com.ait.sy.syRole.mapper.SyRoleGroupMapper.findByRoleGroupNo | caller=com.ait.sy.sys.service.impl.PermissionServiceImpl.lambda$0(PermissionServiceImpl.java:53) | command=SELECT | params=[roleGroupNo='218729', cpnyId='HTSV'] | sql=SELECT * FROM SY_ROLE_GROUP WHERE ROLE_GROUP_NO = '218729' AND CPNY_ID = 'HTSV'
2026-08-31 14:15:43.471 INFO  [c.a.config.SqlOnlyInterceptor] SQL Result  | mapper=com.ait.sy.syRole.mapper.SyRoleGroupMapper.findByRoleGroupNo | caller=com.ait.sy.sys.service.impl.PermissionServiceImpl.lambda$0(PermissionServiceImpl.java:53) | rowsReturned=1 | took=11 ms
2026-08-31 14:15:43.473 INFO  [c.a.config.SqlOnlyInterceptor] SQL Execute | mapper=com.ait.sy.syRole.mapper.SyRoleGroupMapper.findByRoleGroupNo | caller=com.ait.sy.sys.service.impl.PermissionServiceImpl.lambda$0(PermissionServiceImpl.java:53) | command=SELECT | params=[roleGroupNo='90000452', cpnyId='HTSV'] | sql=SELECT * FROM SY_ROLE_GROUP WHERE ROLE_GROUP_NO = '90000452' AND CPNY_ID = 'HTSV'
2026-08-31 14:15:43.482 INFO  [c.a.config.SqlOnlyInterceptor] SQL Result  | mapper=com.ait.sy.syRole.mapper.SyRoleGroupMapper.findByRoleGroupNo | caller=com.ait.sy.sys.service.impl.PermissionServiceImpl.lambda$0(PermissionServiceImpl.java:53) | rowsReturned=1 | took=10 ms
2026-08-31 14:15:43.484 INFO  [c.a.config.SqlOnlyInterceptor] SQL Execute | mapper=com.ait.sy.syRole.mapper.SyRoleGroupMapper.findByRoleGroupNo | caller=com.ait.sy.sys.service.impl.PermissionServiceImpl.lambda$0(PermissionServiceImpl.java:53) | command=SELECT | params=[roleGroupNo='14013645', cpnyId='HTSV'] | sql=SELECT * FROM SY_ROLE_GROUP WHERE ROLE_GROUP_NO = '14013645' AND CPNY_ID = 'HTSV'
2026-08-31 14:15:43.495 INFO  [c.a.config.SqlOnlyInterceptor] SQL Result  | mapper=com.ait.sy.syRole.mapper.SyRoleGroupMapper.findByRoleGroupNo | caller=com.ait.sy.sys.service.impl.PermissionServiceImpl.lambda$0(PermissionServiceImpl.java:53) | rowsReturned=1 | took=11 ms
2026-08-31 14:15:43.496 INFO  [c.a.config.SqlOnlyInterceptor] SQL Execute | mapper=com.ait.sy.syRole.mapper.SyRoleGroupMapper.findByRoleGroupNo | caller=com.ait.sy.sys.service.impl.PermissionServiceImpl.lambda$0(PermissionServiceImpl.java:53) | command=SELECT | params=[roleGroupNo='14013646', cpnyId='HTSV'] | sql=SELECT * FROM SY_ROLE_GROUP WHERE ROLE_GROUP_NO = '14013646' AND CPNY_ID = 'HTSV'
2026-08-31 14:15:43.506 INFO  [c.a.config.SqlOnlyInterceptor] SQL Result  | mapper=com.ait.sy.syRole.mapper.SyRoleGroupMapper.findByRoleGroupNo | caller=com.ait.sy.sys.service.impl.PermissionServiceImpl.lambda$0(PermissionServiceImpl.java:53) | rowsReturned=1 | took=10 ms
2026-08-31 14:15:43.508 INFO  [c.a.config.SqlOnlyInterceptor] SQL Execute | mapper=com.ait.sy.syRole.mapper.SyRoleGroupMapper.findByRoleGroupNo | caller=com.ait.sy.sys.service.impl.PermissionServiceImpl.lambda$0(PermissionServiceImpl.java:53) | command=SELECT | params=[roleGroupNo='14013644', cpnyId='HTSV'] | sql=SELECT * FROM SY_ROLE_GROUP WHERE ROLE_GROUP_NO = '14013644' AND CPNY_ID = 'HTSV'
2026-08-31 14:15:43.520 INFO  [c.a.config.SqlOnlyInterceptor] SQL Result  | mapper=com.ait.sy.syRole.mapper.SyRoleGroupMapper.findByRoleGroupNo | caller=com.ait.sy.sys.service.impl.PermissionServiceImpl.lambda$0(PermissionServiceImpl.java:53) | rowsReturned=1 | took=13 ms
2026-08-31 14:15:43.751 INFO  [c.a.config.SqlOnlyInterceptor] SQL Execute | mapper=com.ait.sy.syAffirm.mapper.SyAffirmEmailMapper.countPendingApprovals | caller=com.ait.sy.syAffirm.service.impl.SyAffirmEmailServiceImpl.getPendingApprovalCounts(SyAffirmEmailServiceImpl.java:105) | command=SELECT | params=[adminID='11111111'] | sql=SELECT COUNT(1) FROM SY_AFFIRM_EMAIL EM WHERE ACTIVITY = 0 AND AFFIRM_PERSON_ID = '11111111' AND APPLY_AFFIRM_FLAG NOT IN ('14014310', '14014309', '14014308') AND NOT EXISTS (SELECT 1 FROM ESS_LEAVE_APPLY_TB TB WHERE TB.APPLY_NO = EM.APPLY_NO AND TB.BATCH_YN = 2) AND NOT EXISTS (SELECT 1 FROM ESS_APPLY_OT OT WHERE OT.APPLY_NO = EM.APPLY_NO AND OT.BATCH_YN = 2)
2026-08-31 14:15:43.874 INFO  [c.a.config.SqlOnlyInterceptor] SQL Execute | mapper=com.ait.ess.infoApplyAttendance.mapper.EssAttendancePersonalInfoMapper.selectPersonalAttendanceList | caller=com.ait.ess.infoApplyAttendance.service.impl.EssAttendancePersonalInfoServiceImpl.getPersonalAttendanceList(EssAttendancePersonalInfoServiceImpl.java:39) | command=SELECT | params=[lang='vi', lang='vi', lang='vi', adminID='11111111', cpnyId='HTSV', startDate='25/07/2026', endDate='24/08/2026'] | sql=SELECT D.PK_NO, D.PERSON_ID, HE.EMPID, HE.LOCAL_NAME, GET_DEPT_NAME(D.DEPT_NO, 'vi') AS DEPT_NAME, D.ITEM_NO, get_global_name(D.ITEM_NO, 'vi') AS ITEM_NAME, D.SHIFT_NO, GET_GLOBAL_NAME(D.SHIFT_NO, 'vi') AS SHIFT_NAME, D.AR_DATE_STR, TO_CHAR(D.FROM_TIME, 'DD/MM/YYYY HH24:MI') AS FROM_TIME, TO_CHAR(D.TO_TIME, 'DD/MM/YYYY HH24:MI') AS TO_TIME, D.QUANTITY FROM AR_DETAIL_HTSV D JOIN HR_EMPLOYEE HE ON HE.PERSON_ID = D.PERSON_ID WHERE D.PERSON_ID = '11111111' AND D.ITEM_NO NOT IN ( SELECT AIP.ITEM_NO FROM AR_ITEM_PARAM AIP JOIN AR_ITEM AI ON AI.ITEM_NO = AIP.ITEM_NO WHERE AIP.CPNY_ID = 'HTSV' AND AI.ITEM_GROUP_CODE = '1433' ) AND D.AR_DATE_STR >= TO_CHAR(TO_DATE('25/07/2026', 'DD/MM/YYYY'), 'YYYY/MM/DD') AND D.AR_DATE_STR <= TO_CHAR(TO_DATE('24/08/2026', 'DD/MM/YYYY'), 'YYYY/MM/DD') ORDER BY D.AR_DATE_STR DESC, D.ITEM_NO
2026-08-31 14:15:43.875 INFO  [c.a.config.SqlOnlyInterceptor] SQL Execute | mapper=com.ait.ess.infoApply.mapper.EssCwaAbnormalMapper.selectMyCwaAbnormalList | caller=com.ait.ess.infoApply.service.impl.EssCwaAbnormalServiceImpl.getMyList(EssCwaAbnormalServiceImpl.java:39) | command=SELECT | params=[lang='vi', cpnyId='HTSV', cpnyId='HTSV', cpnyId='HTSV', cpnyId='HTSV', cpnyId='HTSV', cpnyId='HTSV', adminID='11111111', adminID='11111111', startDate='25/07/2026', endDate='24/08/2026'] | sql=SELECT AR_DETAIL.PK_NO, AR_DETAIL.PERSON_ID, GET_EMPID(AR_DETAIL.PERSON_ID) AS EMPID, AR_DETAIL.ITEM_NO, GET_GLOBAL_NAME(AR_DETAIL.ITEM_NO, 'vi') AS ITEM_NAME, TO_CHAR(AR_DETAIL.FROM_TIME, 'DD/MM/YYYY HH24:MI:SS') AS FROM_TIME, TO_CHAR(AR_DETAIL.TO_TIME, 'DD/MM/YYYY HH24:MI:SS') AS TO_TIME, TO_CHAR(TO_DATE(AR_DETAIL.AR_DATE_STR, 'YYYY/MM/DD'), 'DD/MM/YYYY') AS AR_DATE_STR, REPLACE(TO_CHAR(TO_DATE(AR_DETAIL.AR_DATE_STR, 'YYYY/MM/DD'), 'DD/MM/YYYY'), '/', '.') AS DATE_STR, GET_AR_MAC_TIME(AR_DETAIL.PERSON_ID, AR_DETAIL.AR_DATE_STR, 'IN') AS INDOOR_TIME, GET_AR_MAC_TIME(AR_DETAIL.PERSON_ID, AR_DETAIL.AR_DATE_STR, 'OUT') AS OUTDOOR_TIME, TO_CHAR(TO_DATE(GET_AR_SHIFT_START_TIME(AR_DETAIL.PERSON_ID, AR_DETAIL.AR_DATE_STR, 'HTSV'), 'YYYY/MM/DD HH24:MI'), 'DD/MM/YYYY') AS SHIFT_START_YYYY, TO_CHAR(TO_DATE(GET_AR_SHIFT_START_TIME(AR_DETAIL.PERSON_ID, AR_DETAIL.AR_DATE_STR, 'HTSV'), 'YYYY/MM/DD HH24:MI'), 'HH24') AS SHIFT_START_HH, TO_CHAR(TO_DATE(GET_AR_SHIFT_START_TIME(AR_DETAIL.PERSON_ID, AR_DETAIL.AR_DATE_STR, 'HTSV'), 'YYYY/MM/DD HH24:MI'), 'MI') AS SHIFT_START_MI, TO_CHAR(TO_DATE(GET_AR_SHIFT_END_TIME(AR_DETAIL.PERSON_ID, AR_DETAIL.AR_DATE_STR, 'HTSV'), 'YYYY/MM/DD HH24:MI'), 'DD/MM/YYYY') AS SHIFT_END_YYYY, TO_CHAR(TO_DATE(GET_AR_SHIFT_END_TIME(AR_DETAIL.PERSON_ID, AR_DETAIL.AR_DATE_STR, 'HTSV'), 'YYYY/MM/DD HH24:MI'), 'HH24') AS SHIFT_END_HH, TO_CHAR(TO_DATE(GET_AR_SHIFT_END_TIME(AR_DETAIL.PERSON_ID, AR_DETAIL.AR_DATE_STR, 'HTSV'), 'YYYY/MM/DD HH24:MI'), 'MI') AS SHIFT_END_MI, AR_DETAIL.LOCK_YN FROM AR_DETAIL_HTSV AR_DETAIL WHERE AR_DETAIL.PERSON_ID = '11111111' AND AR_DETAIL.ITEM_NO IN ('141443', '141441', '141442', '14015448') AND AR_DETAIL.AR_DATE_STR < TO_CHAR(SYSDATE, 'YYYY/MM/DD') AND AR_DETAIL.AR_DATE_STR NOT IN ( SELECT AR_DATE_STR FROM ESS_CARD_APPLY_TB CARD WHERE AFFIRM_FLAG IN ('14014306', '14014307', '14014308') AND CARD.CONFIRM_FLAG <> '2' AND PERSON_ID = '11111111' ) AND AR_DETAIL.AR_DATE_STR >= TO_CHAR(TO_DATE('25/07/2026', 'DD/MM/YYYY'), 'YYYY/MM/DD') AND AR_DETAIL.AR_DATE_STR <= TO_CHAR(TO_DATE('24/08/2026', 'DD/MM/YYYY'), 'YYYY/MM/DD') ORDER BY AR_DETAIL.AR_DATE_STR DESC
2026-08-31 14:15:43.875 INFO  [c.a.config.SqlOnlyInterceptor] SQL Execute | mapper=com.ait.ess.infoApply.mapper.EssPersonOtInfoMapper.selectPersonOtList | caller=com.ait.ess.infoApply.service.impl.EssPersonOtInfoServiceImpl.getPersonOtList(EssPersonOtInfoServiceImpl.java:39) | command=SELECT | params=[lang='vi', lang='vi', lang='vi', adminID='11111111', cpnyId='HTSV', startDate='25/07/2026', endDate='24/08/2026'] | sql=SELECT D.PK_NO, D.PERSON_ID, HE.EMPID, HE.LOCAL_NAME, GET_DEPT_NAME(D.DEPT_NO, 'vi') AS DEPT_NAME, D.ITEM_NO, get_global_name(D.ITEM_NO, 'vi') AS ITEM_NAME, D.SHIFT_NO, GET_GLOBAL_NAME(D.SHIFT_NO, 'vi') AS SHIFT_NAME, D.AR_DATE_STR, TO_CHAR(D.FROM_TIME, 'HH24:MI') || ' ~ ' || TO_CHAR(D.TO_TIME, 'HH24:MI') AS WORK_TIME, TO_CHAR(D.FROM_TIME, 'HH24:MI') AS INDOOR_TIME, TO_CHAR(D.TO_TIME, 'HH24:MI') AS OUTDOOR_TIME, TO_CHAR(D.FROM_TIME, 'DD/MM/YYYY HH24:MI') AS OT_START_TIME, TO_CHAR(D.TO_TIME, 'DD/MM/YYYY HH24:MI') AS OT_END_TIME, D.QUANTITY FROM AR_DETAIL_HTSV D JOIN HR_EMPLOYEE HE ON HE.PERSON_ID = D.PERSON_ID WHERE D.PERSON_ID = '11111111' AND D.ITEM_NO IN ( SELECT AIP.ITEM_NO FROM AR_ITEM_PARAM AIP JOIN AR_ITEM AI ON AI.ITEM_NO = AIP.ITEM_NO WHERE AIP.CPNY_ID = 'HTSV' AND AI.ITEM_GROUP_CODE = '1433' ) AND D.AR_DATE_STR >= TO_CHAR(TO_DATE('25/07/2026', 'DD/MM/YYYY'), 'YYYY/MM/DD') AND D.AR_DATE_STR <= TO_CHAR(TO_DATE('24/08/2026', 'DD/MM/YYYY'), 'YYYY/MM/DD') ORDER BY D.AR_DATE_STR DESC, D.ITEM_NO
2026-08-31 14:15:43.877 INFO  [c.a.config.SqlOnlyInterceptor] SQL Execute | mapper=com.ait.ess.infoApply.mapper.EssOtApplyMapper.selectMyOtApplyList | caller=com.ait.ess.infoApply.service.impl.EssOtApplyServiceImpl.getMyOtApplyList(EssOtApplyServiceImpl.java:52) | command=SELECT | params=[lang='vi', lang='vi', lang='vi', adminID='11111111', fromDate='2026-07-25', toDate='2026-08-24'] | sql=SELECT A.APPLY_NO, A.PERSON_ID, A.OT_TYPE_CODE, GET_GLOBAL_NAME(A.OT_TYPE_CODE, 'vi') AS OT_TYPE_NAME, TO_CHAR(A.APPLY_OT_DATE, 'DD/MM/YYYY') AS APPLY_OT_DATE, A.OT_FROM_TIME, A.OT_TO_TIME, A.OT_APPLY_HOUR, A.DEDUCT_YN, A.APPLY_OT_REMARK, A.AFFIRM_FLAG, GET_GLOBAL_NAME(A.AFFIRM_FLAG, 'vi') AS AFFIRM_FLAG_NAME, A.CONFIRM_FLAG, GET_GLOBAL_NAME(TO_CHAR(A.CONFIRM_FLAG), 'vi') AS CONFIRM_FLAG_NAME, A.CREATED_BY, A.CREATED_IP FROM ESS_APPLY_OT A WHERE A.PERSON_ID = '11111111' AND A.ACTIVITY = 1 AND A.APPLY_OT_DATE >= TO_DATE('2026-07-25', 'YYYY-MM-DD') AND A.APPLY_OT_DATE < TO_DATE('2026-08-24', 'YYYY-MM-DD') + 1 ORDER BY A.APPLY_OT_DATE DESC, A.CREATE_DATE DESC
2026-08-31 14:15:43.893 INFO  [c.a.config.SqlOnlyInterceptor] SQL Execute | mapper=com.ait.ar.attendanceMintenance.mapper.EssLeaveApplyMapper.selectMyLeaveApplyList | caller=com.ait.ar.attendanceMintenance.service.impl.EssLeaveApplyServiceImpl.getMyLeaveApplyList(EssLeaveApplyServiceImpl.java:209) | command=SELECT | params=[lang='vi', lang='vi', lang='vi', adminID='11111111', fromDate='2026-07-25', toDate='2026-08-24'] | sql=SELECT A.APPLY_NO, A.PERSON_ID, A.LEAVE_TYPE_CODE AS ITEM_NO, GET_GLOBAL_NAME(A.LEAVE_TYPE_CODE, 'vi') AS LEAVE_TYPE_NAME, TO_CHAR(A.CREATE_DATE, 'DD/MM/YYYY') AS APPLY_DATE, TO_CHAR(A.LEAVE_FROM_TIME, 'DD/MM/YYYY') AS LEAVE_FROM_DATE, TO_CHAR(A.LEAVE_FROM_TIME, 'HH24:MI') AS LEAVE_FROM_TIME_ONLY, TO_CHAR(A.LEAVE_TO_TIME, 'DD/MM/YYYY') AS LEAVE_TO_DATE, TO_CHAR(A.LEAVE_TO_TIME, 'HH24:MI') AS LEAVE_TO_TIME_ONLY, A.APPLY_LENGTH, AR_GET_DAY_HOURS(A.PERSON_ID, A.LEAVE_FROM_TIME) AS DAY_HOURS, A.LEAVE_REASON, A.AFFIRM_FLAG, GET_GLOBAL_NAME(A.AFFIRM_FLAG, 'vi') AS AFFIRM_FLAG_NAME, A.HR_COMMENT, A.CONFIRM_FLAG, GET_GLOBAL_NAME(A.CONFIRM_FLAG, 'vi') AS CONFIRM_FLAG_NAME, GET_UPDATED_INFO(A.CREATED_BY) AS CREATED_BY, A.CREATED_IP, A.LEAVE_TYPE_CODE FROM ESS_LEAVE_APPLY_TB A WHERE A.PERSON_ID = '11111111' AND A.ACTIVITY = 1 AND A.LEAVE_FROM_TIME >= TO_DATE('2026-07-25', 'YYYY-MM-DD') AND A.LEAVE_FROM_TIME < TO_DATE('2026-08-24', 'YYYY-MM-DD') + 1 ORDER BY A.CREATE_DATE DESC
2026-08-31 14:15:43.941 INFO  [c.a.config.SqlOnlyInterceptor] SQL Result  | mapper=com.ait.ess.infoApply.mapper.EssOtApplyMapper.selectMyOtApplyList | caller=com.ait.ess.infoApply.service.impl.EssOtApplyServiceImpl.getMyOtApplyList(EssOtApplyServiceImpl.java:52) | rowsReturned=0 | took=67 ms
2026-08-31 14:15:43.983 INFO  [c.a.config.SqlOnlyInterceptor] SQL Result  | mapper=com.ait.ess.infoApply.mapper.EssPersonOtInfoMapper.selectPersonOtList | caller=com.ait.ess.infoApply.service.impl.EssPersonOtInfoServiceImpl.getPersonOtList(EssPersonOtInfoServiceImpl.java:39) | rowsReturned=0 | took=109 ms
2026-08-31 14:15:43.990 INFO  [c.a.config.SqlOnlyInterceptor] SQL Result  | mapper=com.ait.ess.infoApplyAttendance.mapper.EssAttendancePersonalInfoMapper.selectPersonalAttendanceList | caller=com.ait.ess.infoApplyAttendance.service.impl.EssAttendancePersonalInfoServiceImpl.getPersonalAttendanceList(EssAttendancePersonalInfoServiceImpl.java:39) | rowsReturned=8 | took=117 ms
2026-08-31 14:15:43.996 INFO  [c.a.config.SqlOnlyInterceptor] SQL Result  | mapper=com.ait.ar.attendanceMintenance.mapper.EssLeaveApplyMapper.selectMyLeaveApplyList | caller=com.ait.ar.attendanceMintenance.service.impl.EssLeaveApplyServiceImpl.getMyLeaveApplyList(EssLeaveApplyServiceImpl.java:209) | rowsReturned=0 | took=104 ms
2026-08-31 14:15:44.003 WARN  [o.s.w.s.m.m.a.ExceptionHandlerExceptionResolver] Resolved [org.springframework.web.servlet.resource.NoResourceFoundException: No static resource dummy-avatar.jpg.]
2026-08-31 14:15:44.023 INFO  [c.a.config.SqlOnlyInterceptor] SQL Execute | mapper=com.ait.sy.sys.mapper.MenuMapper.getMenusByUserPermissionBySysType | caller=com.ait.sy.sys.service.impl.MenuServiceImpl.getMenusByUserPermissionBySysType(MenuServiceImpl.java:37) | command=SELECT | params=[lang='vi', cpnyId='HTSV', userNo='111111', sysType='1'] | sql=SELECT DISTINCT m.MENU_NO, m.MENU_PARENT_NO, m.MENU_CODE, GET_GLOBAL_NAME(m.MENU_NO, 'vi') AS MENU_NAME, m.MENU_IMG, m.MENU_URL, m.DEPTH, m.ORDERNO AS ORDER_NO, m.ACTIVITY FROM SY_MENU m JOIN SY_MENU_PARAM mp ON m.MENU_NO = mp.MENU_NO AND mp.CPNY_ID = 'HTSV' INNER JOIN SY_ROLE_RELATION rr ON m.MENU_NO = rr.MENU_NO INNER JOIN SY_ROLE r ON rr.ROLE_NO = r.ROLE_NO INNER JOIN SY_ROLE_GROUP_RELATION rgr ON rr.ROLE_NO = rgr.ROLE_NO INNER JOIN SY_ROLE_GROUP rg ON rgr.ROLE_GROUP_NO = rg.ROLE_GROUP_NO INNER JOIN SY_USER_RELATION ur ON rgr.ROLE_GROUP_NO = ur.ROLE_GROUP_NO WHERE ur.USER_NO = '111111' AND m.ACTIVITY = 1 AND rr.ACTIVITY = 1 AND r.ACTIVITY = 1 AND rgr.ACTIVITY = 1 AND rg.ACTIVITY = 1 AND ur.ACTIVITY = 1 AND rr.SELECTR = 1 AND NVL(TO_CHAR(rg.SYS_TYPE), '0') = '1' ORDER BY m.DEPTH, m.ORDERNO
2026-08-31 14:15:44.168 INFO  [c.a.config.SqlOnlyInterceptor] SQL Result  | mapper=com.ait.ess.infoApply.mapper.EssCwaAbnormalMapper.selectMyCwaAbnormalList | caller=com.ait.ess.infoApply.service.impl.EssCwaAbnormalServiceImpl.getMyList(EssCwaAbnormalServiceImpl.java:39) | rowsReturned=5 | took=294 ms
2026-08-31 14:15:44.236 INFO  [c.a.config.SqlOnlyInterceptor] SQL Result  | mapper=com.ait.sy.sys.mapper.MenuMapper.getMenusByUserPermissionBySysType | caller=com.ait.sy.sys.service.impl.MenuServiceImpl.getMenusByUserPermissionBySysType(MenuServiceImpl.java:37) | rowsReturned=76 | took=213 ms
2026-08-31 14:15:45.630 INFO  [c.a.config.SqlOnlyInterceptor] SQL Result  | mapper=com.ait.sy.syAffirm.mapper.SyAffirmEmailMapper.countPendingApprovals | caller=com.ait.sy.syAffirm.service.impl.SyAffirmEmailServiceImpl.getPendingApprovalCounts(SyAffirmEmailServiceImpl.java:105) | rowsReturned=1 | took=1880 ms
2026-08-31 14:15:45.632 INFO  [c.a.config.SqlOnlyInterceptor] SQL Execute | mapper=com.ait.sy.syAffirm.mapper.SyAffirmEmailMapper.countPendingApprovals | caller=com.ait.sy.syAffirm.service.impl.SyAffirmEmailServiceImpl.getPendingApprovalCounts(SyAffirmEmailServiceImpl.java:108) | command=SELECT | params=[adminID='11111111', applyTypeCodeSearch='21'] | sql=SELECT COUNT(1) FROM SY_AFFIRM_EMAIL EM WHERE ACTIVITY = 0 AND AFFIRM_PERSON_ID = '11111111' AND APPLY_AFFIRM_FLAG NOT IN ('14014310', '14014309', '14014308') AND APPLY_TYPE_CODE = '21' AND NOT EXISTS (SELECT 1 FROM ESS_LEAVE_APPLY_TB TB WHERE TB.APPLY_NO = EM.APPLY_NO AND TB.BATCH_YN = 2) AND NOT EXISTS (SELECT 1 FROM ESS_APPLY_OT OT WHERE OT.APPLY_NO = EM.APPLY_NO AND OT.BATCH_YN = 2)
2026-08-31 14:15:47.216 INFO  [c.a.config.SqlOnlyInterceptor] SQL Result  | mapper=com.ait.sy.syAffirm.mapper.SyAffirmEmailMapper.countPendingApprovals | caller=com.ait.sy.syAffirm.service.impl.SyAffirmEmailServiceImpl.getPendingApprovalCounts(SyAffirmEmailServiceImpl.java:108) | rowsReturned=1 | took=1585 ms
2026-08-31 14:15:47.218 INFO  [c.a.config.SqlOnlyInterceptor] SQL Execute | mapper=com.ait.sy.syAffirm.mapper.SyAffirmEmailMapper.countPendingApprovals | caller=com.ait.sy.syAffirm.service.impl.SyAffirmEmailServiceImpl.getPendingApprovalCounts(SyAffirmEmailServiceImpl.java:111) | command=SELECT | params=[adminID='11111111', applyTypeCodeSearch='31'] | sql=SELECT COUNT(1) FROM SY_AFFIRM_EMAIL EM WHERE ACTIVITY = 0 AND AFFIRM_PERSON_ID = '11111111' AND APPLY_AFFIRM_FLAG NOT IN ('14014310', '14014309', '14014308') AND APPLY_TYPE_CODE = '31' AND NOT EXISTS (SELECT 1 FROM ESS_LEAVE_APPLY_TB TB WHERE TB.APPLY_NO = EM.APPLY_NO AND TB.BATCH_YN = 2) AND NOT EXISTS (SELECT 1 FROM ESS_APPLY_OT OT WHERE OT.APPLY_NO = EM.APPLY_NO AND OT.BATCH_YN = 2)
2026-08-31 14:15:49.019 INFO  [c.a.config.SqlOnlyInterceptor] SQL Result  | mapper=com.ait.sy.syAffirm.mapper.SyAffirmEmailMapper.countPendingApprovals | caller=com.ait.sy.syAffirm.service.impl.SyAffirmEmailServiceImpl.getPendingApprovalCounts(SyAffirmEmailServiceImpl.java:111) | rowsReturned=1 | took=1801 ms
2026-08-31 14:15:49.021 INFO  [c.a.config.SqlOnlyInterceptor] SQL Execute | mapper=com.ait.sy.syAffirm.mapper.SyAffirmEmailMapper.countPendingApprovals | caller=com.ait.sy.syAffirm.service.impl.SyAffirmEmailServiceImpl.getPendingApprovalCounts(SyAffirmEmailServiceImpl.java:114) | command=SELECT | params=[adminID='11111111', applyTypeCodeSearch='218197'] | sql=SELECT COUNT(1) FROM SY_AFFIRM_EMAIL EM WHERE ACTIVITY = 0 AND AFFIRM_PERSON_ID = '11111111' AND APPLY_AFFIRM_FLAG NOT IN ('14014310', '14014309', '14014308') AND APPLY_TYPE_CODE = '218197' AND NOT EXISTS (SELECT 1 FROM ESS_LEAVE_APPLY_TB TB WHERE TB.APPLY_NO = EM.APPLY_NO AND TB.BATCH_YN = 2) AND NOT EXISTS (SELECT 1 FROM ESS_APPLY_OT OT WHERE OT.APPLY_NO = EM.APPLY_NO AND OT.BATCH_YN = 2)
2026-08-31 14:15:50.411 INFO  [c.a.config.SqlOnlyInterceptor] SQL Result  | mapper=com.ait.sy.syAffirm.mapper.SyAffirmEmailMapper.countPendingApprovals | caller=com.ait.sy.syAffirm.service.impl.SyAffirmEmailServiceImpl.getPendingApprovalCounts(SyAffirmEmailServiceImpl.java:114) | rowsReturned=1 | took=1391 ms
2026-08-31 14:15:53.266 INFO  [c.a.config.SqlOnlyInterceptor] SQL Execute | mapper=com.ait.sy.syAffirm.mapper.SyAffirmEmailMapper.countPendingApprovals | caller=com.ait.sy.syAffirm.service.impl.SyAffirmEmailServiceImpl.getPendingApprovalCounts(SyAffirmEmailServiceImpl.java:105) | command=SELECT | params=[adminID='11111111'] | sql=SELECT COUNT(1) FROM SY_AFFIRM_EMAIL EM WHERE ACTIVITY = 0 AND AFFIRM_PERSON_ID = '11111111' AND APPLY_AFFIRM_FLAG NOT IN ('14014310', '14014309', '14014308') AND NOT EXISTS (SELECT 1 FROM ESS_LEAVE_APPLY_TB TB WHERE TB.APPLY_NO = EM.APPLY_NO AND TB.BATCH_YN = 2) AND NOT EXISTS (SELECT 1 FROM ESS_APPLY_OT OT WHERE OT.APPLY_NO = EM.APPLY_NO AND OT.BATCH_YN = 2)
2026-08-31 14:15:53.284 INFO  [c.a.config.SqlOnlyInterceptor] SQL Execute | mapper=com.ait.hrm.contract.mapper.HrContractMapper.countExpiringContracts | caller=com.ait.hrm.contract.service.impl.HrContractServiceImpl.countExpiringContracts(HrContractServiceImpl.java:245) | command=SELECT | params=[days=7] | sql=SELECT COUNT(*) FROM HR_CONTRACT hc WHERE hc.ACTIVITY = 'ACTIVE' AND TRUNC(hc.END_CONTRACT_DATE) BETWEEN TRUNC(SYSDATE) AND TRUNC(SYSDATE) + 7
2026-08-31 14:15:53.341 INFO  [c.a.config.SqlOnlyInterceptor] SQL Result  | mapper=com.ait.hrm.contract.mapper.HrContractMapper.countExpiringContracts | caller=com.ait.hrm.contract.service.impl.HrContractServiceImpl.countExpiringContracts(HrContractServiceImpl.java:245) | rowsReturned=1 | took=39 ms
2026-08-31 14:15:53.349 INFO  [c.a.config.SqlOnlyInterceptor] SQL Execute | mapper=com.ait.hrm.empinfo.mapper.HrEmployeeMapper.selectEmpMonthlyStats | caller=com.ait.hrm.empinfo.service.impl.HrEmployeeServiceImpl.getEmpMonthlyStats(HrEmployeeServiceImpl.java:196) | command=SELECT | params=[cpnyId='HTSV', cpnyId='HTSV', cpnyId='HTSV', year=2026, year=2026] | sql=SELECT m.MONTH_NUM, ( SELECT COUNT(*) FROM hr_employee e WHERE e.CPNY_ID = 'HTSV' AND TRUNC(e.DATE_STARTED) <= m.MONTH_END AND (e.DATE_LEFT IS NULL OR TRUNC(e.DATE_LEFT) > m.MONTH_END) ) AS EMP_COUNT, ( SELECT COUNT(*) FROM hr_employee n WHERE n.CPNY_ID = 'HTSV' AND TRUNC(n.DATE_STARTED) >= m.MONTH_START AND TRUNC(n.DATE_STARTED) <= m.MONTH_END ) AS NEW_JOINER_COUNT, ( SELECT COUNT(*) FROM hr_employee lv WHERE lv.CPNY_ID = 'HTSV' AND lv.DATE_LEFT IS NOT NULL AND TRUNC(lv.DATE_LEFT) >= m.MONTH_START AND TRUNC(lv.DATE_LEFT) <= m.MONTH_END ) AS LEAVER_COUNT FROM ( SELECT LEVEL AS MONTH_NUM, TRUNC(ADD_MONTHS(TO_DATE(TO_CHAR(2026) || '-01-01', 'YYYY-MM-DD'), LEVEL - 1), 'MM') AS MONTH_START, LAST_DAY(ADD_MONTHS(TO_DATE(TO_CHAR(2026) || '-01-01', 'YYYY-MM-DD'), LEVEL - 1)) AS MONTH_END FROM DUAL CONNECT BY LEVEL <= 12 ) m ORDER BY m.MONTH_NUM
2026-08-31 14:15:53.351 WARN  [o.s.w.s.m.m.a.ExceptionHandlerExceptionResolver] Resolved [org.springframework.web.servlet.resource.NoResourceFoundException: No static resource dummy-avatar.jpg.]
2026-08-31 14:15:53.375 INFO  [c.a.config.SqlOnlyInterceptor] SQL Execute | mapper=com.ait.sy.sys.mapper.MenuMapper.getMenusByUserPermissionBySysType | caller=com.ait.sy.sys.service.impl.MenuServiceImpl.getMenusByUserPermissionBySysType(MenuServiceImpl.java:37) | command=SELECT | params=[lang='vi', cpnyId='HTSV', userNo='111111', sysType='0'] | sql=SELECT DISTINCT m.MENU_NO, m.MENU_PARENT_NO, m.MENU_CODE, GET_GLOBAL_NAME(m.MENU_NO, 'vi') AS MENU_NAME, m.MENU_IMG, m.MENU_URL, m.DEPTH, m.ORDERNO AS ORDER_NO, m.ACTIVITY FROM SY_MENU m JOIN SY_MENU_PARAM mp ON m.MENU_NO = mp.MENU_NO AND mp.CPNY_ID = 'HTSV' INNER JOIN SY_ROLE_RELATION rr ON m.MENU_NO = rr.MENU_NO INNER JOIN SY_ROLE r ON rr.ROLE_NO = r.ROLE_NO INNER JOIN SY_ROLE_GROUP_RELATION rgr ON rr.ROLE_NO = rgr.ROLE_NO INNER JOIN SY_ROLE_GROUP rg ON rgr.ROLE_GROUP_NO = rg.ROLE_GROUP_NO INNER JOIN SY_USER_RELATION ur ON rgr.ROLE_GROUP_NO = ur.ROLE_GROUP_NO WHERE ur.USER_NO = '111111' AND m.ACTIVITY = 1 AND rr.ACTIVITY = 1 AND r.ACTIVITY = 1 AND rgr.ACTIVITY = 1 AND rg.ACTIVITY = 1 AND ur.ACTIVITY = 1 AND rr.SELECTR = 1 AND NVL(TO_CHAR(rg.SYS_TYPE), '0') = '0' ORDER BY m.DEPTH, m.ORDERNO
2026-08-31 14:15:53.527 INFO  [c.a.config.SqlOnlyInterceptor] SQL Result  | mapper=com.ait.hrm.empinfo.mapper.HrEmployeeMapper.selectEmpMonthlyStats | caller=com.ait.hrm.empinfo.service.impl.HrEmployeeServiceImpl.getEmpMonthlyStats(HrEmployeeServiceImpl.java:196) | rowsReturned=12 | took=178 ms
2026-08-31 14:15:53.623 INFO  [c.a.config.SqlOnlyInterceptor] SQL Result  | mapper=com.ait.sy.sys.mapper.MenuMapper.getMenusByUserPermissionBySysType | caller=com.ait.sy.sys.service.impl.MenuServiceImpl.getMenusByUserPermissionBySysType(MenuServiceImpl.java:37) | rowsReturned=256 | took=248 ms
2026-08-31 14:15:54.461 INFO  [c.a.config.SqlOnlyInterceptor] SQL Result  | mapper=com.ait.sy.syAffirm.mapper.SyAffirmEmailMapper.countPendingApprovals | caller=com.ait.sy.syAffirm.service.impl.SyAffirmEmailServiceImpl.getPendingApprovalCounts(SyAffirmEmailServiceImpl.java:105) | rowsReturned=1 | took=1195 ms
2026-08-31 14:15:54.462 INFO  [c.a.config.SqlOnlyInterceptor] SQL Execute | mapper=com.ait.sy.syAffirm.mapper.SyAffirmEmailMapper.countPendingApprovals | caller=com.ait.sy.syAffirm.service.impl.SyAffirmEmailServiceImpl.getPendingApprovalCounts(SyAffirmEmailServiceImpl.java:108) | command=SELECT | params=[adminID='11111111', applyTypeCodeSearch='21'] | sql=SELECT COUNT(1) FROM SY_AFFIRM_EMAIL EM WHERE ACTIVITY = 0 AND AFFIRM_PERSON_ID = '11111111' AND APPLY_AFFIRM_FLAG NOT IN ('14014310', '14014309', '14014308') AND APPLY_TYPE_CODE = '21' AND NOT EXISTS (SELECT 1 FROM ESS_LEAVE_APPLY_TB TB WHERE TB.APPLY_NO = EM.APPLY_NO AND TB.BATCH_YN = 2) AND NOT EXISTS (SELECT 1 FROM ESS_APPLY_OT OT WHERE OT.APPLY_NO = EM.APPLY_NO AND OT.BATCH_YN = 2)
2026-08-31 14:15:55.359 INFO  [c.a.config.SqlOnlyInterceptor] SQL Result  | mapper=com.ait.sy.syAffirm.mapper.SyAffirmEmailMapper.countPendingApprovals | caller=com.ait.sy.syAffirm.service.impl.SyAffirmEmailServiceImpl.getPendingApprovalCounts(SyAffirmEmailServiceImpl.java:108) | rowsReturned=1 | took=897 ms
2026-08-31 14:15:55.361 INFO  [c.a.config.SqlOnlyInterceptor] SQL Execute | mapper=com.ait.sy.syAffirm.mapper.SyAffirmEmailMapper.countPendingApprovals | caller=com.ait.sy.syAffirm.service.impl.SyAffirmEmailServiceImpl.getPendingApprovalCounts(SyAffirmEmailServiceImpl.java:111) | command=SELECT | params=[adminID='11111111', applyTypeCodeSearch='31'] | sql=SELECT COUNT(1) FROM SY_AFFIRM_EMAIL EM WHERE ACTIVITY = 0 AND AFFIRM_PERSON_ID = '11111111' AND APPLY_AFFIRM_FLAG NOT IN ('14014310', '14014309', '14014308') AND APPLY_TYPE_CODE = '31' AND NOT EXISTS (SELECT 1 FROM ESS_LEAVE_APPLY_TB TB WHERE TB.APPLY_NO = EM.APPLY_NO AND TB.BATCH_YN = 2) AND NOT EXISTS (SELECT 1 FROM ESS_APPLY_OT OT WHERE OT.APPLY_NO = EM.APPLY_NO AND OT.BATCH_YN = 2)
2026-08-31 14:15:57.225 INFO  [c.a.config.SqlOnlyInterceptor] SQL Result  | mapper=com.ait.sy.syAffirm.mapper.SyAffirmEmailMapper.countPendingApprovals | caller=com.ait.sy.syAffirm.service.impl.SyAffirmEmailServiceImpl.getPendingApprovalCounts(SyAffirmEmailServiceImpl.java:111) | rowsReturned=1 | took=1864 ms
2026-08-31 14:15:57.226 INFO  [c.a.config.SqlOnlyInterceptor] SQL Execute | mapper=com.ait.sy.syAffirm.mapper.SyAffirmEmailMapper.countPendingApprovals | caller=com.ait.sy.syAffirm.service.impl.SyAffirmEmailServiceImpl.getPendingApprovalCounts(SyAffirmEmailServiceImpl.java:114) | command=SELECT | params=[adminID='11111111', applyTypeCodeSearch='218197'] | sql=SELECT COUNT(1) FROM SY_AFFIRM_EMAIL EM WHERE ACTIVITY = 0 AND AFFIRM_PERSON_ID = '11111111' AND APPLY_AFFIRM_FLAG NOT IN ('14014310', '14014309', '14014308') AND APPLY_TYPE_CODE = '218197' AND NOT EXISTS (SELECT 1 FROM ESS_LEAVE_APPLY_TB TB WHERE TB.APPLY_NO = EM.APPLY_NO AND TB.BATCH_YN = 2) AND NOT EXISTS (SELECT 1 FROM ESS_APPLY_OT OT WHERE OT.APPLY_NO = EM.APPLY_NO AND OT.BATCH_YN = 2)
2026-08-31 14:15:58.903 INFO  [c.a.config.SqlOnlyInterceptor] SQL Result  | mapper=com.ait.sy.syAffirm.mapper.SyAffirmEmailMapper.countPendingApprovals | caller=com.ait.sy.syAffirm.service.impl.SyAffirmEmailServiceImpl.getPendingApprovalCounts(SyAffirmEmailServiceImpl.java:114) | rowsReturned=1 | took=1677 ms
2026-08-31 14:16:01.213 INFO  [c.a.config.SqlOnlyInterceptor] SQL Execute | mapper=com.ait.sy.basicMaintenance.mapper.SyCodeMapper.findUseCodeWithParentNo | caller=com.ait.sy.basicMaintenance.service.impl.SyCodeServiceImpl.getUseCodeList(SyCodeServiceImpl.java:45) | command=SELECT | params=[cpnyId='HTSV', lang='vi', parentCodeNo='400223'] | sql=SELECT c.CODE_NO, c.DESCRIPTION, c.DEPTH, c.PARENT_CODE_NO, c.OPERATION_ID, c.ORDERNO, gv.CONTENT AS CODE_NAME, gvi.CONTENT AS NAME_VI, gve.CONTENT AS NAME_EN, gvz.CONTENT AS NAME_ZH, gvk.CONTENT AS NAME_KO FROM SY_CODE c JOIN SY_CODE_PARAM SCP ON c.CODE_NO = scp.CODE_NO AND scp.CPNY_ID = 'HTSV' LEFT JOIN SY_GLOBAL_NAME gv ON c.CODE_NO = gv.NO AND gv.LANGUAGE = 'vi' LEFT JOIN SY_GLOBAL_NAME gvi ON c.CODE_NO = gvi.NO AND gvi.LANGUAGE = 'vi' LEFT JOIN SY_GLOBAL_NAME gve ON c.CODE_NO = gve.NO AND gve.LANGUAGE = 'en' LEFT JOIN SY_GLOBAL_NAME gvz ON c.CODE_NO = gvz.NO AND gvz.LANGUAGE = 'zh' LEFT JOIN SY_GLOBAL_NAME gvk ON c.CODE_NO = gvk.NO AND gvk.LANGUAGE = 'ko' WHERE c.ACTIVITY = 1 AND c.PARENT_CODE_NO = '400223' ORDER BY c.ORDERNO, c.CODE_NO
2026-08-31 14:16:01.223 INFO  [c.a.config.SqlOnlyInterceptor] SQL Execute | mapper=com.ait.ess.deptEmpAtt.mapper.ArShiftGroupManagementMapper.selectList | caller=com.ait.ess.deptEmpAtt.service.impl.ArShiftGroupManagementServiceImpl.getList(ArShiftGroupManagementServiceImpl.java:20) | command=SELECT | params=[lang='vi', lang='vi', cpnyId='HTSV'] | sql=SELECT s.AR_SHIFTGROUP_MANAGE_NO, s.PERSON_ID, e.EMPID, e.LOCAL_NAME, s.BEFOR_SHIFT_NO, GET_GLOBAL_NAME(s.BEFOR_SHIFT_NO, 'vi') AS BEFOR_SHIFT_NAME, s.SHIFT_NO, GET_GLOBAL_NAME(s.SHIFT_NO, 'vi') AS SHIFT_NAME, TO_CHAR(s.START_DATE, 'YYYY-MM-DD') AS START_DATE, s.REMARK, TO_CHAR(s.CREATE_DATE, 'YYYY-MM-DD') AS CREATE_DATE, s.CREATED_BY, TO_CHAR(s.UPDATE_DATE, 'YYYY-MM-DD') AS UPDATE_DATE, s.UPDATED_BY, s.ACTIVITY FROM AR_SHIFTGROUP_MANAGEMENT s LEFT JOIN HR_EMPLOYEE e ON e.PERSON_ID = s.PERSON_ID WHERE e.CPNY_ID = 'HTSV' ORDER BY s.START_DATE DESC, e.EMPID
2026-08-31 14:16:01.282 INFO  [c.a.config.SqlOnlyInterceptor] SQL Result  | mapper=com.ait.sy.basicMaintenance.mapper.SyCodeMapper.findUseCodeWithParentNo | caller=com.ait.sy.basicMaintenance.service.impl.SyCodeServiceImpl.getUseCodeList(SyCodeServiceImpl.java:45) | rowsReturned=7 | took=73 ms
2026-08-31 14:16:02.218 INFO  [c.a.config.SqlOnlyInterceptor] SQL Result  | mapper=com.ait.ess.deptEmpAtt.mapper.ArShiftGroupManagementMapper.selectList | caller=com.ait.ess.deptEmpAtt.service.impl.ArShiftGroupManagementServiceImpl.getList(ArShiftGroupManagementServiceImpl.java:20) | rowsReturned=7297 | took=997 ms
2026-08-31 14:16:12.393 WARN  [o.s.w.s.m.m.a.ExceptionHandlerExceptionResolver] Resolved [org.springframework.web.servlet.resource.NoResourceFoundException: No static resource plugins/moment/moment.min.js.map.]
2026-08-31 14:16:12.393 WARN  [o.s.w.s.m.m.a.ExceptionHandlerExceptionResolver] Resolved [org.springframework.web.servlet.resource.NoResourceFoundException: No static resource js/quill.min.js.map.]
2026-08-31 14:16:13.644 WARN  [i.m.c.instrument.MeterRegistry] This Gauge has been already registered (MeterId{name='system.memory.usage.percent', tags=[]}), the registration will be ignored. Note that subsequent logs will be logged at debug level.
2026-08-31 14:16:46.156 WARN  [o.s.w.s.m.m.a.ExceptionHandlerExceptionResolver] Resolved [org.springframework.web.servlet.resource.NoResourceFoundException: No static resource plugins/moment/moment.min.js.map.]
2026-08-31 14:16:46.157 WARN  [o.s.w.s.m.m.a.ExceptionHandlerExceptionResolver] Resolved [org.springframework.web.servlet.resource.NoResourceFoundException: No static resource js/quill.min.js.map.]
2026-08-31 14:17:53.056 INFO  [c.a.config.SqlOnlyInterceptor] SQL Execute | mapper=com.ait.sy.basicMaintenance.mapper.SyCodeMapper.findUseCodeWithParentNo | caller=com.ait.sy.basicMaintenance.service.impl.SyCodeServiceImpl.getUseCodeList(SyCodeServiceImpl.java:45) | command=SELECT | params=[cpnyId='HTSV', lang='vi', parentCodeNo='13864'] | sql=SELECT c.CODE_NO, c.DESCRIPTION, c.DEPTH, c.PARENT_CODE_NO, c.OPERATION_ID, c.ORDERNO, gv.CONTENT AS CODE_NAME, gvi.CONTENT AS NAME_VI, gve.CONTENT AS NAME_EN, gvz.CONTENT AS NAME_ZH, gvk.CONTENT AS NAME_KO FROM SY_CODE c JOIN SY_CODE_PARAM SCP ON c.CODE_NO = scp.CODE_NO AND scp.CPNY_ID = 'HTSV' LEFT JOIN SY_GLOBAL_NAME gv ON c.CODE_NO = gv.NO AND gv.LANGUAGE = 'vi' LEFT JOIN SY_GLOBAL_NAME gvi ON c.CODE_NO = gvi.NO AND gvi.LANGUAGE = 'vi' LEFT JOIN SY_GLOBAL_NAME gve ON c.CODE_NO = gve.NO AND gve.LANGUAGE = 'en' LEFT JOIN SY_GLOBAL_NAME gvz ON c.CODE_NO = gvz.NO AND gvz.LANGUAGE = 'zh' LEFT JOIN SY_GLOBAL_NAME gvk ON c.CODE_NO = gvk.NO AND gvk.LANGUAGE = 'ko' WHERE c.ACTIVITY = 1 AND c.PARENT_CODE_NO = '13864' ORDER BY c.ORDERNO, c.CODE_NO
2026-08-31 14:17:53.067 INFO  [c.a.config.SqlOnlyInterceptor] SQL Execute | mapper=com.ait.ar.attendanceSettings.mapper.ArSupervisorMapper.getAuthorizedDepartments | caller=com.ait.ar.attendanceSettings.service.impl.ArSupervisorServiceImpl.getAuthorizedDepartments(ArSupervisorServiceImpl.java:82) | command=SELECT | params=[cpnyId='HTSV', adminID='11111111'] | sql=SELECT d.DEPTNO as "id", d.ORG_NAME_LOCAL as "text", d.PARENT_DEPT_NO as "parent" FROM HR_DEPARTMENT d INNER JOIN AR_SUPERVISOR_INFO si ON d.DEPTNO = si.DEPTNO WHERE d.CPNY_ID = 'HTSV' AND si.PERSON_ID = '11111111' AND d.ACTIVITY = 1 ORDER BY d.DEPT_LEVEL ASC, d.DEPTNO ASC
2026-08-31 14:17:53.075 INFO  [c.a.config.SqlOnlyInterceptor] SQL Execute | mapper=com.ait.ess.viewDept.mapper.ArPersonalListMapper.selectItemList | caller=com.ait.ess.viewDept.service.impl.ArPersonalListServiceImpl.getItemList(ArPersonalListServiceImpl.java:26) | command=SELECT | params=[lang='vi'] | sql=SELECT AI.ITEM_ID, GET_GLOBAL_NAME(AI.ITEM_NO, 'vi') AS ITEM_NAME FROM AR_ITEM AI WHERE AI.ITEM_ID IS NOT NULL AND AI.ACTIVITY = 1 AND AI.ITEM_GROUP_CODE != '1433' ORDER BY AI.ITEM_ID
2026-08-31 14:17:53.109 INFO  [c.a.config.SqlOnlyInterceptor] SQL Result  | mapper=com.ait.sy.basicMaintenance.mapper.SyCodeMapper.findUseCodeWithParentNo | caller=com.ait.sy.basicMaintenance.service.impl.SyCodeServiceImpl.getUseCodeList(SyCodeServiceImpl.java:45) | rowsReturned=5 | took=55 ms
2026-08-31 14:17:53.131 INFO  [c.a.config.SqlOnlyInterceptor] SQL Result  | mapper=com.ait.ess.viewDept.mapper.ArPersonalListMapper.selectItemList | caller=com.ait.ess.viewDept.service.impl.ArPersonalListServiceImpl.getItemList(ArPersonalListServiceImpl.java:26) | rowsReturned=29 | took=59 ms
2026-08-31 14:17:53.141 INFO  [c.a.config.SqlOnlyInterceptor] SQL Result  | mapper=com.ait.ar.attendanceSettings.mapper.ArSupervisorMapper.getAuthorizedDepartments | caller=com.ait.ar.attendanceSettings.service.impl.ArSupervisorServiceImpl.getAuthorizedDepartments(ArSupervisorServiceImpl.java:82) | rowsReturned=41 | took=75 ms
2026-08-31 14:17:53.158 INFO  [c.a.config.SqlOnlyInterceptor] SQL Execute | mapper=com.ait.ess.viewDept.mapper.ArPersonalListMapper.selectActiveItemIds | caller=com.ait.ess.viewDept.service.impl.ArPersonalListServiceImpl.getSummaryList(ArPersonalListServiceImpl.java:37) | command=SELECT | params=[] | sql=SELECT AI.ITEM_ID FROM AR_ITEM AI WHERE AI.ITEM_ID IS NOT NULL AND AI.ACTIVITY = 1 AND AI.ITEM_GROUP_CODE != '1433' ORDER BY AI.ITEM_ID
2026-08-31 14:17:53.200 INFO  [c.a.config.SqlOnlyInterceptor] SQL Result  | mapper=com.ait.ess.viewDept.mapper.ArPersonalListMapper.selectActiveItemIds | caller=com.ait.ess.viewDept.service.impl.ArPersonalListServiceImpl.getSummaryList(ArPersonalListServiceImpl.java:37) | rowsReturned=29 | took=43 ms
2026-08-31 14:17:53.352 INFO  [c.a.config.SqlOnlyInterceptor] SQL Execute | mapper=com.ait.ess.viewDept.mapper.ArPersonalListMapper.selectSummaryList | caller=com.ait.ess.viewDept.service.impl.ArPersonalListServiceImpl.getSummaryList(ArPersonalListServiceImpl.java:40) | command=SELECT | params=[lang='vi', lang='vi', cpnyId='HTSV', cpnyId='HTSV', startDate='2026/07/25', endDate='2026/08/24'] | sql=SELECT HE.PERSON_ID, HE.EMPID, HE.LOCAL_NAME, GET_DEPT_NAME(HE.DEPTNO, 'vi') AS DEPT_NAME, GET_GLOBAL_NAME(HE.POST_GRADE_NO, 'vi') AS POSITION_NAME, HE.EMP_TYPE_CODE, SUM(NVL(T.NORMAL_WORK / NVL(NULLIF(T.SHIFT_LENGTH, 0), 8), 0)) AS NORMAL_WORK, SUM(NVL(T.LATE_ARRIVE, 0) + NVL(T.EARLY_LEAVE, 0) + NVL(T.GO_OUT, 0)) AS LATE_EARLY_GO_TOTAL , SUM(NVL(T.ABSENTEEISM, 0)) AS ABSENTEEISM , SUM(NVL(T.ANNUAL_VACATION, 0)) AS ANNUAL_VACATION , SUM(NVL(T.BUSINESS_TRAVEL, 0)) AS BUSINESS_TRAVEL , SUM(NVL(T.CHECK_MATERNITY_LEAVE, 0)) AS CHECK_MATERNITY_LEAVE , SUM(NVL(T.CHILD_MARITAL_LEAVE, 0)) AS CHILD_MARITAL_LEAVE , SUM(NVL(T.CHILD_SICK_LEAVE, 0)) AS CHILD_SICK_LEAVE , SUM(NVL(T.EARLY_LEAVE, 0)) AS EARLY_LEAVE , SUM(NVL(T.FUNERAL_LEAVE, 0)) AS FUNERAL_LEAVE , SUM(NVL(T.GO_OUT, 0)) AS GO_OUT , SUM(NVL(T.KEEP_HELTH_LEAVE, 0)) AS KEEP_HELTH_LEAVE , SUM(NVL(T.LACTATION_LEAVE, 0)) AS LACTATION_LEAVE , SUM(NVL(T.LATE_ARRIVE, 0)) AS LATE_ARRIVE , SUM(NVL(T.LONGTIME_SICK_LEAVE, 0)) AS LONGTIME_SICK_LEAVE , SUM(NVL(T.MATERNITY_LEAVE, 0)) AS MATERNITY_LEAVE , SUM(NVL(T.MEAL_OT_INCEN, 0)) AS MEAL_OT_INCEN , SUM(NVL(T.NORMAL_WORK, 0)) AS NORMAL_WORK , SUM(NVL(T.NO_CARD_WORK, 0)) AS NO_CARD_WORK , SUM(NVL(T.NURSING_LEAVE, 0)) AS NURSING_LEAVE , SUM(NVL(T.PATERNITY_LEAVE, 0)) AS PATERNITY_LEAVE , SUM(NVL(T.PERSONAL_LEAVE, 0)) AS PERSONAL_LEAVE , SUM(NVL(T.REST, 0)) AS REST , SUM(NVL(T.SATURDAY_DAY_INCEN, 0)) AS SATURDAY_DAY_INCEN , SUM(NVL(T.SATURDAY_NIGHT_INCEN, 0)) AS SATURDAY_NIGHT_INCEN , SUM(NVL(T.SELF_MARITAL_LEAVE, 0)) AS SELF_MARITAL_LEAVE , SUM(NVL(T.SHUTDOWN_LEAVE, 0)) AS SHUTDOWN_LEAVE , SUM(NVL(T.SHUTDOWN_LEAVE_50PER, 0)) AS SHUTDOWN_LEAVE_50PER , SUM(NVL(T.SICK_LEAVE, 0)) AS SICK_LEAVE , SUM(NVL(T.WORK_INJURY_LEAVE, 0)) AS WORK_INJURY_LEAVE , SUM(NVL(T.WUXIN_JIA, 0)) AS WUXIN_JIA FROM AR_EMP_DAY_TOTAL T JOIN HR_EMPLOYEE HE ON HE.PERSON_ID = T.PERSON_ID AND HE.CPNY_ID = 'HTSV' WHERE T.CPNY_ID = 'HTSV' AND T.PERSON_ID NOT LIKE '1111%' /* Loại bỏ nhân viên giả lập dùng cho chấm công thủ công */ AND T.DATE_STR >= '2026/07/25' AND T.DATE_STR <= '2026/08/24' GROUP BY HE.PERSON_ID, HE.EMPID, HE.LOCAL_NAME, HE.DEPTNO, HE.POST_GRADE_NO, HE.EMP_TYPE_CODE ORDER BY HE.EMPID
2026-08-31 14:17:53.391 ERROR [c.a.config.SqlOnlyInterceptor] SQL Failed  | mapper=com.ait.ess.viewDept.mapper.ArPersonalListMapper.selectSummaryList | caller=com.ait.ess.viewDept.service.impl.ArPersonalListServiceImpl.getSummaryList(ArPersonalListServiceImpl.java:40) | command=SELECT | took=188 ms | params=[lang='vi', lang='vi', cpnyId='HTSV', cpnyId='HTSV', startDate='2026/07/25', endDate='2026/08/24'] | sql=SELECT HE.PERSON_ID, HE.EMPID, HE.LOCAL_NAME, GET_DEPT_NAME(HE.DEPTNO, 'vi') AS DEPT_NAME, GET_GLOBAL_NAME(HE.POST_GRADE_NO, 'vi') AS POSITION_NAME, HE.EMP_TYPE_CODE, SUM(NVL(T.NORMAL_WORK / NVL(NULLIF(T.SHIFT_LENGTH, 0), 8), 0)) AS NORMAL_WORK, SUM(NVL(T.LATE_ARRIVE, 0) + NVL(T.EARLY_LEAVE, 0) + NVL(T.GO_OUT, 0)) AS LATE_EARLY_GO_TOTAL , SUM(NVL(T.ABSENTEEISM, 0)) AS ABSENTEEISM , SUM(NVL(T.ANNUAL_VACATION, 0)) AS ANNUAL_VACATION , SUM(NVL(T.BUSINESS_TRAVEL, 0)) AS BUSINESS_TRAVEL , SUM(NVL(T.CHECK_MATERNITY_LEAVE, 0)) AS CHECK_MATERNITY_LEAVE , SUM(NVL(T.CHILD_MARITAL_LEAVE, 0)) AS CHILD_MARITAL_LEAVE , SUM(NVL(T.CHILD_SICK_LEAVE, 0)) AS CHILD_SICK_LEAVE , SUM(NVL(T.EARLY_LEAVE, 0)) AS EARLY_LEAVE , SUM(NVL(T.FUNERAL_LEAVE, 0)) AS FUNERAL_LEAVE , SUM(NVL(T.GO_OUT, 0)) AS GO_OUT , SUM(NVL(T.KEEP_HELTH_LEAVE, 0)) AS KEEP_HELTH_LEAVE , SUM(NVL(T.LACTATION_LEAVE, 0)) AS LACTATION_LEAVE , SUM(NVL(T.LATE_ARRIVE, 0)) AS LATE_ARRIVE , SUM(NVL(T.LONGTIME_SICK_LEAVE, 0)) AS LONGTIME_SICK_LEAVE , SUM(NVL(T.MATERNITY_LEAVE, 0)) AS MATERNITY_LEAVE , SUM(NVL(T.MEAL_OT_INCEN, 0)) AS MEAL_OT_INCEN , SUM(NVL(T.NORMAL_WORK, 0)) AS NORMAL_WORK , SUM(NVL(T.NO_CARD_WORK, 0)) AS NO_CARD_WORK , SUM(NVL(T.NURSING_LEAVE, 0)) AS NURSING_LEAVE , SUM(NVL(T.PATERNITY_LEAVE, 0)) AS PATERNITY_LEAVE , SUM(NVL(T.PERSONAL_LEAVE, 0)) AS PERSONAL_LEAVE , SUM(NVL(T.REST, 0)) AS REST , SUM(NVL(T.SATURDAY_DAY_INCEN, 0)) AS SATURDAY_DAY_INCEN , SUM(NVL(T.SATURDAY_NIGHT_INCEN, 0)) AS SATURDAY_NIGHT_INCEN , SUM(NVL(T.SELF_MARITAL_LEAVE, 0)) AS SELF_MARITAL_LEAVE , SUM(NVL(T.SHUTDOWN_LEAVE, 0)) AS SHUTDOWN_LEAVE , SUM(NVL(T.SHUTDOWN_LEAVE_50PER, 0)) AS SHUTDOWN_LEAVE_50PER , SUM(NVL(T.SICK_LEAVE, 0)) AS SICK_LEAVE , SUM(NVL(T.WORK_INJURY_LEAVE, 0)) AS WORK_INJURY_LEAVE , SUM(NVL(T.WUXIN_JIA, 0)) AS WUXIN_JIA FROM AR_EMP_DAY_TOTAL T JOIN HR_EMPLOYEE HE ON HE.PERSON_ID = T.PERSON_ID AND HE.CPNY_ID = 'HTSV' WHERE T.CPNY_ID = 'HTSV' AND T.PERSON_ID NOT LIKE '1111%' /* Loại bỏ nhân viên giả lập dùng cho chấm công thủ công */ AND T.DATE_STR >= '2026/07/25' AND T.DATE_STR <= '2026/08/24' GROUP BY HE.PERSON_ID, HE.EMPID, HE.LOCAL_NAME, HE.DEPTNO, HE.POST_GRADE_NO, HE.EMP_TYPE_CODE ORDER BY HE.EMPID | errorType=java.lang.reflect.InvocationTargetException | error=null
Caused by: oracle.jdbc.OracleDatabaseException: ORA-00904: "T"."SATURDAY_NIGHT_INCEN": invalid identifier

	at at oracle.jdbc.driver.T4CTTIoer11.processError(T4CTTIoer11.java:723)
Caused by: java.sql.SQLSyntaxErrorException: ORA-00904: "T"."SATURDAY_NIGHT_INCEN": invalid identifier

https://docs.oracle.com/error-help/db/ora-00904/
	at at oracle.jdbc.driver.T4CTTIoer11.processError(T4CTTIoer11.java:715)
java.lang.reflect.InvocationTargetException
	at at java.base/jdk.internal.reflect.DirectMethodHandleAccessor.invoke(DirectMethodHandleAccessor.java:118)
2026-08-31 14:17:53.614 ERROR [c.a.e.v.s.i.ArPersonalListServiceImpl] Lỗi khi lấy tổng hợp tình hình chấm công: 
### Error querying database.  Cause: java.sql.SQLSyntaxErrorException: ORA-00904: "T"."SATURDAY_NIGHT_INCEN": invalid identifier

https://docs.oracle.com/error-help/db/ora-00904/
### The error may exist in file [D:\Java\WorkSpace\New_HR\HVV-VHR\src\main\webapp\WEB-INF\classes\com\ait\mapper\ArPersonalListMapper.xml]
### The error may involve com.ait.ess.viewDept.mapper.ArPersonalListMapper.selectSummaryList-Inline
### The error occurred while setting parameters
### SQL: SELECT HE.PERSON_ID,                HE.EMPID,                HE.LOCAL_NAME,                GET_DEPT_NAME(HE.DEPTNO, ?)          AS DEPT_NAME,                GET_GLOBAL_NAME(HE.POST_GRADE_NO, ?) AS POSITION_NAME,                HE.EMP_TYPE_CODE,                SUM(NVL(T.NORMAL_WORK / NVL(NULLIF(T.SHIFT_LENGTH, 0), 8), 0))                                   AS NORMAL_WORK,                SUM(NVL(T.LATE_ARRIVE,  0) + NVL(T.EARLY_LEAVE, 0) + NVL(T.GO_OUT, 0)) AS LATE_EARLY_GO_TOTAL                                                               , SUM(NVL(T.ABSENTEEISM, 0)) AS ABSENTEEISM                                              , SUM(NVL(T.ANNUAL_VACATION, 0)) AS ANNUAL_VACATION                                              , SUM(NVL(T.BUSINESS_TRAVEL, 0)) AS BUSINESS_TRAVEL                                              , SUM(NVL(T.CHECK_MATERNITY_LEAVE, 0)) AS CHECK_MATERNITY_LEAVE                                              , SUM(NVL(T.CHILD_MARITAL_LEAVE, 0)) AS CHILD_MARITAL_LEAVE                                              , SUM(NVL(T.CHILD_SICK_LEAVE, 0)) AS CHILD_SICK_LEAVE                                              , SUM(NVL(T.EARLY_LEAVE, 0)) AS EARLY_LEAVE                                              , SUM(NVL(T.FUNERAL_LEAVE, 0)) AS FUNERAL_LEAVE                                              , SUM(NVL(T.GO_OUT, 0)) AS GO_OUT                                              , SUM(NVL(T.KEEP_HELTH_LEAVE, 0)) AS KEEP_HELTH_LEAVE                                              , SUM(NVL(T.LACTATION_LEAVE, 0)) AS LACTATION_LEAVE                                              , SUM(NVL(T.LATE_ARRIVE, 0)) AS LATE_ARRIVE                                              , SUM(NVL(T.LONGTIME_SICK_LEAVE, 0)) AS LONGTIME_SICK_LEAVE                                              , SUM(NVL(T.MATERNITY_LEAVE, 0)) AS MATERNITY_LEAVE                                              , SUM(NVL(T.MEAL_OT_INCEN, 0)) AS MEAL_OT_INCEN                                              , SUM(NVL(T.NORMAL_WORK, 0)) AS NORMAL_WORK                                              , SUM(NVL(T.NO_CARD_WORK, 0)) AS NO_CARD_WORK                                              , SUM(NVL(T.NURSING_LEAVE, 0)) AS NURSING_LEAVE                                              , SUM(NVL(T.PATERNITY_LEAVE, 0)) AS PATERNITY_LEAVE                                              , SUM(NVL(T.PERSONAL_LEAVE, 0)) AS PERSONAL_LEAVE                                              , SUM(NVL(T.REST, 0)) AS REST                                              , SUM(NVL(T.SATURDAY_DAY_INCEN, 0)) AS SATURDAY_DAY_INCEN                                              , SUM(NVL(T.SATURDAY_NIGHT_INCEN, 0)) AS SATURDAY_NIGHT_INCEN                                              , SUM(NVL(T.SELF_MARITAL_LEAVE, 0)) AS SELF_MARITAL_LEAVE                                              , SUM(NVL(T.SHUTDOWN_LEAVE, 0)) AS SHUTDOWN_LEAVE                                              , SUM(NVL(T.SHUTDOWN_LEAVE_50PER, 0)) AS SHUTDOWN_LEAVE_50PER                                              , SUM(NVL(T.SICK_LEAVE, 0)) AS SICK_LEAVE                                              , SUM(NVL(T.WORK_INJURY_LEAVE, 0)) AS WORK_INJURY_LEAVE                                              , SUM(NVL(T.WUXIN_JIA, 0)) AS WUXIN_JIA                                               FROM AR_EMP_DAY_TOTAL T         JOIN HR_EMPLOYEE HE             ON  HE.PERSON_ID = T.PERSON_ID             AND HE.CPNY_ID   = ?         WHERE T.CPNY_ID = ?         AND T.PERSON_ID NOT LIKE '1111%'  /* Loại bỏ nhân viên giả lập dùng cho chấm công thủ công */                       AND T.DATE_STR >= ?                                 AND T.DATE_STR <= ?                                                 GROUP BY HE.PERSON_ID, HE.EMPID, HE.LOCAL_NAME, HE.DEPTNO, HE.POST_GRADE_NO, HE.EMP_TYPE_CODE         ORDER BY HE.EMPID
### Cause: java.sql.SQLSyntaxErrorException: ORA-00904: "T"."SATURDAY_NIGHT_INCEN": invalid identifier

https://docs.oracle.com/error-help/db/ora-00904/
; bad SQL grammar []
Caused by: oracle.jdbc.OracleDatabaseException: ORA-00904: "T"."SATURDAY_NIGHT_INCEN": invalid identifier

	at at oracle.jdbc.driver.T4CTTIoer11.processError(T4CTTIoer11.java:723)
Caused by: java.sql.SQLSyntaxErrorException: ORA-00904: "T"."SATURDAY_NIGHT_INCEN": invalid identifier

https://docs.oracle.com/error-help/db/ora-00904/
	at at oracle.jdbc.driver.T4CTTIoer11.processError(T4CTTIoer11.java:715)
org.springframework.jdbc.BadSqlGrammarException: 
### Error querying database.  Cause: java.sql.SQLSyntaxErrorException: ORA-00904: "T"."SATURDAY_NIGHT_INCEN": invalid identifier

https://docs.oracle.com/error-help/db/ora-00904/
### The error may exist in file [D:\Java\WorkSpace\New_HR\HVV-VHR\src\main\webapp\WEB-INF\classes\com\ait\mapper\ArPersonalListMapper.xml]
### The error may involve com.ait.ess.viewDept.mapper.ArPersonalListMapper.selectSummaryList-Inline
### The error occurred while setting parameters
### SQL: SELECT HE.PERSON_ID,                HE.EMPID,                HE.LOCAL_NAME,                GET_DEPT_NAME(HE.DEPTNO, ?)          AS DEPT_NAME,                GET_GLOBAL_NAME(HE.POST_GRADE_NO, ?) AS POSITION_NAME,                HE.EMP_TYPE_CODE,                SUM(NVL(T.NORMAL_WORK / NVL(NULLIF(T.SHIFT_LENGTH, 0), 8), 0))                                   AS NORMAL_WORK,                SUM(NVL(T.LATE_ARRIVE,  0) + NVL(T.EARLY_LEAVE, 0) + NVL(T.GO_OUT, 0)) AS LATE_EARLY_GO_TOTAL                                                               , SUM(NVL(T.ABSENTEEISM, 0)) AS ABSENTEEISM                                              , SUM(NVL(T.ANNUAL_VACATION, 0)) AS ANNUAL_VACATION                                              , SUM(NVL(T.BUSINESS_TRAVEL, 0)) AS BUSINESS_TRAVEL                                              , SUM(NVL(T.CHECK_MATERNITY_LEAVE, 0)) AS CHECK_MATERNITY_LEAVE                                              , SUM(NVL(T.CHILD_MARITAL_LEAVE, 0)) AS CHILD_MARITAL_LEAVE                                              , SUM(NVL(T.CHILD_SICK_LEAVE, 0)) AS CHILD_SICK_LEAVE                                              , SUM(NVL(T.EARLY_LEAVE, 0)) AS EARLY_LEAVE                                              , SUM(NVL(T.FUNERAL_LEAVE, 0)) AS FUNERAL_LEAVE                                              , SUM(NVL(T.GO_OUT, 0)) AS GO_OUT                                              , SUM(NVL(T.KEEP_HELTH_LEAVE, 0)) AS KEEP_HELTH_LEAVE                                              , SUM(NVL(T.LACTATION_LEAVE, 0)) AS LACTATION_LEAVE                                              , SUM(NVL(T.LATE_ARRIVE, 0)) AS LATE_ARRIVE                                              , SUM(NVL(T.LONGTIME_SICK_LEAVE, 0)) AS LONGTIME_SICK_LEAVE                                              , SUM(NVL(T.MATERNITY_LEAVE, 0)) AS MATERNITY_LEAVE                                              , SUM(NVL(T.MEAL_OT_INCEN, 0)) AS MEAL_OT_INCEN                                              , SUM(NVL(T.NORMAL_WORK, 0)) AS NORMAL_WORK                                              , SUM(NVL(T.NO_CARD_WORK, 0)) AS NO_CARD_WORK                                              , SUM(NVL(T.NURSING_LEAVE, 0)) AS NURSING_LEAVE                                              , SUM(NVL(T.PATERNITY_LEAVE, 0)) AS PATERNITY_LEAVE                                              , SUM(NVL(T.PERSONAL_LEAVE, 0)) AS PERSONAL_LEAVE                                              , SUM(NVL(T.REST, 0)) AS REST                                              , SUM(NVL(T.SATURDAY_DAY_INCEN, 0)) AS SATURDAY_DAY_INCEN                                              , SUM(NVL(T.SATURDAY_NIGHT_INCEN, 0)) AS SATURDAY_NIGHT_INCEN                                              , SUM(NVL(T.SELF_MARITAL_LEAVE, 0)) AS SELF_MARITAL_LEAVE                                              , SUM(NVL(T.SHUTDOWN_LEAVE, 0)) AS SHUTDOWN_LEAVE                                              , SUM(NVL(T.SHUTDOWN_LEAVE_50PER, 0)) AS SHUTDOWN_LEAVE_50PER                                              , SUM(NVL(T.SICK_LEAVE, 0)) AS SICK_LEAVE                                              , SUM(NVL(T.WORK_INJURY_LEAVE, 0)) AS WORK_INJURY_LEAVE                                              , SUM(NVL(T.WUXIN_JIA, 0)) AS WUXIN_JIA                                               FROM AR_EMP_DAY_TOTAL T         JOIN HR_EMPLOYEE HE             ON  HE.PERSON_ID = T.PERSON_ID             AND HE.CPNY_ID   = ?         WHERE T.CPNY_ID = ?         AND T.PERSON_ID NOT LIKE '1111%'  /* Loại bỏ nhân viên giả lập dùng cho chấm công thủ công */                       AND T.DATE_STR >= ?                                 AND T.DATE_STR <= ?                                                 GROUP BY HE.PERSON_ID, HE.EMPID, HE.LOCAL_NAME, HE.DEPTNO, HE.POST_GRADE_NO, HE.EMP_TYPE_CODE         ORDER BY HE.EMPID
### Cause: java.sql.SQLSyntaxErrorException: ORA-00904: "T"."SATURDAY_NIGHT_INCEN": invalid identifier

https://docs.oracle.com/error-help/db/ora-00904/
; bad SQL grammar []
	at at org.springframework.jdbc.support.SQLErrorCodeSQLExceptionTranslator.doTranslate(SQLErrorCodeSQLExceptionTranslator.java:246)
2026-08-31 14:17:53.621 ERROR [c.a.c.GlobalApiExceptionHandler] Unhandled exception for uri=/ess/viewDept/api/arPersonalList/summary
Caused by: oracle.jdbc.OracleDatabaseException: ORA-00904: "T"."SATURDAY_NIGHT_INCEN": invalid identifier

	at at oracle.jdbc.driver.T4CTTIoer11.processError(T4CTTIoer11.java:723)
Caused by: java.sql.SQLSyntaxErrorException: ORA-00904: "T"."SATURDAY_NIGHT_INCEN": invalid identifier

https://docs.oracle.com/error-help/db/ora-00904/
	at at oracle.jdbc.driver.T4CTTIoer11.processError(T4CTTIoer11.java:715)
org.springframework.jdbc.BadSqlGrammarException: 
### Error querying database.  Cause: java.sql.SQLSyntaxErrorException: ORA-00904: "T"."SATURDAY_NIGHT_INCEN": invalid identifier

https://docs.oracle.com/error-help/db/ora-00904/
### The error may exist in file [D:\Java\WorkSpace\New_HR\HVV-VHR\src\main\webapp\WEB-INF\classes\com\ait\mapper\ArPersonalListMapper.xml]
### The error may involve com.ait.ess.viewDept.mapper.ArPersonalListMapper.selectSummaryList-Inline
### The error occurred while setting parameters
### SQL: SELECT HE.PERSON_ID,                HE.EMPID,                HE.LOCAL_NAME,                GET_DEPT_NAME(HE.DEPTNO, ?)          AS DEPT_NAME,                GET_GLOBAL_NAME(HE.POST_GRADE_NO, ?) AS POSITION_NAME,                HE.EMP_TYPE_CODE,                SUM(NVL(T.NORMAL_WORK / NVL(NULLIF(T.SHIFT_LENGTH, 0), 8), 0))                                   AS NORMAL_WORK,                SUM(NVL(T.LATE_ARRIVE,  0) + NVL(T.EARLY_LEAVE, 0) + NVL(T.GO_OUT, 0)) AS LATE_EARLY_GO_TOTAL                                                               , SUM(NVL(T.ABSENTEEISM, 0)) AS ABSENTEEISM                                              , SUM(NVL(T.ANNUAL_VACATION, 0)) AS ANNUAL_VACATION                                              , SUM(NVL(T.BUSINESS_TRAVEL, 0)) AS BUSINESS_TRAVEL                                              , SUM(NVL(T.CHECK_MATERNITY_LEAVE, 0)) AS CHECK_MATERNITY_LEAVE                                              , SUM(NVL(T.CHILD_MARITAL_LEAVE, 0)) AS CHILD_MARITAL_LEAVE                                              , SUM(NVL(T.CHILD_SICK_LEAVE, 0)) AS CHILD_SICK_LEAVE                                              , SUM(NVL(T.EARLY_LEAVE, 0)) AS EARLY_LEAVE                                              , SUM(NVL(T.FUNERAL_LEAVE, 0)) AS FUNERAL_LEAVE                                              , SUM(NVL(T.GO_OUT, 0)) AS GO_OUT                                              , SUM(NVL(T.KEEP_HELTH_LEAVE, 0)) AS KEEP_HELTH_LEAVE                                              , SUM(NVL(T.LACTATION_LEAVE, 0)) AS LACTATION_LEAVE                                              , SUM(NVL(T.LATE_ARRIVE, 0)) AS LATE_ARRIVE                                              , SUM(NVL(T.LONGTIME_SICK_LEAVE, 0)) AS LONGTIME_SICK_LEAVE                                              , SUM(NVL(T.MATERNITY_LEAVE, 0)) AS MATERNITY_LEAVE                                              , SUM(NVL(T.MEAL_OT_INCEN, 0)) AS MEAL_OT_INCEN                                              , SUM(NVL(T.NORMAL_WORK, 0)) AS NORMAL_WORK                                              , SUM(NVL(T.NO_CARD_WORK, 0)) AS NO_CARD_WORK                                              , SUM(NVL(T.NURSING_LEAVE, 0)) AS NURSING_LEAVE                                              , SUM(NVL(T.PATERNITY_LEAVE, 0)) AS PATERNITY_LEAVE                                              , SUM(NVL(T.PERSONAL_LEAVE, 0)) AS PERSONAL_LEAVE                                              , SUM(NVL(T.REST, 0)) AS REST                                              , SUM(NVL(T.SATURDAY_DAY_INCEN, 0)) AS SATURDAY_DAY_INCEN                                              , SUM(NVL(T.SATURDAY_NIGHT_INCEN, 0)) AS SATURDAY_NIGHT_INCEN                                              , SUM(NVL(T.SELF_MARITAL_LEAVE, 0)) AS SELF_MARITAL_LEAVE                                              , SUM(NVL(T.SHUTDOWN_LEAVE, 0)) AS SHUTDOWN_LEAVE                                              , SUM(NVL(T.SHUTDOWN_LEAVE_50PER, 0)) AS SHUTDOWN_LEAVE_50PER                                              , SUM(NVL(T.SICK_LEAVE, 0)) AS SICK_LEAVE                                              , SUM(NVL(T.WORK_INJURY_LEAVE, 0)) AS WORK_INJURY_LEAVE                                              , SUM(NVL(T.WUXIN_JIA, 0)) AS WUXIN_JIA                                               FROM AR_EMP_DAY_TOTAL T         JOIN HR_EMPLOYEE HE             ON  HE.PERSON_ID = T.PERSON_ID             AND HE.CPNY_ID   = ?         WHERE T.CPNY_ID = ?         AND T.PERSON_ID NOT LIKE '1111%'  /* Loại bỏ nhân viên giả lập dùng cho chấm công thủ công */                       AND T.DATE_STR >= ?                                 AND T.DATE_STR <= ?                                                 GROUP BY HE.PERSON_ID, HE.EMPID, HE.LOCAL_NAME, HE.DEPTNO, HE.POST_GRADE_NO, HE.EMP_TYPE_CODE         ORDER BY HE.EMPID
### Cause: java.sql.SQLSyntaxErrorException: ORA-00904: "T"."SATURDAY_NIGHT_INCEN": invalid identifier

https://docs.oracle.com/error-help/db/ora-00904/
; bad SQL grammar []
	at at org.springframework.jdbc.support.SQLErrorCodeSQLExceptionTranslator.doTranslate(SQLErrorCodeSQLExceptionTranslator.java:246)
2026-08-31 14:17:53.630 WARN  [o.s.w.s.m.m.a.ExceptionHandlerExceptionResolver] Resolved [org.springframework.jdbc.BadSqlGrammarException: <EOL><EOL>### Error querying database.  Cause: java.sql.SQLSyntaxErrorException: ORA-00904: "T"."SATURDAY_NIGHT_INCEN": invalid identifier<EOL><EOL><EOL>https://docs.oracle.com/error-help/db/ora-00904/<EOL><EOL>### The error may exist in file [D:\Java\WorkSpace\New_HR\HVV-VHR\src\main\webapp\WEB-INF\classes\com\ait\mapper\ArPersonalListMapper.xml]<EOL><EOL>### The error may involve com.ait.ess.viewDept.mapper.ArPersonalListMapper.selectSummaryList-Inline<EOL><EOL>### The error occurred while setting parameters<EOL><EOL>### SQL: SELECT HE.PERSON_ID,                HE.EMPID,                HE.LOCAL_NAME,                GET_DEPT_NAME(HE.DEPTNO, ?)          AS DEPT_NAME,                GET_GLOBAL_NAME(HE.POST_GRADE_NO, ?) AS POSITION_NAME,                HE.EMP_TYPE_CODE,                SUM(NVL(T.NORMAL_WORK / NVL(NULLIF(T.SHIFT_LENGTH, 0), 8), 0))                                   AS NORMAL_WORK,                SUM(NVL(T.LATE_ARRIVE,  0) + NVL(T.EARLY_LEAVE, 0) + NVL(T.GO_OUT, 0)) AS LATE_EARLY_GO_TOTAL                                                               , SUM(NVL(T.ABSENTEEISM, 0)) AS ABSENTEEISM                                              , SUM(NVL(T.ANNUAL_VACATION, 0)) AS ANNUAL_VACATION                                              , SUM(NVL(T.BUSINESS_TRAVEL, 0)) AS BUSINESS_TRAVEL                                              , SUM(NVL(T.CHECK_MATERNITY_LEAVE, 0)) AS CHECK_MATERNITY_LEAVE                                              , SUM(NVL(T.CHILD_MARITAL_LEAVE, 0)) AS CHILD_MARITAL_LEAVE                                              , SUM(NVL(T.CHILD_SICK_LEAVE, 0)) AS CHILD_SICK_LEAVE                                              , SUM(NVL(T.EARLY_LEAVE, 0)) AS EARLY_LEAVE                                              , SUM(NVL(T.FUNERAL_LEAVE, 0)) AS FUNERAL_LEAVE                                              , SUM(NVL(T.GO_OUT, 0)) AS GO_OUT                                              , SUM(NVL(T.KEEP_HELTH_LEAVE, 0)) AS KEEP_HELTH_LEAVE                                              , SUM(NVL(T.LACTATION_LEAVE, 0)) AS LACTATION_LEAVE                                              , SUM(NVL(T.LATE_ARRIVE, 0)) AS LATE_ARRIVE                                              , SUM(NVL(T.LONGTIME_SICK_LEAVE, 0)) AS LONGTIME_SICK_LEAVE                                              , SUM(NVL(T.MATERNITY_LEAVE, 0)) AS MATERNITY_LEAVE                                              , SUM(NVL(T.MEAL_OT_INCEN, 0)) AS MEAL_OT_INCEN                                              , SUM(NVL(T.NORMAL_WORK, 0)) AS NORMAL_WORK                                              , SUM(NVL(T.NO_CARD_WORK, 0)) AS NO_CARD_WORK                                              , SUM(NVL(T.NURSING_LEAVE, 0)) AS NURSING_LEAVE                                              , SUM(NVL(T.PATERNITY_LEAVE, 0)) AS PATERNITY_LEAVE                                              , SUM(NVL(T.PERSONAL_LEAVE, 0)) AS PERSONAL_LEAVE                                              , SUM(NVL(T.REST, 0)) AS REST                                              , SUM(NVL(T.SATURDAY_DAY_INCEN, 0)) AS SATURDAY_DAY_INCEN                                              , SUM(NVL(T.SATURDAY_NIGHT_INCEN, 0)) AS SATURDAY_NIGHT_INCEN                                              , SUM(NVL(T.SELF_MARITAL_LEAVE, 0)) AS SELF_MARITAL_LEAVE                                              , SUM(NVL(T.SHUTDOWN_LEAVE, 0)) AS SHUTDOWN_LEAVE                                              , SUM(NVL(T.SHUTDOWN_LEAVE_50PER, 0)) AS SHUTDOWN_LEAVE_50PER                                              , SUM(NVL(T.SICK_LEAVE, 0)) AS SICK_LEAVE                                              , SUM(NVL(T.WORK_INJURY_LEAVE, 0)) AS WORK_INJURY_LEAVE                                              , SUM(NVL(T.WUXIN_JIA, 0)) AS WUXIN_JIA                                               FROM AR_EMP_DAY_TOTAL T         JOIN HR_EMPLOYEE HE             ON  HE.PERSON_ID = T.PERSON_ID             AND HE.CPNY_ID   = ?         WHERE T.CPNY_ID = ?         AND T.PERSON_ID NOT LIKE '1111%'  /* Loại bỏ nhân viên giả lập dùng cho chấm công thủ công */                       AND T.DATE_STR >= ?                                 AND T.DATE_STR <= ?                                                 GROUP BY HE.PERSON_ID, HE.EMPID, HE.LOCAL_NAME, HE.DEPTNO, HE.POST_GRADE_NO, HE.EMP_TYPE_CODE         ORDER BY HE.EMPID<EOL><EOL>### Cause: java.sql.SQLSyntaxErrorException: ORA-00904: "T"."SATURDAY_NIGHT_INCEN": invalid identifier<EOL><EOL><EOL>https://docs.oracle.com/error-help/db/ora-00904/<EOL>; bad SQL grammar []]
2026-08-31 14:17:53.635 INFO  [c.a.s.s.s.i.LoggingServiceImpl] [API_ERROR] API GET /ess/viewDept/api/arPersonalList/summary returned 500 in 480ms [correlationId=a20b70fe-dad2-491c-a766-7e76d92d91a2] [ip=0:0:0:0:0:0:0:1] [context={duration=480, referer=http://localhost:8081/dashboard, endpoint=/ess/viewDept/api/arPersonalList/summary, method=GET, responseTime=480, userAgent=Mozilla/5.0 (Windows NT 10.0; Win64; x64) AppleWebKit/537.36 (KHTML, like Gecko) Chrome/152.0.0.0 Safari/537.36 Edg/152.0.0.0, statusCode=500}]
2026-08-31 14:17:53.638 ERROR [c.a.s.s.s.i.LoggingServiceImpl] [API_ERROR] HTTP 500 error for GET /ess/viewDept/api/arPersonalList/summary [correlationId=a20b70fe-dad2-491c-a766-7e76d92d91a2] [ip=0:0:0:0:0:0:0:1] [context={duration=480, referer=http://localhost:8081/dashboard, endpoint=/ess/viewDept/api/arPersonalList/summary, method=GET, userAgent=Mozilla/5.0 (Windows NT 10.0; Win64; x64) AppleWebKit/537.36 (KHTML, like Gecko) Chrome/152.0.0.0 Safari/537.36 Edg/152.0.0.0, statusCode=500}]
2026-08-31 14:18:44.719 INFO  [c.a.config.SqlOnlyInterceptor] SQL Execute | mapper=com.ait.sy.syAffirm.mapper.SyAffirmEmailMapper.countPendingApprovals | caller=com.ait.sy.syAffirm.service.impl.SyAffirmEmailServiceImpl.getPendingApprovalCounts(SyAffirmEmailServiceImpl.java:105) | command=SELECT | params=[adminID='11111111'] | sql=SELECT COUNT(1) FROM SY_AFFIRM_EMAIL EM WHERE ACTIVITY = 0 AND AFFIRM_PERSON_ID = '11111111' AND APPLY_AFFIRM_FLAG NOT IN ('14014310', '14014309', '14014308') AND NOT EXISTS (SELECT 1 FROM ESS_LEAVE_APPLY_TB TB WHERE TB.APPLY_NO = EM.APPLY_NO AND TB.BATCH_YN = 2) AND NOT EXISTS (SELECT 1 FROM ESS_APPLY_OT OT WHERE OT.APPLY_NO = EM.APPLY_NO AND OT.BATCH_YN = 2)
2026-08-31 14:18:46.186 INFO  [c.a.config.SqlOnlyInterceptor] SQL Result  | mapper=com.ait.sy.syAffirm.mapper.SyAffirmEmailMapper.countPendingApprovals | caller=com.ait.sy.syAffirm.service.impl.SyAffirmEmailServiceImpl.getPendingApprovalCounts(SyAffirmEmailServiceImpl.java:105) | rowsReturned=1 | took=1468 ms
2026-08-31 14:18:46.189 INFO  [c.a.config.SqlOnlyInterceptor] SQL Execute | mapper=com.ait.sy.syAffirm.mapper.SyAffirmEmailMapper.countPendingApprovals | caller=com.ait.sy.syAffirm.service.impl.SyAffirmEmailServiceImpl.getPendingApprovalCounts(SyAffirmEmailServiceImpl.java:108) | command=SELECT | params=[adminID='11111111', applyTypeCodeSearch='21'] | sql=SELECT COUNT(1) FROM SY_AFFIRM_EMAIL EM WHERE ACTIVITY = 0 AND AFFIRM_PERSON_ID = '11111111' AND APPLY_AFFIRM_FLAG NOT IN ('14014310', '14014309', '14014308') AND APPLY_TYPE_CODE = '21' AND NOT EXISTS (SELECT 1 FROM ESS_LEAVE_APPLY_TB TB WHERE TB.APPLY_NO = EM.APPLY_NO AND TB.BATCH_YN = 2) AND NOT EXISTS (SELECT 1 FROM ESS_APPLY_OT OT WHERE OT.APPLY_NO = EM.APPLY_NO AND OT.BATCH_YN = 2)
2026-08-31 14:18:47.238 INFO  [c.a.config.SqlOnlyInterceptor] SQL Result  | mapper=com.ait.sy.syAffirm.mapper.SyAffirmEmailMapper.countPendingApprovals | caller=com.ait.sy.syAffirm.service.impl.SyAffirmEmailServiceImpl.getPendingApprovalCounts(SyAffirmEmailServiceImpl.java:108) | rowsReturned=1 | took=1050 ms
2026-08-31 14:18:47.240 INFO  [c.a.config.SqlOnlyInterceptor] SQL Execute | mapper=com.ait.sy.syAffirm.mapper.SyAffirmEmailMapper.countPendingApprovals | caller=com.ait.sy.syAffirm.service.impl.SyAffirmEmailServiceImpl.getPendingApprovalCounts(SyAffirmEmailServiceImpl.java:111) | command=SELECT | params=[adminID='11111111', applyTypeCodeSearch='31'] | sql=SELECT COUNT(1) FROM SY_AFFIRM_EMAIL EM WHERE ACTIVITY = 0 AND AFFIRM_PERSON_ID = '11111111' AND APPLY_AFFIRM_FLAG NOT IN ('14014310', '14014309', '14014308') AND APPLY_TYPE_CODE = '31' AND NOT EXISTS (SELECT 1 FROM ESS_LEAVE_APPLY_TB TB WHERE TB.APPLY_NO = EM.APPLY_NO AND TB.BATCH_YN = 2) AND NOT EXISTS (SELECT 1 FROM ESS_APPLY_OT OT WHERE OT.APPLY_NO = EM.APPLY_NO AND OT.BATCH_YN = 2)
2026-08-31 14:18:49.411 INFO  [c.a.config.SqlOnlyInterceptor] SQL Result  | mapper=com.ait.sy.syAffirm.mapper.SyAffirmEmailMapper.countPendingApprovals | caller=com.ait.sy.syAffirm.service.impl.SyAffirmEmailServiceImpl.getPendingApprovalCounts(SyAffirmEmailServiceImpl.java:111) | rowsReturned=1 | took=2172 ms
2026-08-31 14:18:49.412 INFO  [c.a.config.SqlOnlyInterceptor] SQL Execute | mapper=com.ait.sy.syAffirm.mapper.SyAffirmEmailMapper.countPendingApprovals | caller=com.ait.sy.syAffirm.service.impl.SyAffirmEmailServiceImpl.getPendingApprovalCounts(SyAffirmEmailServiceImpl.java:114) | command=SELECT | params=[adminID='11111111', applyTypeCodeSearch='218197'] | sql=SELECT COUNT(1) FROM SY_AFFIRM_EMAIL EM WHERE ACTIVITY = 0 AND AFFIRM_PERSON_ID = '11111111' AND APPLY_AFFIRM_FLAG NOT IN ('14014310', '14014309', '14014308') AND APPLY_TYPE_CODE = '218197' AND NOT EXISTS (SELECT 1 FROM ESS_LEAVE_APPLY_TB TB WHERE TB.APPLY_NO = EM.APPLY_NO AND TB.BATCH_YN = 2) AND NOT EXISTS (SELECT 1 FROM ESS_APPLY_OT OT WHERE OT.APPLY_NO = EM.APPLY_NO AND OT.BATCH_YN = 2)
2026-08-31 14:18:50.323 INFO  [c.a.config.SqlOnlyInterceptor] SQL Result  | mapper=com.ait.sy.syAffirm.mapper.SyAffirmEmailMapper.countPendingApprovals | caller=com.ait.sy.syAffirm.service.impl.SyAffirmEmailServiceImpl.getPendingApprovalCounts(SyAffirmEmailServiceImpl.java:114) | rowsReturned=1 | took=910 ms
2026-08-31 14:18:53.283 INFO  [c.a.config.SqlOnlyInterceptor] SQL Execute | mapper=com.ait.sy.syAffirm.mapper.SyAffirmEmailMapper.countPendingApprovals | caller=com.ait.sy.syAffirm.service.impl.SyAffirmEmailServiceImpl.getPendingApprovalCounts(SyAffirmEmailServiceImpl.java:105) | command=SELECT | params=[adminID='11111111'] | sql=SELECT COUNT(1) FROM SY_AFFIRM_EMAIL EM WHERE ACTIVITY = 0 AND AFFIRM_PERSON_ID = '11111111' AND APPLY_AFFIRM_FLAG NOT IN ('14014310', '14014309', '14014308') AND NOT EXISTS (SELECT 1 FROM ESS_LEAVE_APPLY_TB TB WHERE TB.APPLY_NO = EM.APPLY_NO AND TB.BATCH_YN = 2) AND NOT EXISTS (SELECT 1 FROM ESS_APPLY_OT OT WHERE OT.APPLY_NO = EM.APPLY_NO AND OT.BATCH_YN = 2)
2026-08-31 14:18:54.428 INFO  [c.a.config.SqlOnlyInterceptor] SQL Result  | mapper=com.ait.sy.syAffirm.mapper.SyAffirmEmailMapper.countPendingApprovals | caller=com.ait.sy.syAffirm.service.impl.SyAffirmEmailServiceImpl.getPendingApprovalCounts(SyAffirmEmailServiceImpl.java:105) | rowsReturned=1 | took=1145 ms
2026-08-31 14:18:54.429 INFO  [c.a.config.SqlOnlyInterceptor] SQL Execute | mapper=com.ait.sy.syAffirm.mapper.SyAffirmEmailMapper.countPendingApprovals | caller=com.ait.sy.syAffirm.service.impl.SyAffirmEmailServiceImpl.getPendingApprovalCounts(SyAffirmEmailServiceImpl.java:108) | command=SELECT | params=[adminID='11111111', applyTypeCodeSearch='21'] | sql=SELECT COUNT(1) FROM SY_AFFIRM_EMAIL EM WHERE ACTIVITY = 0 AND AFFIRM_PERSON_ID = '11111111' AND APPLY_AFFIRM_FLAG NOT IN ('14014310', '14014309', '14014308') AND APPLY_TYPE_CODE = '21' AND NOT EXISTS (SELECT 1 FROM ESS_LEAVE_APPLY_TB TB WHERE TB.APPLY_NO = EM.APPLY_NO AND TB.BATCH_YN = 2) AND NOT EXISTS (SELECT 1 FROM ESS_APPLY_OT OT WHERE OT.APPLY_NO = EM.APPLY_NO AND OT.BATCH_YN = 2)
2026-08-31 14:18:55.548 INFO  [c.a.config.SqlOnlyInterceptor] SQL Result  | mapper=com.ait.sy.syAffirm.mapper.SyAffirmEmailMapper.countPendingApprovals | caller=com.ait.sy.syAffirm.service.impl.SyAffirmEmailServiceImpl.getPendingApprovalCounts(SyAffirmEmailServiceImpl.java:108) | rowsReturned=1 | took=1120 ms
2026-08-31 14:18:55.550 INFO  [c.a.config.SqlOnlyInterceptor] SQL Execute | mapper=com.ait.sy.syAffirm.mapper.SyAffirmEmailMapper.countPendingApprovals | caller=com.ait.sy.syAffirm.service.impl.SyAffirmEmailServiceImpl.getPendingApprovalCounts(SyAffirmEmailServiceImpl.java:111) | command=SELECT | params=[adminID='11111111', applyTypeCodeSearch='31'] | sql=SELECT COUNT(1) FROM SY_AFFIRM_EMAIL EM WHERE ACTIVITY = 0 AND AFFIRM_PERSON_ID = '11111111' AND APPLY_AFFIRM_FLAG NOT IN ('14014310', '14014309', '14014308') AND APPLY_TYPE_CODE = '31' AND NOT EXISTS (SELECT 1 FROM ESS_LEAVE_APPLY_TB TB WHERE TB.APPLY_NO = EM.APPLY_NO AND TB.BATCH_YN = 2) AND NOT EXISTS (SELECT 1 FROM ESS_APPLY_OT OT WHERE OT.APPLY_NO = EM.APPLY_NO AND OT.BATCH_YN = 2)
2026-08-31 14:18:56.270 INFO  [c.a.config.SqlOnlyInterceptor] SQL Result  | mapper=com.ait.sy.syAffirm.mapper.SyAffirmEmailMapper.countPendingApprovals | caller=com.ait.sy.syAffirm.service.impl.SyAffirmEmailServiceImpl.getPendingApprovalCounts(SyAffirmEmailServiceImpl.java:111) | rowsReturned=1 | took=720 ms
2026-08-31 14:18:56.273 INFO  [c.a.config.SqlOnlyInterceptor] SQL Execute | mapper=com.ait.sy.syAffirm.mapper.SyAffirmEmailMapper.countPendingApprovals | caller=com.ait.sy.syAffirm.service.impl.SyAffirmEmailServiceImpl.getPendingApprovalCounts(SyAffirmEmailServiceImpl.java:114) | command=SELECT | params=[adminID='11111111', applyTypeCodeSearch='218197'] | sql=SELECT COUNT(1) FROM SY_AFFIRM_EMAIL EM WHERE ACTIVITY = 0 AND AFFIRM_PERSON_ID = '11111111' AND APPLY_AFFIRM_FLAG NOT IN ('14014310', '14014309', '14014308') AND APPLY_TYPE_CODE = '218197' AND NOT EXISTS (SELECT 1 FROM ESS_LEAVE_APPLY_TB TB WHERE TB.APPLY_NO = EM.APPLY_NO AND TB.BATCH_YN = 2) AND NOT EXISTS (SELECT 1 FROM ESS_APPLY_OT OT WHERE OT.APPLY_NO = EM.APPLY_NO AND OT.BATCH_YN = 2)
2026-08-31 14:18:57.776 INFO  [c.a.config.SqlOnlyInterceptor] SQL Result  | mapper=com.ait.sy.syAffirm.mapper.SyAffirmEmailMapper.countPendingApprovals | caller=com.ait.sy.syAffirm.service.impl.SyAffirmEmailServiceImpl.getPendingApprovalCounts(SyAffirmEmailServiceImpl.java:114) | rowsReturned=1 | took=1504 ms
2026-08-31 14:21:44.715 INFO  [c.a.config.SqlOnlyInterceptor] SQL Execute | mapper=com.ait.sy.syAffirm.mapper.SyAffirmEmailMapper.countPendingApprovals | caller=com.ait.sy.syAffirm.service.impl.SyAffirmEmailServiceImpl.getPendingApprovalCounts(SyAffirmEmailServiceImpl.java:105) | command=SELECT | params=[adminID='11111111'] | sql=SELECT COUNT(1) FROM SY_AFFIRM_EMAIL EM WHERE ACTIVITY = 0 AND AFFIRM_PERSON_ID = '11111111' AND APPLY_AFFIRM_FLAG NOT IN ('14014310', '14014309', '14014308') AND NOT EXISTS (SELECT 1 FROM ESS_LEAVE_APPLY_TB TB WHERE TB.APPLY_NO = EM.APPLY_NO AND TB.BATCH_YN = 2) AND NOT EXISTS (SELECT 1 FROM ESS_APPLY_OT OT WHERE OT.APPLY_NO = EM.APPLY_NO AND OT.BATCH_YN = 2)
2026-08-31 14:21:46.006 INFO  [c.a.config.SqlOnlyInterceptor] SQL Result  | mapper=com.ait.sy.syAffirm.mapper.SyAffirmEmailMapper.countPendingApprovals | caller=com.ait.sy.syAffirm.service.impl.SyAffirmEmailServiceImpl.getPendingApprovalCounts(SyAffirmEmailServiceImpl.java:105) | rowsReturned=1 | took=1292 ms
2026-08-31 14:21:46.007 INFO  [c.a.config.SqlOnlyInterceptor] SQL Execute | mapper=com.ait.sy.syAffirm.mapper.SyAffirmEmailMapper.countPendingApprovals | caller=com.ait.sy.syAffirm.service.impl.SyAffirmEmailServiceImpl.getPendingApprovalCounts(SyAffirmEmailServiceImpl.java:108) | command=SELECT | params=[adminID='11111111', applyTypeCodeSearch='21'] | sql=SELECT COUNT(1) FROM SY_AFFIRM_EMAIL EM WHERE ACTIVITY = 0 AND AFFIRM_PERSON_ID = '11111111' AND APPLY_AFFIRM_FLAG NOT IN ('14014310', '14014309', '14014308') AND APPLY_TYPE_CODE = '21' AND NOT EXISTS (SELECT 1 FROM ESS_LEAVE_APPLY_TB TB WHERE TB.APPLY_NO = EM.APPLY_NO AND TB.BATCH_YN = 2) AND NOT EXISTS (SELECT 1 FROM ESS_APPLY_OT OT WHERE OT.APPLY_NO = EM.APPLY_NO AND OT.BATCH_YN = 2)
2026-08-31 14:21:47.690 INFO  [c.a.config.SqlOnlyInterceptor] SQL Result  | mapper=com.ait.sy.syAffirm.mapper.SyAffirmEmailMapper.countPendingApprovals | caller=com.ait.sy.syAffirm.service.impl.SyAffirmEmailServiceImpl.getPendingApprovalCounts(SyAffirmEmailServiceImpl.java:108) | rowsReturned=1 | took=1683 ms
2026-08-31 14:21:47.692 INFO  [c.a.config.SqlOnlyInterceptor] SQL Execute | mapper=com.ait.sy.syAffirm.mapper.SyAffirmEmailMapper.countPendingApprovals | caller=com.ait.sy.syAffirm.service.impl.SyAffirmEmailServiceImpl.getPendingApprovalCounts(SyAffirmEmailServiceImpl.java:111) | command=SELECT | params=[adminID='11111111', applyTypeCodeSearch='31'] | sql=SELECT COUNT(1) FROM SY_AFFIRM_EMAIL EM WHERE ACTIVITY = 0 AND AFFIRM_PERSON_ID = '11111111' AND APPLY_AFFIRM_FLAG NOT IN ('14014310', '14014309', '14014308') AND APPLY_TYPE_CODE = '31' AND NOT EXISTS (SELECT 1 FROM ESS_LEAVE_APPLY_TB TB WHERE TB.APPLY_NO = EM.APPLY_NO AND TB.BATCH_YN = 2) AND NOT EXISTS (SELECT 1 FROM ESS_APPLY_OT OT WHERE OT.APPLY_NO = EM.APPLY_NO AND OT.BATCH_YN = 2)
2026-08-31 14:21:49.499 INFO  [c.a.config.SqlOnlyInterceptor] SQL Result  | mapper=com.ait.sy.syAffirm.mapper.SyAffirmEmailMapper.countPendingApprovals | caller=com.ait.sy.syAffirm.service.impl.SyAffirmEmailServiceImpl.getPendingApprovalCounts(SyAffirmEmailServiceImpl.java:111) | rowsReturned=1 | took=1807 ms
2026-08-31 14:21:49.500 INFO  [c.a.config.SqlOnlyInterceptor] SQL Execute | mapper=com.ait.sy.syAffirm.mapper.SyAffirmEmailMapper.countPendingApprovals | caller=com.ait.sy.syAffirm.service.impl.SyAffirmEmailServiceImpl.getPendingApprovalCounts(SyAffirmEmailServiceImpl.java:114) | command=SELECT | params=[adminID='11111111', applyTypeCodeSearch='218197'] | sql=SELECT COUNT(1) FROM SY_AFFIRM_EMAIL EM WHERE ACTIVITY = 0 AND AFFIRM_PERSON_ID = '11111111' AND APPLY_AFFIRM_FLAG NOT IN ('14014310', '14014309', '14014308') AND APPLY_TYPE_CODE = '218197' AND NOT EXISTS (SELECT 1 FROM ESS_LEAVE_APPLY_TB TB WHERE TB.APPLY_NO = EM.APPLY_NO AND TB.BATCH_YN = 2) AND NOT EXISTS (SELECT 1 FROM ESS_APPLY_OT OT WHERE OT.APPLY_NO = EM.APPLY_NO AND OT.BATCH_YN = 2)
2026-08-31 14:21:50.907 INFO  [c.a.config.SqlOnlyInterceptor] SQL Result  | mapper=com.ait.sy.syAffirm.mapper.SyAffirmEmailMapper.countPendingApprovals | caller=com.ait.sy.syAffirm.service.impl.SyAffirmEmailServiceImpl.getPendingApprovalCounts(SyAffirmEmailServiceImpl.java:114) | rowsReturned=1 | took=1407 ms
2026-08-31 14:21:53.722 INFO  [c.a.config.SqlOnlyInterceptor] SQL Execute | mapper=com.ait.sy.syAffirm.mapper.SyAffirmEmailMapper.countPendingApprovals | caller=com.ait.sy.syAffirm.service.impl.SyAffirmEmailServiceImpl.getPendingApprovalCounts(SyAffirmEmailServiceImpl.java:105) | command=SELECT | params=[adminID='11111111'] | sql=SELECT COUNT(1) FROM SY_AFFIRM_EMAIL EM WHERE ACTIVITY = 0 AND AFFIRM_PERSON_ID = '11111111' AND APPLY_AFFIRM_FLAG NOT IN ('14014310', '14014309', '14014308') AND NOT EXISTS (SELECT 1 FROM ESS_LEAVE_APPLY_TB TB WHERE TB.APPLY_NO = EM.APPLY_NO AND TB.BATCH_YN = 2) AND NOT EXISTS (SELECT 1 FROM ESS_APPLY_OT OT WHERE OT.APPLY_NO = EM.APPLY_NO AND OT.BATCH_YN = 2)
2026-08-31 14:21:55.054 INFO  [c.a.config.SqlOnlyInterceptor] SQL Result  | mapper=com.ait.sy.syAffirm.mapper.SyAffirmEmailMapper.countPendingApprovals | caller=com.ait.sy.syAffirm.service.impl.SyAffirmEmailServiceImpl.getPendingApprovalCounts(SyAffirmEmailServiceImpl.java:105) | rowsReturned=1 | took=1333 ms
2026-08-31 14:21:55.057 INFO  [c.a.config.SqlOnlyInterceptor] SQL Execute | mapper=com.ait.sy.syAffirm.mapper.SyAffirmEmailMapper.countPendingApprovals | caller=com.ait.sy.syAffirm.service.impl.SyAffirmEmailServiceImpl.getPendingApprovalCounts(SyAffirmEmailServiceImpl.java:108) | command=SELECT | params=[adminID='11111111', applyTypeCodeSearch='21'] | sql=SELECT COUNT(1) FROM SY_AFFIRM_EMAIL EM WHERE ACTIVITY = 0 AND AFFIRM_PERSON_ID = '11111111' AND APPLY_AFFIRM_FLAG NOT IN ('14014310', '14014309', '14014308') AND APPLY_TYPE_CODE = '21' AND NOT EXISTS (SELECT 1 FROM ESS_LEAVE_APPLY_TB TB WHERE TB.APPLY_NO = EM.APPLY_NO AND TB.BATCH_YN = 2) AND NOT EXISTS (SELECT 1 FROM ESS_APPLY_OT OT WHERE OT.APPLY_NO = EM.APPLY_NO AND OT.BATCH_YN = 2)
2026-08-31 14:21:56.034 INFO  [c.a.config.SqlOnlyInterceptor] SQL Result  | mapper=com.ait.sy.syAffirm.mapper.SyAffirmEmailMapper.countPendingApprovals | caller=com.ait.sy.syAffirm.service.impl.SyAffirmEmailServiceImpl.getPendingApprovalCounts(SyAffirmEmailServiceImpl.java:108) | rowsReturned=1 | took=978 ms
2026-08-31 14:21:56.036 INFO  [c.a.config.SqlOnlyInterceptor] SQL Execute | mapper=com.ait.sy.syAffirm.mapper.SyAffirmEmailMapper.countPendingApprovals | caller=com.ait.sy.syAffirm.service.impl.SyAffirmEmailServiceImpl.getPendingApprovalCounts(SyAffirmEmailServiceImpl.java:111) | command=SELECT | params=[adminID='11111111', applyTypeCodeSearch='31'] | sql=SELECT COUNT(1) FROM SY_AFFIRM_EMAIL EM WHERE ACTIVITY = 0 AND AFFIRM_PERSON_ID = '11111111' AND APPLY_AFFIRM_FLAG NOT IN ('14014310', '14014309', '14014308') AND APPLY_TYPE_CODE = '31' AND NOT EXISTS (SELECT 1 FROM ESS_LEAVE_APPLY_TB TB WHERE TB.APPLY_NO = EM.APPLY_NO AND TB.BATCH_YN = 2) AND NOT EXISTS (SELECT 1 FROM ESS_APPLY_OT OT WHERE OT.APPLY_NO = EM.APPLY_NO AND OT.BATCH_YN = 2)
2026-08-31 14:21:57.424 INFO  [c.a.config.SqlOnlyInterceptor] SQL Result  | mapper=com.ait.sy.syAffirm.mapper.SyAffirmEmailMapper.countPendingApprovals | caller=com.ait.sy.syAffirm.service.impl.SyAffirmEmailServiceImpl.getPendingApprovalCounts(SyAffirmEmailServiceImpl.java:111) | rowsReturned=1 | took=1388 ms
2026-08-31 14:21:57.427 INFO  [c.a.config.SqlOnlyInterceptor] SQL Execute | mapper=com.ait.sy.syAffirm.mapper.SyAffirmEmailMapper.countPendingApprovals | caller=com.ait.sy.syAffirm.service.impl.SyAffirmEmailServiceImpl.getPendingApprovalCounts(SyAffirmEmailServiceImpl.java:114) | command=SELECT | params=[adminID='11111111', applyTypeCodeSearch='218197'] | sql=SELECT COUNT(1) FROM SY_AFFIRM_EMAIL EM WHERE ACTIVITY = 0 AND AFFIRM_PERSON_ID = '11111111' AND APPLY_AFFIRM_FLAG NOT IN ('14014310', '14014309', '14014308') AND APPLY_TYPE_CODE = '218197' AND NOT EXISTS (SELECT 1 FROM ESS_LEAVE_APPLY_TB TB WHERE TB.APPLY_NO = EM.APPLY_NO AND TB.BATCH_YN = 2) AND NOT EXISTS (SELECT 1 FROM ESS_APPLY_OT OT WHERE OT.APPLY_NO = EM.APPLY_NO AND OT.BATCH_YN = 2)
2026-08-31 14:21:58.952 INFO  [c.a.config.SqlOnlyInterceptor] SQL Result  | mapper=com.ait.sy.syAffirm.mapper.SyAffirmEmailMapper.countPendingApprovals | caller=com.ait.sy.syAffirm.service.impl.SyAffirmEmailServiceImpl.getPendingApprovalCounts(SyAffirmEmailServiceImpl.java:114) | rowsReturned=1 | took=1524 ms
2026-08-31 14:24:44.713 INFO  [c.a.config.SqlOnlyInterceptor] SQL Execute | mapper=com.ait.sy.syAffirm.mapper.SyAffirmEmailMapper.countPendingApprovals | caller=com.ait.sy.syAffirm.service.impl.SyAffirmEmailServiceImpl.getPendingApprovalCounts(SyAffirmEmailServiceImpl.java:105) | command=SELECT | params=[adminID='11111111'] | sql=SELECT COUNT(1) FROM SY_AFFIRM_EMAIL EM WHERE ACTIVITY = 0 AND AFFIRM_PERSON_ID = '11111111' AND APPLY_AFFIRM_FLAG NOT IN ('14014310', '14014309', '14014308') AND NOT EXISTS (SELECT 1 FROM ESS_LEAVE_APPLY_TB TB WHERE TB.APPLY_NO = EM.APPLY_NO AND TB.BATCH_YN = 2) AND NOT EXISTS (SELECT 1 FROM ESS_APPLY_OT OT WHERE OT.APPLY_NO = EM.APPLY_NO AND OT.BATCH_YN = 2)
2026-08-31 14:24:46.609 INFO  [c.a.config.SqlOnlyInterceptor] SQL Result  | mapper=com.ait.sy.syAffirm.mapper.SyAffirmEmailMapper.countPendingApprovals | caller=com.ait.sy.syAffirm.service.impl.SyAffirmEmailServiceImpl.getPendingApprovalCounts(SyAffirmEmailServiceImpl.java:105) | rowsReturned=1 | took=1896 ms
2026-08-31 14:24:46.610 INFO  [c.a.config.SqlOnlyInterceptor] SQL Execute | mapper=com.ait.sy.syAffirm.mapper.SyAffirmEmailMapper.countPendingApprovals | caller=com.ait.sy.syAffirm.service.impl.SyAffirmEmailServiceImpl.getPendingApprovalCounts(SyAffirmEmailServiceImpl.java:108) | command=SELECT | params=[adminID='11111111', applyTypeCodeSearch='21'] | sql=SELECT COUNT(1) FROM SY_AFFIRM_EMAIL EM WHERE ACTIVITY = 0 AND AFFIRM_PERSON_ID = '11111111' AND APPLY_AFFIRM_FLAG NOT IN ('14014310', '14014309', '14014308') AND APPLY_TYPE_CODE = '21' AND NOT EXISTS (SELECT 1 FROM ESS_LEAVE_APPLY_TB TB WHERE TB.APPLY_NO = EM.APPLY_NO AND TB.BATCH_YN = 2) AND NOT EXISTS (SELECT 1 FROM ESS_APPLY_OT OT WHERE OT.APPLY_NO = EM.APPLY_NO AND OT.BATCH_YN = 2)
2026-08-31 14:24:48.175 INFO  [c.a.config.SqlOnlyInterceptor] SQL Result  | mapper=com.ait.sy.syAffirm.mapper.SyAffirmEmailMapper.countPendingApprovals | caller=com.ait.sy.syAffirm.service.impl.SyAffirmEmailServiceImpl.getPendingApprovalCounts(SyAffirmEmailServiceImpl.java:108) | rowsReturned=1 | took=1565 ms
2026-08-31 14:24:48.177 INFO  [c.a.config.SqlOnlyInterceptor] SQL Execute | mapper=com.ait.sy.syAffirm.mapper.SyAffirmEmailMapper.countPendingApprovals | caller=com.ait.sy.syAffirm.service.impl.SyAffirmEmailServiceImpl.getPendingApprovalCounts(SyAffirmEmailServiceImpl.java:111) | command=SELECT | params=[adminID='11111111', applyTypeCodeSearch='31'] | sql=SELECT COUNT(1) FROM SY_AFFIRM_EMAIL EM WHERE ACTIVITY = 0 AND AFFIRM_PERSON_ID = '11111111' AND APPLY_AFFIRM_FLAG NOT IN ('14014310', '14014309', '14014308') AND APPLY_TYPE_CODE = '31' AND NOT EXISTS (SELECT 1 FROM ESS_LEAVE_APPLY_TB TB WHERE TB.APPLY_NO = EM.APPLY_NO AND TB.BATCH_YN = 2) AND NOT EXISTS (SELECT 1 FROM ESS_APPLY_OT OT WHERE OT.APPLY_NO = EM.APPLY_NO AND OT.BATCH_YN = 2)
2026-08-31 14:24:49.706 INFO  [c.a.config.SqlOnlyInterceptor] SQL Result  | mapper=com.ait.sy.syAffirm.mapper.SyAffirmEmailMapper.countPendingApprovals | caller=com.ait.sy.syAffirm.service.impl.SyAffirmEmailServiceImpl.getPendingApprovalCounts(SyAffirmEmailServiceImpl.java:111) | rowsReturned=1 | took=1530 ms
2026-08-31 14:24:49.708 INFO  [c.a.config.SqlOnlyInterceptor] SQL Execute | mapper=com.ait.sy.syAffirm.mapper.SyAffirmEmailMapper.countPendingApprovals | caller=com.ait.sy.syAffirm.service.impl.SyAffirmEmailServiceImpl.getPendingApprovalCounts(SyAffirmEmailServiceImpl.java:114) | command=SELECT | params=[adminID='11111111', applyTypeCodeSearch='218197'] | sql=SELECT COUNT(1) FROM SY_AFFIRM_EMAIL EM WHERE ACTIVITY = 0 AND AFFIRM_PERSON_ID = '11111111' AND APPLY_AFFIRM_FLAG NOT IN ('14014310', '14014309', '14014308') AND APPLY_TYPE_CODE = '218197' AND NOT EXISTS (SELECT 1 FROM ESS_LEAVE_APPLY_TB TB WHERE TB.APPLY_NO = EM.APPLY_NO AND TB.BATCH_YN = 2) AND NOT EXISTS (SELECT 1 FROM ESS_APPLY_OT OT WHERE OT.APPLY_NO = EM.APPLY_NO AND OT.BATCH_YN = 2)
2026-08-31 14:24:51.310 INFO  [c.a.config.SqlOnlyInterceptor] SQL Result  | mapper=com.ait.sy.syAffirm.mapper.SyAffirmEmailMapper.countPendingApprovals | caller=com.ait.sy.syAffirm.service.impl.SyAffirmEmailServiceImpl.getPendingApprovalCounts(SyAffirmEmailServiceImpl.java:114) | rowsReturned=1 | took=1602 ms
2026-08-31 14:24:53.718 INFO  [c.a.config.SqlOnlyInterceptor] SQL Execute | mapper=com.ait.sy.syAffirm.mapper.SyAffirmEmailMapper.countPendingApprovals | caller=com.ait.sy.syAffirm.service.impl.SyAffirmEmailServiceImpl.getPendingApprovalCounts(SyAffirmEmailServiceImpl.java:105) | command=SELECT | params=[adminID='11111111'] | sql=SELECT COUNT(1) FROM SY_AFFIRM_EMAIL EM WHERE ACTIVITY = 0 AND AFFIRM_PERSON_ID = '11111111' AND APPLY_AFFIRM_FLAG NOT IN ('14014310', '14014309', '14014308') AND NOT EXISTS (SELECT 1 FROM ESS_LEAVE_APPLY_TB TB WHERE TB.APPLY_NO = EM.APPLY_NO AND TB.BATCH_YN = 2) AND NOT EXISTS (SELECT 1 FROM ESS_APPLY_OT OT WHERE OT.APPLY_NO = EM.APPLY_NO AND OT.BATCH_YN = 2)
2026-08-31 14:24:55.012 INFO  [c.a.config.SqlOnlyInterceptor] SQL Result  | mapper=com.ait.sy.syAffirm.mapper.SyAffirmEmailMapper.countPendingApprovals | caller=com.ait.sy.syAffirm.service.impl.SyAffirmEmailServiceImpl.getPendingApprovalCounts(SyAffirmEmailServiceImpl.java:105) | rowsReturned=1 | took=1294 ms
2026-08-31 14:24:55.014 INFO  [c.a.config.SqlOnlyInterceptor] SQL Execute | mapper=com.ait.sy.syAffirm.mapper.SyAffirmEmailMapper.countPendingApprovals | caller=com.ait.sy.syAffirm.service.impl.SyAffirmEmailServiceImpl.getPendingApprovalCounts(SyAffirmEmailServiceImpl.java:108) | command=SELECT | params=[adminID='11111111', applyTypeCodeSearch='21'] | sql=SELECT COUNT(1) FROM SY_AFFIRM_EMAIL EM WHERE ACTIVITY = 0 AND AFFIRM_PERSON_ID = '11111111' AND APPLY_AFFIRM_FLAG NOT IN ('14014310', '14014309', '14014308') AND APPLY_TYPE_CODE = '21' AND NOT EXISTS (SELECT 1 FROM ESS_LEAVE_APPLY_TB TB WHERE TB.APPLY_NO = EM.APPLY_NO AND TB.BATCH_YN = 2) AND NOT EXISTS (SELECT 1 FROM ESS_APPLY_OT OT WHERE OT.APPLY_NO = EM.APPLY_NO AND OT.BATCH_YN = 2)
2026-08-31 14:24:56.109 INFO  [c.a.config.SqlOnlyInterceptor] SQL Result  | mapper=com.ait.sy.syAffirm.mapper.SyAffirmEmailMapper.countPendingApprovals | caller=com.ait.sy.syAffirm.service.impl.SyAffirmEmailServiceImpl.getPendingApprovalCounts(SyAffirmEmailServiceImpl.java:108) | rowsReturned=1 | took=1095 ms
2026-08-31 14:24:56.112 INFO  [c.a.config.SqlOnlyInterceptor] SQL Execute | mapper=com.ait.sy.syAffirm.mapper.SyAffirmEmailMapper.countPendingApprovals | caller=com.ait.sy.syAffirm.service.impl.SyAffirmEmailServiceImpl.getPendingApprovalCounts(SyAffirmEmailServiceImpl.java:111) | command=SELECT | params=[adminID='11111111', applyTypeCodeSearch='31'] | sql=SELECT COUNT(1) FROM SY_AFFIRM_EMAIL EM WHERE ACTIVITY = 0 AND AFFIRM_PERSON_ID = '11111111' AND APPLY_AFFIRM_FLAG NOT IN ('14014310', '14014309', '14014308') AND APPLY_TYPE_CODE = '31' AND NOT EXISTS (SELECT 1 FROM ESS_LEAVE_APPLY_TB TB WHERE TB.APPLY_NO = EM.APPLY_NO AND TB.BATCH_YN = 2) AND NOT EXISTS (SELECT 1 FROM ESS_APPLY_OT OT WHERE OT.APPLY_NO = EM.APPLY_NO AND OT.BATCH_YN = 2)
2026-08-31 14:24:57.644 INFO  [c.a.config.SqlOnlyInterceptor] SQL Result  | mapper=com.ait.sy.syAffirm.mapper.SyAffirmEmailMapper.countPendingApprovals | caller=com.ait.sy.syAffirm.service.impl.SyAffirmEmailServiceImpl.getPendingApprovalCounts(SyAffirmEmailServiceImpl.java:111) | rowsReturned=1 | took=1532 ms
2026-08-31 14:24:57.646 INFO  [c.a.config.SqlOnlyInterceptor] SQL Execute | mapper=com.ait.sy.syAffirm.mapper.SyAffirmEmailMapper.countPendingApprovals | caller=com.ait.sy.syAffirm.service.impl.SyAffirmEmailServiceImpl.getPendingApprovalCounts(SyAffirmEmailServiceImpl.java:114) | command=SELECT | params=[adminID='11111111', applyTypeCodeSearch='218197'] | sql=SELECT COUNT(1) FROM SY_AFFIRM_EMAIL EM WHERE ACTIVITY = 0 AND AFFIRM_PERSON_ID = '11111111' AND APPLY_AFFIRM_FLAG NOT IN ('14014310', '14014309', '14014308') AND APPLY_TYPE_CODE = '218197' AND NOT EXISTS (SELECT 1 FROM ESS_LEAVE_APPLY_TB TB WHERE TB.APPLY_NO = EM.APPLY_NO AND TB.BATCH_YN = 2) AND NOT EXISTS (SELECT 1 FROM ESS_APPLY_OT OT WHERE OT.APPLY_NO = EM.APPLY_NO AND OT.BATCH_YN = 2)
2026-08-31 14:24:59.655 INFO  [c.a.config.SqlOnlyInterceptor] SQL Result  | mapper=com.ait.sy.syAffirm.mapper.SyAffirmEmailMapper.countPendingApprovals | caller=com.ait.sy.syAffirm.service.impl.SyAffirmEmailServiceImpl.getPendingApprovalCounts(SyAffirmEmailServiceImpl.java:114) | rowsReturned=1 | took=2009 ms
2026-08-31 14:27:44.713 INFO  [c.a.config.SqlOnlyInterceptor] SQL Execute | mapper=com.ait.sy.syAffirm.mapper.SyAffirmEmailMapper.countPendingApprovals | caller=com.ait.sy.syAffirm.service.impl.SyAffirmEmailServiceImpl.getPendingApprovalCounts(SyAffirmEmailServiceImpl.java:105) | command=SELECT | params=[adminID='11111111'] | sql=SELECT COUNT(1) FROM SY_AFFIRM_EMAIL EM WHERE ACTIVITY = 0 AND AFFIRM_PERSON_ID = '11111111' AND APPLY_AFFIRM_FLAG NOT IN ('14014310', '14014309', '14014308') AND NOT EXISTS (SELECT 1 FROM ESS_LEAVE_APPLY_TB TB WHERE TB.APPLY_NO = EM.APPLY_NO AND TB.BATCH_YN = 2) AND NOT EXISTS (SELECT 1 FROM ESS_APPLY_OT OT WHERE OT.APPLY_NO = EM.APPLY_NO AND OT.BATCH_YN = 2)
2026-08-31 14:27:47.053 INFO  [c.a.config.SqlOnlyInterceptor] SQL Result  | mapper=com.ait.sy.syAffirm.mapper.SyAffirmEmailMapper.countPendingApprovals | caller=com.ait.sy.syAffirm.service.impl.SyAffirmEmailServiceImpl.getPendingApprovalCounts(SyAffirmEmailServiceImpl.java:105) | rowsReturned=1 | took=2341 ms
2026-08-31 14:27:47.055 INFO  [c.a.config.SqlOnlyInterceptor] SQL Execute | mapper=com.ait.sy.syAffirm.mapper.SyAffirmEmailMapper.countPendingApprovals | caller=com.ait.sy.syAffirm.service.impl.SyAffirmEmailServiceImpl.getPendingApprovalCounts(SyAffirmEmailServiceImpl.java:108) | command=SELECT | params=[adminID='11111111', applyTypeCodeSearch='21'] | sql=SELECT COUNT(1) FROM SY_AFFIRM_EMAIL EM WHERE ACTIVITY = 0 AND AFFIRM_PERSON_ID = '11111111' AND APPLY_AFFIRM_FLAG NOT IN ('14014310', '14014309', '14014308') AND APPLY_TYPE_CODE = '21' AND NOT EXISTS (SELECT 1 FROM ESS_LEAVE_APPLY_TB TB WHERE TB.APPLY_NO = EM.APPLY_NO AND TB.BATCH_YN = 2) AND NOT EXISTS (SELECT 1 FROM ESS_APPLY_OT OT WHERE OT.APPLY_NO = EM.APPLY_NO AND OT.BATCH_YN = 2)
2026-08-31 14:27:48.805 INFO  [c.a.config.SqlOnlyInterceptor] SQL Result  | mapper=com.ait.sy.syAffirm.mapper.SyAffirmEmailMapper.countPendingApprovals | caller=com.ait.sy.syAffirm.service.impl.SyAffirmEmailServiceImpl.getPendingApprovalCounts(SyAffirmEmailServiceImpl.java:108) | rowsReturned=1 | took=1750 ms
2026-08-31 14:27:48.807 INFO  [c.a.config.SqlOnlyInterceptor] SQL Execute | mapper=com.ait.sy.syAffirm.mapper.SyAffirmEmailMapper.countPendingApprovals | caller=com.ait.sy.syAffirm.service.impl.SyAffirmEmailServiceImpl.getPendingApprovalCounts(SyAffirmEmailServiceImpl.java:111) | command=SELECT | params=[adminID='11111111', applyTypeCodeSearch='31'] | sql=SELECT COUNT(1) FROM SY_AFFIRM_EMAIL EM WHERE ACTIVITY = 0 AND AFFIRM_PERSON_ID = '11111111' AND APPLY_AFFIRM_FLAG NOT IN ('14014310', '14014309', '14014308') AND APPLY_TYPE_CODE = '31' AND NOT EXISTS (SELECT 1 FROM ESS_LEAVE_APPLY_TB TB WHERE TB.APPLY_NO = EM.APPLY_NO AND TB.BATCH_YN = 2) AND NOT EXISTS (SELECT 1 FROM ESS_APPLY_OT OT WHERE OT.APPLY_NO = EM.APPLY_NO AND OT.BATCH_YN = 2)
2026-08-31 14:27:50.653 INFO  [c.a.config.SqlOnlyInterceptor] SQL Result  | mapper=com.ait.sy.syAffirm.mapper.SyAffirmEmailMapper.countPendingApprovals | caller=com.ait.sy.syAffirm.service.impl.SyAffirmEmailServiceImpl.getPendingApprovalCounts(SyAffirmEmailServiceImpl.java:111) | rowsReturned=1 | took=1846 ms
2026-08-31 14:27:50.654 INFO  [c.a.config.SqlOnlyInterceptor] SQL Execute | mapper=com.ait.sy.syAffirm.mapper.SyAffirmEmailMapper.countPendingApprovals | caller=com.ait.sy.syAffirm.service.impl.SyAffirmEmailServiceImpl.getPendingApprovalCounts(SyAffirmEmailServiceImpl.java:114) | command=SELECT | params=[adminID='11111111', applyTypeCodeSearch='218197'] | sql=SELECT COUNT(1) FROM SY_AFFIRM_EMAIL EM WHERE ACTIVITY = 0 AND AFFIRM_PERSON_ID = '11111111' AND APPLY_AFFIRM_FLAG NOT IN ('14014310', '14014309', '14014308') AND APPLY_TYPE_CODE = '218197' AND NOT EXISTS (SELECT 1 FROM ESS_LEAVE_APPLY_TB TB WHERE TB.APPLY_NO = EM.APPLY_NO AND TB.BATCH_YN = 2) AND NOT EXISTS (SELECT 1 FROM ESS_APPLY_OT OT WHERE OT.APPLY_NO = EM.APPLY_NO AND OT.BATCH_YN = 2)
2026-08-31 14:27:52.576 INFO  [c.a.config.SqlOnlyInterceptor] SQL Result  | mapper=com.ait.sy.syAffirm.mapper.SyAffirmEmailMapper.countPendingApprovals | caller=com.ait.sy.syAffirm.service.impl.SyAffirmEmailServiceImpl.getPendingApprovalCounts(SyAffirmEmailServiceImpl.java:114) | rowsReturned=1 | took=1922 ms
2026-08-31 14:27:53.721 INFO  [c.a.config.SqlOnlyInterceptor] SQL Execute | mapper=com.ait.sy.syAffirm.mapper.SyAffirmEmailMapper.countPendingApprovals | caller=com.ait.sy.syAffirm.service.impl.SyAffirmEmailServiceImpl.getPendingApprovalCounts(SyAffirmEmailServiceImpl.java:105) | command=SELECT | params=[adminID='11111111'] | sql=SELECT COUNT(1) FROM SY_AFFIRM_EMAIL EM WHERE ACTIVITY = 0 AND AFFIRM_PERSON_ID = '11111111' AND APPLY_AFFIRM_FLAG NOT IN ('14014310', '14014309', '14014308') AND NOT EXISTS (SELECT 1 FROM ESS_LEAVE_APPLY_TB TB WHERE TB.APPLY_NO = EM.APPLY_NO AND TB.BATCH_YN = 2) AND NOT EXISTS (SELECT 1 FROM ESS_APPLY_OT OT WHERE OT.APPLY_NO = EM.APPLY_NO AND OT.BATCH_YN = 2)
2026-08-31 14:27:55.762 INFO  [c.a.config.SqlOnlyInterceptor] SQL Result  | mapper=com.ait.sy.syAffirm.mapper.SyAffirmEmailMapper.countPendingApprovals | caller=com.ait.sy.syAffirm.service.impl.SyAffirmEmailServiceImpl.getPendingApprovalCounts(SyAffirmEmailServiceImpl.java:105) | rowsReturned=1 | took=2041 ms
2026-08-31 14:27:55.764 INFO  [c.a.config.SqlOnlyInterceptor] SQL Execute | mapper=com.ait.sy.syAffirm.mapper.SyAffirmEmailMapper.countPendingApprovals | caller=com.ait.sy.syAffirm.service.impl.SyAffirmEmailServiceImpl.getPendingApprovalCounts(SyAffirmEmailServiceImpl.java:108) | command=SELECT | params=[adminID='11111111', applyTypeCodeSearch='21'] | sql=SELECT COUNT(1) FROM SY_AFFIRM_EMAIL EM WHERE ACTIVITY = 0 AND AFFIRM_PERSON_ID = '11111111' AND APPLY_AFFIRM_FLAG NOT IN ('14014310', '14014309', '14014308') AND APPLY_TYPE_CODE = '21' AND NOT EXISTS (SELECT 1 FROM ESS_LEAVE_APPLY_TB TB WHERE TB.APPLY_NO = EM.APPLY_NO AND TB.BATCH_YN = 2) AND NOT EXISTS (SELECT 1 FROM ESS_APPLY_OT OT WHERE OT.APPLY_NO = EM.APPLY_NO AND OT.BATCH_YN = 2)
2026-08-31 14:27:57.026 INFO  [c.a.config.SqlOnlyInterceptor] SQL Result  | mapper=com.ait.sy.syAffirm.mapper.SyAffirmEmailMapper.countPendingApprovals | caller=com.ait.sy.syAffirm.service.impl.SyAffirmEmailServiceImpl.getPendingApprovalCounts(SyAffirmEmailServiceImpl.java:108) | rowsReturned=1 | took=1262 ms
2026-08-31 14:27:57.029 INFO  [c.a.config.SqlOnlyInterceptor] SQL Execute | mapper=com.ait.sy.syAffirm.mapper.SyAffirmEmailMapper.countPendingApprovals | caller=com.ait.sy.syAffirm.service.impl.SyAffirmEmailServiceImpl.getPendingApprovalCounts(SyAffirmEmailServiceImpl.java:111) | command=SELECT | params=[adminID='11111111', applyTypeCodeSearch='31'] | sql=SELECT COUNT(1) FROM SY_AFFIRM_EMAIL EM WHERE ACTIVITY = 0 AND AFFIRM_PERSON_ID = '11111111' AND APPLY_AFFIRM_FLAG NOT IN ('14014310', '14014309', '14014308') AND APPLY_TYPE_CODE = '31' AND NOT EXISTS (SELECT 1 FROM ESS_LEAVE_APPLY_TB TB WHERE TB.APPLY_NO = EM.APPLY_NO AND TB.BATCH_YN = 2) AND NOT EXISTS (SELECT 1 FROM ESS_APPLY_OT OT WHERE OT.APPLY_NO = EM.APPLY_NO AND OT.BATCH_YN = 2)
2026-08-31 14:27:58.895 INFO  [c.a.config.SqlOnlyInterceptor] SQL Result  | mapper=com.ait.sy.syAffirm.mapper.SyAffirmEmailMapper.countPendingApprovals | caller=com.ait.sy.syAffirm.service.impl.SyAffirmEmailServiceImpl.getPendingApprovalCounts(SyAffirmEmailServiceImpl.java:111) | rowsReturned=1 | took=1867 ms
2026-08-31 14:27:58.898 INFO  [c.a.config.SqlOnlyInterceptor] SQL Execute | mapper=com.ait.sy.syAffirm.mapper.SyAffirmEmailMapper.countPendingApprovals | caller=com.ait.sy.syAffirm.service.impl.SyAffirmEmailServiceImpl.getPendingApprovalCounts(SyAffirmEmailServiceImpl.java:114) | command=SELECT | params=[adminID='11111111', applyTypeCodeSearch='218197'] | sql=SELECT COUNT(1) FROM SY_AFFIRM_EMAIL EM WHERE ACTIVITY = 0 AND AFFIRM_PERSON_ID = '11111111' AND APPLY_AFFIRM_FLAG NOT IN ('14014310', '14014309', '14014308') AND APPLY_TYPE_CODE = '218197' AND NOT EXISTS (SELECT 1 FROM ESS_LEAVE_APPLY_TB TB WHERE TB.APPLY_NO = EM.APPLY_NO AND TB.BATCH_YN = 2) AND NOT EXISTS (SELECT 1 FROM ESS_APPLY_OT OT WHERE OT.APPLY_NO = EM.APPLY_NO AND OT.BATCH_YN = 2)
2026-08-31 14:28:01.182 INFO  [c.a.config.SqlOnlyInterceptor] SQL Result  | mapper=com.ait.sy.syAffirm.mapper.SyAffirmEmailMapper.countPendingApprovals | caller=com.ait.sy.syAffirm.service.impl.SyAffirmEmailServiceImpl.getPendingApprovalCounts(SyAffirmEmailServiceImpl.java:114) | rowsReturned=1 | took=2285 ms
2026-08-31 14:30:44.722 INFO  [c.a.config.SqlOnlyInterceptor] SQL Execute | mapper=com.ait.sy.syAffirm.mapper.SyAffirmEmailMapper.countPendingApprovals | caller=com.ait.sy.syAffirm.service.impl.SyAffirmEmailServiceImpl.getPendingApprovalCounts(SyAffirmEmailServiceImpl.java:105) | command=SELECT | params=[adminID='11111111'] | sql=SELECT COUNT(1) FROM SY_AFFIRM_EMAIL EM WHERE ACTIVITY = 0 AND AFFIRM_PERSON_ID = '11111111' AND APPLY_AFFIRM_FLAG NOT IN ('14014310', '14014309', '14014308') AND NOT EXISTS (SELECT 1 FROM ESS_LEAVE_APPLY_TB TB WHERE TB.APPLY_NO = EM.APPLY_NO AND TB.BATCH_YN = 2) AND NOT EXISTS (SELECT 1 FROM ESS_APPLY_OT OT WHERE OT.APPLY_NO = EM.APPLY_NO AND OT.BATCH_YN = 2)
2026-08-31 14:30:45.577 INFO  [c.a.config.SqlOnlyInterceptor] SQL Result  | mapper=com.ait.sy.syAffirm.mapper.SyAffirmEmailMapper.countPendingApprovals | caller=com.ait.sy.syAffirm.service.impl.SyAffirmEmailServiceImpl.getPendingApprovalCounts(SyAffirmEmailServiceImpl.java:105) | rowsReturned=1 | took=856 ms
2026-08-31 14:30:45.578 INFO  [c.a.config.SqlOnlyInterceptor] SQL Execute | mapper=com.ait.sy.syAffirm.mapper.SyAffirmEmailMapper.countPendingApprovals | caller=com.ait.sy.syAffirm.service.impl.SyAffirmEmailServiceImpl.getPendingApprovalCounts(SyAffirmEmailServiceImpl.java:108) | command=SELECT | params=[adminID='11111111', applyTypeCodeSearch='21'] | sql=SELECT COUNT(1) FROM SY_AFFIRM_EMAIL EM WHERE ACTIVITY = 0 AND AFFIRM_PERSON_ID = '11111111' AND APPLY_AFFIRM_FLAG NOT IN ('14014310', '14014309', '14014308') AND APPLY_TYPE_CODE = '21' AND NOT EXISTS (SELECT 1 FROM ESS_LEAVE_APPLY_TB TB WHERE TB.APPLY_NO = EM.APPLY_NO AND TB.BATCH_YN = 2) AND NOT EXISTS (SELECT 1 FROM ESS_APPLY_OT OT WHERE OT.APPLY_NO = EM.APPLY_NO AND OT.BATCH_YN = 2)
2026-08-31 14:30:46.410 INFO  [c.a.config.SqlOnlyInterceptor] SQL Result  | mapper=com.ait.sy.syAffirm.mapper.SyAffirmEmailMapper.countPendingApprovals | caller=com.ait.sy.syAffirm.service.impl.SyAffirmEmailServiceImpl.getPendingApprovalCounts(SyAffirmEmailServiceImpl.java:108) | rowsReturned=1 | took=832 ms
2026-08-31 14:30:46.413 INFO  [c.a.config.SqlOnlyInterceptor] SQL Execute | mapper=com.ait.sy.syAffirm.mapper.SyAffirmEmailMapper.countPendingApprovals | caller=com.ait.sy.syAffirm.service.impl.SyAffirmEmailServiceImpl.getPendingApprovalCounts(SyAffirmEmailServiceImpl.java:111) | command=SELECT | params=[adminID='11111111', applyTypeCodeSearch='31'] | sql=SELECT COUNT(1) FROM SY_AFFIRM_EMAIL EM WHERE ACTIVITY = 0 AND AFFIRM_PERSON_ID = '11111111' AND APPLY_AFFIRM_FLAG NOT IN ('14014310', '14014309', '14014308') AND APPLY_TYPE_CODE = '31' AND NOT EXISTS (SELECT 1 FROM ESS_LEAVE_APPLY_TB TB WHERE TB.APPLY_NO = EM.APPLY_NO AND TB.BATCH_YN = 2) AND NOT EXISTS (SELECT 1 FROM ESS_APPLY_OT OT WHERE OT.APPLY_NO = EM.APPLY_NO AND OT.BATCH_YN = 2)
2026-08-31 14:30:47.331 INFO  [c.a.config.SqlOnlyInterceptor] SQL Result  | mapper=com.ait.sy.syAffirm.mapper.SyAffirmEmailMapper.countPendingApprovals | caller=com.ait.sy.syAffirm.service.impl.SyAffirmEmailServiceImpl.getPendingApprovalCounts(SyAffirmEmailServiceImpl.java:111) | rowsReturned=1 | took=918 ms
2026-08-31 14:30:47.333 INFO  [c.a.config.SqlOnlyInterceptor] SQL Execute | mapper=com.ait.sy.syAffirm.mapper.SyAffirmEmailMapper.countPendingApprovals | caller=com.ait.sy.syAffirm.service.impl.SyAffirmEmailServiceImpl.getPendingApprovalCounts(SyAffirmEmailServiceImpl.java:114) | command=SELECT | params=[adminID='11111111', applyTypeCodeSearch='218197'] | sql=SELECT COUNT(1) FROM SY_AFFIRM_EMAIL EM WHERE ACTIVITY = 0 AND AFFIRM_PERSON_ID = '11111111' AND APPLY_AFFIRM_FLAG NOT IN ('14014310', '14014309', '14014308') AND APPLY_TYPE_CODE = '218197' AND NOT EXISTS (SELECT 1 FROM ESS_LEAVE_APPLY_TB TB WHERE TB.APPLY_NO = EM.APPLY_NO AND TB.BATCH_YN = 2) AND NOT EXISTS (SELECT 1 FROM ESS_APPLY_OT OT WHERE OT.APPLY_NO = EM.APPLY_NO AND OT.BATCH_YN = 2)
2026-08-31 14:30:48.168 INFO  [c.a.config.SqlOnlyInterceptor] SQL Result  | mapper=com.ait.sy.syAffirm.mapper.SyAffirmEmailMapper.countPendingApprovals | caller=com.ait.sy.syAffirm.service.impl.SyAffirmEmailServiceImpl.getPendingApprovalCounts(SyAffirmEmailServiceImpl.java:114) | rowsReturned=1 | took=835 ms
2026-08-31 14:30:53.708 INFO  [c.a.config.SqlOnlyInterceptor] SQL Execute | mapper=com.ait.sy.syAffirm.mapper.SyAffirmEmailMapper.countPendingApprovals | caller=com.ait.sy.syAffirm.service.impl.SyAffirmEmailServiceImpl.getPendingApprovalCounts(SyAffirmEmailServiceImpl.java:105) | command=SELECT | params=[adminID='11111111'] | sql=SELECT COUNT(1) FROM SY_AFFIRM_EMAIL EM WHERE ACTIVITY = 0 AND AFFIRM_PERSON_ID = '11111111' AND APPLY_AFFIRM_FLAG NOT IN ('14014310', '14014309', '14014308') AND NOT EXISTS (SELECT 1 FROM ESS_LEAVE_APPLY_TB TB WHERE TB.APPLY_NO = EM.APPLY_NO AND TB.BATCH_YN = 2) AND NOT EXISTS (SELECT 1 FROM ESS_APPLY_OT OT WHERE OT.APPLY_NO = EM.APPLY_NO AND OT.BATCH_YN = 2)
2026-08-31 14:30:55.757 INFO  [c.a.config.SqlOnlyInterceptor] SQL Result  | mapper=com.ait.sy.syAffirm.mapper.SyAffirmEmailMapper.countPendingApprovals | caller=com.ait.sy.syAffirm.service.impl.SyAffirmEmailServiceImpl.getPendingApprovalCounts(SyAffirmEmailServiceImpl.java:105) | rowsReturned=1 | took=2049 ms
2026-08-31 14:30:55.761 INFO  [c.a.config.SqlOnlyInterceptor] SQL Execute | mapper=com.ait.sy.syAffirm.mapper.SyAffirmEmailMapper.countPendingApprovals | caller=com.ait.sy.syAffirm.service.impl.SyAffirmEmailServiceImpl.getPendingApprovalCounts(SyAffirmEmailServiceImpl.java:108) | command=SELECT | params=[adminID='11111111', applyTypeCodeSearch='21'] | sql=SELECT COUNT(1) FROM SY_AFFIRM_EMAIL EM WHERE ACTIVITY = 0 AND AFFIRM_PERSON_ID = '11111111' AND APPLY_AFFIRM_FLAG NOT IN ('14014310', '14014309', '14014308') AND APPLY_TYPE_CODE = '21' AND NOT EXISTS (SELECT 1 FROM ESS_LEAVE_APPLY_TB TB WHERE TB.APPLY_NO = EM.APPLY_NO AND TB.BATCH_YN = 2) AND NOT EXISTS (SELECT 1 FROM ESS_APPLY_OT OT WHERE OT.APPLY_NO = EM.APPLY_NO AND OT.BATCH_YN = 2)
2026-08-31 14:30:57.578 INFO  [c.a.config.SqlOnlyInterceptor] SQL Result  | mapper=com.ait.sy.syAffirm.mapper.SyAffirmEmailMapper.countPendingApprovals | caller=com.ait.sy.syAffirm.service.impl.SyAffirmEmailServiceImpl.getPendingApprovalCounts(SyAffirmEmailServiceImpl.java:108) | rowsReturned=1 | took=1817 ms
2026-08-31 14:30:57.579 INFO  [c.a.config.SqlOnlyInterceptor] SQL Execute | mapper=com.ait.sy.syAffirm.mapper.SyAffirmEmailMapper.countPendingApprovals | caller=com.ait.sy.syAffirm.service.impl.SyAffirmEmailServiceImpl.getPendingApprovalCounts(SyAffirmEmailServiceImpl.java:111) | command=SELECT | params=[adminID='11111111', applyTypeCodeSearch='31'] | sql=SELECT COUNT(1) FROM SY_AFFIRM_EMAIL EM WHERE ACTIVITY = 0 AND AFFIRM_PERSON_ID = '11111111' AND APPLY_AFFIRM_FLAG NOT IN ('14014310', '14014309', '14014308') AND APPLY_TYPE_CODE = '31' AND NOT EXISTS (SELECT 1 FROM ESS_LEAVE_APPLY_TB TB WHERE TB.APPLY_NO = EM.APPLY_NO AND TB.BATCH_YN = 2) AND NOT EXISTS (SELECT 1 FROM ESS_APPLY_OT OT WHERE OT.APPLY_NO = EM.APPLY_NO AND OT.BATCH_YN = 2)
2026-08-31 14:30:59.080 INFO  [c.a.config.SqlOnlyInterceptor] SQL Result  | mapper=com.ait.sy.syAffirm.mapper.SyAffirmEmailMapper.countPendingApprovals | caller=com.ait.sy.syAffirm.service.impl.SyAffirmEmailServiceImpl.getPendingApprovalCounts(SyAffirmEmailServiceImpl.java:111) | rowsReturned=1 | took=1501 ms
2026-08-31 14:30:59.081 INFO  [c.a.config.SqlOnlyInterceptor] SQL Execute | mapper=com.ait.sy.syAffirm.mapper.SyAffirmEmailMapper.countPendingApprovals | caller=com.ait.sy.syAffirm.service.impl.SyAffirmEmailServiceImpl.getPendingApprovalCounts(SyAffirmEmailServiceImpl.java:114) | command=SELECT | params=[adminID='11111111', applyTypeCodeSearch='218197'] | sql=SELECT COUNT(1) FROM SY_AFFIRM_EMAIL EM WHERE ACTIVITY = 0 AND AFFIRM_PERSON_ID = '11111111' AND APPLY_AFFIRM_FLAG NOT IN ('14014310', '14014309', '14014308') AND APPLY_TYPE_CODE = '218197' AND NOT EXISTS (SELECT 1 FROM ESS_LEAVE_APPLY_TB TB WHERE TB.APPLY_NO = EM.APPLY_NO AND TB.BATCH_YN = 2) AND NOT EXISTS (SELECT 1 FROM ESS_APPLY_OT OT WHERE OT.APPLY_NO = EM.APPLY_NO AND OT.BATCH_YN = 2)
2026-08-31 14:31:00.659 INFO  [c.a.config.SqlOnlyInterceptor] SQL Result  | mapper=com.ait.sy.syAffirm.mapper.SyAffirmEmailMapper.countPendingApprovals | caller=com.ait.sy.syAffirm.service.impl.SyAffirmEmailServiceImpl.getPendingApprovalCounts(SyAffirmEmailServiceImpl.java:114) | rowsReturned=1 | took=1578 ms
2026-08-31 14:33:53.709 INFO  [c.a.config.SqlOnlyInterceptor] SQL Execute | mapper=com.ait.sy.syAffirm.mapper.SyAffirmEmailMapper.countPendingApprovals | caller=com.ait.sy.syAffirm.service.impl.SyAffirmEmailServiceImpl.getPendingApprovalCounts(SyAffirmEmailServiceImpl.java:105) | command=SELECT | params=[adminID='11111111'] | sql=SELECT COUNT(1) FROM SY_AFFIRM_EMAIL EM WHERE ACTIVITY = 0 AND AFFIRM_PERSON_ID = '11111111' AND APPLY_AFFIRM_FLAG NOT IN ('14014310', '14014309', '14014308') AND NOT EXISTS (SELECT 1 FROM ESS_LEAVE_APPLY_TB TB WHERE TB.APPLY_NO = EM.APPLY_NO AND TB.BATCH_YN = 2) AND NOT EXISTS (SELECT 1 FROM ESS_APPLY_OT OT WHERE OT.APPLY_NO = EM.APPLY_NO AND OT.BATCH_YN = 2)
2026-08-31 14:33:55.439 INFO  [c.a.config.SqlOnlyInterceptor] SQL Result  | mapper=com.ait.sy.syAffirm.mapper.SyAffirmEmailMapper.countPendingApprovals | caller=com.ait.sy.syAffirm.service.impl.SyAffirmEmailServiceImpl.getPendingApprovalCounts(SyAffirmEmailServiceImpl.java:105) | rowsReturned=1 | took=1731 ms
2026-08-31 14:33:55.442 INFO  [c.a.config.SqlOnlyInterceptor] SQL Execute | mapper=com.ait.sy.syAffirm.mapper.SyAffirmEmailMapper.countPendingApprovals | caller=com.ait.sy.syAffirm.service.impl.SyAffirmEmailServiceImpl.getPendingApprovalCounts(SyAffirmEmailServiceImpl.java:108) | command=SELECT | params=[adminID='11111111', applyTypeCodeSearch='21'] | sql=SELECT COUNT(1) FROM SY_AFFIRM_EMAIL EM WHERE ACTIVITY = 0 AND AFFIRM_PERSON_ID = '11111111' AND APPLY_AFFIRM_FLAG NOT IN ('14014310', '14014309', '14014308') AND APPLY_TYPE_CODE = '21' AND NOT EXISTS (SELECT 1 FROM ESS_LEAVE_APPLY_TB TB WHERE TB.APPLY_NO = EM.APPLY_NO AND TB.BATCH_YN = 2) AND NOT EXISTS (SELECT 1 FROM ESS_APPLY_OT OT WHERE OT.APPLY_NO = EM.APPLY_NO AND OT.BATCH_YN = 2)
2026-08-31 14:33:57.305 INFO  [c.a.config.SqlOnlyInterceptor] SQL Result  | mapper=com.ait.sy.syAffirm.mapper.SyAffirmEmailMapper.countPendingApprovals | caller=com.ait.sy.syAffirm.service.impl.SyAffirmEmailServiceImpl.getPendingApprovalCounts(SyAffirmEmailServiceImpl.java:108) | rowsReturned=1 | took=1864 ms
2026-08-31 14:33:57.308 INFO  [c.a.config.SqlOnlyInterceptor] SQL Execute | mapper=com.ait.sy.syAffirm.mapper.SyAffirmEmailMapper.countPendingApprovals | caller=com.ait.sy.syAffirm.service.impl.SyAffirmEmailServiceImpl.getPendingApprovalCounts(SyAffirmEmailServiceImpl.java:111) | command=SELECT | params=[adminID='11111111', applyTypeCodeSearch='31'] | sql=SELECT COUNT(1) FROM SY_AFFIRM_EMAIL EM WHERE ACTIVITY = 0 AND AFFIRM_PERSON_ID = '11111111' AND APPLY_AFFIRM_FLAG NOT IN ('14014310', '14014309', '14014308') AND APPLY_TYPE_CODE = '31' AND NOT EXISTS (SELECT 1 FROM ESS_LEAVE_APPLY_TB TB WHERE TB.APPLY_NO = EM.APPLY_NO AND TB.BATCH_YN = 2) AND NOT EXISTS (SELECT 1 FROM ESS_APPLY_OT OT WHERE OT.APPLY_NO = EM.APPLY_NO AND OT.BATCH_YN = 2)
2026-08-31 14:33:58.559 INFO  [c.a.config.SqlOnlyInterceptor] SQL Result  | mapper=com.ait.sy.syAffirm.mapper.SyAffirmEmailMapper.countPendingApprovals | caller=com.ait.sy.syAffirm.service.impl.SyAffirmEmailServiceImpl.getPendingApprovalCounts(SyAffirmEmailServiceImpl.java:111) | rowsReturned=1 | took=1251 ms
2026-08-31 14:33:58.562 INFO  [c.a.config.SqlOnlyInterceptor] SQL Execute | mapper=com.ait.sy.syAffirm.mapper.SyAffirmEmailMapper.countPendingApprovals | caller=com.ait.sy.syAffirm.service.impl.SyAffirmEmailServiceImpl.getPendingApprovalCounts(SyAffirmEmailServiceImpl.java:114) | command=SELECT | params=[adminID='11111111', applyTypeCodeSearch='218197'] | sql=SELECT COUNT(1) FROM SY_AFFIRM_EMAIL EM WHERE ACTIVITY = 0 AND AFFIRM_PERSON_ID = '11111111' AND APPLY_AFFIRM_FLAG NOT IN ('14014310', '14014309', '14014308') AND APPLY_TYPE_CODE = '218197' AND NOT EXISTS (SELECT 1 FROM ESS_LEAVE_APPLY_TB TB WHERE TB.APPLY_NO = EM.APPLY_NO AND TB.BATCH_YN = 2) AND NOT EXISTS (SELECT 1 FROM ESS_APPLY_OT OT WHERE OT.APPLY_NO = EM.APPLY_NO AND OT.BATCH_YN = 2)
2026-08-31 14:34:00.512 INFO  [c.a.config.SqlOnlyInterceptor] SQL Result  | mapper=com.ait.sy.syAffirm.mapper.SyAffirmEmailMapper.countPendingApprovals | caller=com.ait.sy.syAffirm.service.impl.SyAffirmEmailServiceImpl.getPendingApprovalCounts(SyAffirmEmailServiceImpl.java:114) | rowsReturned=1 | took=1951 ms
2026-08-31 14:38:04.048 INFO  [c.a.config.SqlOnlyInterceptor] SQL Execute | mapper=com.ait.sy.syAffirm.mapper.SyAffirmEmailMapper.countPendingApprovals | caller=com.ait.sy.syAffirm.service.impl.SyAffirmEmailServiceImpl.getPendingApprovalCounts(SyAffirmEmailServiceImpl.java:105) | command=SELECT | params=[adminID='11111111'] | sql=SELECT COUNT(1) FROM SY_AFFIRM_EMAIL EM WHERE ACTIVITY = 0 AND AFFIRM_PERSON_ID = '11111111' AND APPLY_AFFIRM_FLAG NOT IN ('14014310', '14014309', '14014308') AND NOT EXISTS (SELECT 1 FROM ESS_LEAVE_APPLY_TB TB WHERE TB.APPLY_NO = EM.APPLY_NO AND TB.BATCH_YN = 2) AND NOT EXISTS (SELECT 1 FROM ESS_APPLY_OT OT WHERE OT.APPLY_NO = EM.APPLY_NO AND OT.BATCH_YN = 2)
2026-08-31 14:38:05.443 INFO  [c.a.config.SqlOnlyInterceptor] SQL Result  | mapper=com.ait.sy.syAffirm.mapper.SyAffirmEmailMapper.countPendingApprovals | caller=com.ait.sy.syAffirm.service.impl.SyAffirmEmailServiceImpl.getPendingApprovalCounts(SyAffirmEmailServiceImpl.java:105) | rowsReturned=1 | took=1396 ms
2026-08-31 14:38:05.444 INFO  [c.a.config.SqlOnlyInterceptor] SQL Execute | mapper=com.ait.sy.syAffirm.mapper.SyAffirmEmailMapper.countPendingApprovals | caller=com.ait.sy.syAffirm.service.impl.SyAffirmEmailServiceImpl.getPendingApprovalCounts(SyAffirmEmailServiceImpl.java:108) | command=SELECT | params=[adminID='11111111', applyTypeCodeSearch='21'] | sql=SELECT COUNT(1) FROM SY_AFFIRM_EMAIL EM WHERE ACTIVITY = 0 AND AFFIRM_PERSON_ID = '11111111' AND APPLY_AFFIRM_FLAG NOT IN ('14014310', '14014309', '14014308') AND APPLY_TYPE_CODE = '21' AND NOT EXISTS (SELECT 1 FROM ESS_LEAVE_APPLY_TB TB WHERE TB.APPLY_NO = EM.APPLY_NO AND TB.BATCH_YN = 2) AND NOT EXISTS (SELECT 1 FROM ESS_APPLY_OT OT WHERE OT.APPLY_NO = EM.APPLY_NO AND OT.BATCH_YN = 2)
2026-08-31 14:38:07.706 INFO  [c.a.config.SqlOnlyInterceptor] SQL Result  | mapper=com.ait.sy.syAffirm.mapper.SyAffirmEmailMapper.countPendingApprovals | caller=com.ait.sy.syAffirm.service.impl.SyAffirmEmailServiceImpl.getPendingApprovalCounts(SyAffirmEmailServiceImpl.java:108) | rowsReturned=1 | took=2262 ms
2026-08-31 14:38:07.707 INFO  [c.a.config.SqlOnlyInterceptor] SQL Execute | mapper=com.ait.sy.syAffirm.mapper.SyAffirmEmailMapper.countPendingApprovals | caller=com.ait.sy.syAffirm.service.impl.SyAffirmEmailServiceImpl.getPendingApprovalCounts(SyAffirmEmailServiceImpl.java:111) | command=SELECT | params=[adminID='11111111', applyTypeCodeSearch='31'] | sql=SELECT COUNT(1) FROM SY_AFFIRM_EMAIL EM WHERE ACTIVITY = 0 AND AFFIRM_PERSON_ID = '11111111' AND APPLY_AFFIRM_FLAG NOT IN ('14014310', '14014309', '14014308') AND APPLY_TYPE_CODE = '31' AND NOT EXISTS (SELECT 1 FROM ESS_LEAVE_APPLY_TB TB WHERE TB.APPLY_NO = EM.APPLY_NO AND TB.BATCH_YN = 2) AND NOT EXISTS (SELECT 1 FROM ESS_APPLY_OT OT WHERE OT.APPLY_NO = EM.APPLY_NO AND OT.BATCH_YN = 2)
2026-08-31 14:38:09.098 INFO  [c.a.config.SqlOnlyInterceptor] SQL Result  | mapper=com.ait.sy.syAffirm.mapper.SyAffirmEmailMapper.countPendingApprovals | caller=com.ait.sy.syAffirm.service.impl.SyAffirmEmailServiceImpl.getPendingApprovalCounts(SyAffirmEmailServiceImpl.java:111) | rowsReturned=1 | took=1391 ms
2026-08-31 14:38:09.099 INFO  [c.a.config.SqlOnlyInterceptor] SQL Execute | mapper=com.ait.sy.syAffirm.mapper.SyAffirmEmailMapper.countPendingApprovals | caller=com.ait.sy.syAffirm.service.impl.SyAffirmEmailServiceImpl.getPendingApprovalCounts(SyAffirmEmailServiceImpl.java:114) | command=SELECT | params=[adminID='11111111', applyTypeCodeSearch='218197'] | sql=SELECT COUNT(1) FROM SY_AFFIRM_EMAIL EM WHERE ACTIVITY = 0 AND AFFIRM_PERSON_ID = '11111111' AND APPLY_AFFIRM_FLAG NOT IN ('14014310', '14014309', '14014308') AND APPLY_TYPE_CODE = '218197' AND NOT EXISTS (SELECT 1 FROM ESS_LEAVE_APPLY_TB TB WHERE TB.APPLY_NO = EM.APPLY_NO AND TB.BATCH_YN = 2) AND NOT EXISTS (SELECT 1 FROM ESS_APPLY_OT OT WHERE OT.APPLY_NO = EM.APPLY_NO AND OT.BATCH_YN = 2)
2026-08-31 14:38:10.655 INFO  [c.a.config.SqlOnlyInterceptor] SQL Result  | mapper=com.ait.sy.syAffirm.mapper.SyAffirmEmailMapper.countPendingApprovals | caller=com.ait.sy.syAffirm.service.impl.SyAffirmEmailServiceImpl.getPendingApprovalCounts(SyAffirmEmailServiceImpl.java:114) | rowsReturned=1 | took=1556 ms
2026-08-31 14:39:53.713 INFO  [c.a.config.SqlOnlyInterceptor] SQL Execute | mapper=com.ait.sy.syAffirm.mapper.SyAffirmEmailMapper.countPendingApprovals | caller=com.ait.sy.syAffirm.service.impl.SyAffirmEmailServiceImpl.getPendingApprovalCounts(SyAffirmEmailServiceImpl.java:105) | command=SELECT | params=[adminID='11111111'] | sql=SELECT COUNT(1) FROM SY_AFFIRM_EMAIL EM WHERE ACTIVITY = 0 AND AFFIRM_PERSON_ID = '11111111' AND APPLY_AFFIRM_FLAG NOT IN ('14014310', '14014309', '14014308') AND NOT EXISTS (SELECT 1 FROM ESS_LEAVE_APPLY_TB TB WHERE TB.APPLY_NO = EM.APPLY_NO AND TB.BATCH_YN = 2) AND NOT EXISTS (SELECT 1 FROM ESS_APPLY_OT OT WHERE OT.APPLY_NO = EM.APPLY_NO AND OT.BATCH_YN = 2)
2026-08-31 14:39:56.036 INFO  [c.a.config.SqlOnlyInterceptor] SQL Result  | mapper=com.ait.sy.syAffirm.mapper.SyAffirmEmailMapper.countPendingApprovals | caller=com.ait.sy.syAffirm.service.impl.SyAffirmEmailServiceImpl.getPendingApprovalCounts(SyAffirmEmailServiceImpl.java:105) | rowsReturned=1 | took=2322 ms
2026-08-31 14:39:56.037 INFO  [c.a.config.SqlOnlyInterceptor] SQL Execute | mapper=com.ait.sy.syAffirm.mapper.SyAffirmEmailMapper.countPendingApprovals | caller=com.ait.sy.syAffirm.service.impl.SyAffirmEmailServiceImpl.getPendingApprovalCounts(SyAffirmEmailServiceImpl.java:108) | command=SELECT | params=[adminID='11111111', applyTypeCodeSearch='21'] | sql=SELECT COUNT(1) FROM SY_AFFIRM_EMAIL EM WHERE ACTIVITY = 0 AND AFFIRM_PERSON_ID = '11111111' AND APPLY_AFFIRM_FLAG NOT IN ('14014310', '14014309', '14014308') AND APPLY_TYPE_CODE = '21' AND NOT EXISTS (SELECT 1 FROM ESS_LEAVE_APPLY_TB TB WHERE TB.APPLY_NO = EM.APPLY_NO AND TB.BATCH_YN = 2) AND NOT EXISTS (SELECT 1 FROM ESS_APPLY_OT OT WHERE OT.APPLY_NO = EM.APPLY_NO AND OT.BATCH_YN = 2)
2026-08-31 14:39:57.236 INFO  [c.a.config.SqlOnlyInterceptor] SQL Result  | mapper=com.ait.sy.syAffirm.mapper.SyAffirmEmailMapper.countPendingApprovals | caller=com.ait.sy.syAffirm.service.impl.SyAffirmEmailServiceImpl.getPendingApprovalCounts(SyAffirmEmailServiceImpl.java:108) | rowsReturned=1 | took=1200 ms
2026-08-31 14:39:57.237 INFO  [c.a.config.SqlOnlyInterceptor] SQL Execute | mapper=com.ait.sy.syAffirm.mapper.SyAffirmEmailMapper.countPendingApprovals | caller=com.ait.sy.syAffirm.service.impl.SyAffirmEmailServiceImpl.getPendingApprovalCounts(SyAffirmEmailServiceImpl.java:111) | command=SELECT | params=[adminID='11111111', applyTypeCodeSearch='31'] | sql=SELECT COUNT(1) FROM SY_AFFIRM_EMAIL EM WHERE ACTIVITY = 0 AND AFFIRM_PERSON_ID = '11111111' AND APPLY_AFFIRM_FLAG NOT IN ('14014310', '14014309', '14014308') AND APPLY_TYPE_CODE = '31' AND NOT EXISTS (SELECT 1 FROM ESS_LEAVE_APPLY_TB TB WHERE TB.APPLY_NO = EM.APPLY_NO AND TB.BATCH_YN = 2) AND NOT EXISTS (SELECT 1 FROM ESS_APPLY_OT OT WHERE OT.APPLY_NO = EM.APPLY_NO AND OT.BATCH_YN = 2)
2026-08-31 14:39:58.147 INFO  [c.a.config.SqlOnlyInterceptor] SQL Result  | mapper=com.ait.sy.syAffirm.mapper.SyAffirmEmailMapper.countPendingApprovals | caller=com.ait.sy.syAffirm.service.impl.SyAffirmEmailServiceImpl.getPendingApprovalCounts(SyAffirmEmailServiceImpl.java:111) | rowsReturned=1 | took=910 ms
2026-08-31 14:39:58.147 INFO  [c.a.config.SqlOnlyInterceptor] SQL Execute | mapper=com.ait.sy.syAffirm.mapper.SyAffirmEmailMapper.countPendingApprovals | caller=com.ait.sy.syAffirm.service.impl.SyAffirmEmailServiceImpl.getPendingApprovalCounts(SyAffirmEmailServiceImpl.java:114) | command=SELECT | params=[adminID='11111111', applyTypeCodeSearch='218197'] | sql=SELECT COUNT(1) FROM SY_AFFIRM_EMAIL EM WHERE ACTIVITY = 0 AND AFFIRM_PERSON_ID = '11111111' AND APPLY_AFFIRM_FLAG NOT IN ('14014310', '14014309', '14014308') AND APPLY_TYPE_CODE = '218197' AND NOT EXISTS (SELECT 1 FROM ESS_LEAVE_APPLY_TB TB WHERE TB.APPLY_NO = EM.APPLY_NO AND TB.BATCH_YN = 2) AND NOT EXISTS (SELECT 1 FROM ESS_APPLY_OT OT WHERE OT.APPLY_NO = EM.APPLY_NO AND OT.BATCH_YN = 2)
2026-08-31 14:39:59.153 INFO  [c.a.config.SqlOnlyInterceptor] SQL Result  | mapper=com.ait.sy.syAffirm.mapper.SyAffirmEmailMapper.countPendingApprovals | caller=com.ait.sy.syAffirm.service.impl.SyAffirmEmailServiceImpl.getPendingApprovalCounts(SyAffirmEmailServiceImpl.java:114) | rowsReturned=1 | took=1006 ms
2026-08-31 14:42:53.715 INFO  [c.a.config.SqlOnlyInterceptor] SQL Execute | mapper=com.ait.sy.syAffirm.mapper.SyAffirmEmailMapper.countPendingApprovals | caller=com.ait.sy.syAffirm.service.impl.SyAffirmEmailServiceImpl.getPendingApprovalCounts(SyAffirmEmailServiceImpl.java:105) | command=SELECT | params=[adminID='11111111'] | sql=SELECT COUNT(1) FROM SY_AFFIRM_EMAIL EM WHERE ACTIVITY = 0 AND AFFIRM_PERSON_ID = '11111111' AND APPLY_AFFIRM_FLAG NOT IN ('14014310', '14014309', '14014308') AND NOT EXISTS (SELECT 1 FROM ESS_LEAVE_APPLY_TB TB WHERE TB.APPLY_NO = EM.APPLY_NO AND TB.BATCH_YN = 2) AND NOT EXISTS (SELECT 1 FROM ESS_APPLY_OT OT WHERE OT.APPLY_NO = EM.APPLY_NO AND OT.BATCH_YN = 2)
2026-08-31 14:42:54.418 INFO  [c.a.config.SqlOnlyInterceptor] SQL Result  | mapper=com.ait.sy.syAffirm.mapper.SyAffirmEmailMapper.countPendingApprovals | caller=com.ait.sy.syAffirm.service.impl.SyAffirmEmailServiceImpl.getPendingApprovalCounts(SyAffirmEmailServiceImpl.java:105) | rowsReturned=1 | took=703 ms
2026-08-31 14:42:54.420 INFO  [c.a.config.SqlOnlyInterceptor] SQL Execute | mapper=com.ait.sy.syAffirm.mapper.SyAffirmEmailMapper.countPendingApprovals | caller=com.ait.sy.syAffirm.service.impl.SyAffirmEmailServiceImpl.getPendingApprovalCounts(SyAffirmEmailServiceImpl.java:108) | command=SELECT | params=[adminID='11111111', applyTypeCodeSearch='21'] | sql=SELECT COUNT(1) FROM SY_AFFIRM_EMAIL EM WHERE ACTIVITY = 0 AND AFFIRM_PERSON_ID = '11111111' AND APPLY_AFFIRM_FLAG NOT IN ('14014310', '14014309', '14014308') AND APPLY_TYPE_CODE = '21' AND NOT EXISTS (SELECT 1 FROM ESS_LEAVE_APPLY_TB TB WHERE TB.APPLY_NO = EM.APPLY_NO AND TB.BATCH_YN = 2) AND NOT EXISTS (SELECT 1 FROM ESS_APPLY_OT OT WHERE OT.APPLY_NO = EM.APPLY_NO AND OT.BATCH_YN = 2)
2026-08-31 14:42:55.213 INFO  [c.a.config.SqlOnlyInterceptor] SQL Result  | mapper=com.ait.sy.syAffirm.mapper.SyAffirmEmailMapper.countPendingApprovals | caller=com.ait.sy.syAffirm.service.impl.SyAffirmEmailServiceImpl.getPendingApprovalCounts(SyAffirmEmailServiceImpl.java:108) | rowsReturned=1 | took=794 ms
2026-08-31 14:42:55.215 INFO  [c.a.config.SqlOnlyInterceptor] SQL Execute | mapper=com.ait.sy.syAffirm.mapper.SyAffirmEmailMapper.countPendingApprovals | caller=com.ait.sy.syAffirm.service.impl.SyAffirmEmailServiceImpl.getPendingApprovalCounts(SyAffirmEmailServiceImpl.java:111) | command=SELECT | params=[adminID='11111111', applyTypeCodeSearch='31'] | sql=SELECT COUNT(1) FROM SY_AFFIRM_EMAIL EM WHERE ACTIVITY = 0 AND AFFIRM_PERSON_ID = '11111111' AND APPLY_AFFIRM_FLAG NOT IN ('14014310', '14014309', '14014308') AND APPLY_TYPE_CODE = '31' AND NOT EXISTS (SELECT 1 FROM ESS_LEAVE_APPLY_TB TB WHERE TB.APPLY_NO = EM.APPLY_NO AND TB.BATCH_YN = 2) AND NOT EXISTS (SELECT 1 FROM ESS_APPLY_OT OT WHERE OT.APPLY_NO = EM.APPLY_NO AND OT.BATCH_YN = 2)
2026-08-31 14:42:56.163 INFO  [c.a.config.SqlOnlyInterceptor] SQL Result  | mapper=com.ait.sy.syAffirm.mapper.SyAffirmEmailMapper.countPendingApprovals | caller=com.ait.sy.syAffirm.service.impl.SyAffirmEmailServiceImpl.getPendingApprovalCounts(SyAffirmEmailServiceImpl.java:111) | rowsReturned=1 | took=948 ms
2026-08-31 14:42:56.164 INFO  [c.a.config.SqlOnlyInterceptor] SQL Execute | mapper=com.ait.sy.syAffirm.mapper.SyAffirmEmailMapper.countPendingApprovals | caller=com.ait.sy.syAffirm.service.impl.SyAffirmEmailServiceImpl.getPendingApprovalCounts(SyAffirmEmailServiceImpl.java:114) | command=SELECT | params=[adminID='11111111', applyTypeCodeSearch='218197'] | sql=SELECT COUNT(1) FROM SY_AFFIRM_EMAIL EM WHERE ACTIVITY = 0 AND AFFIRM_PERSON_ID = '11111111' AND APPLY_AFFIRM_FLAG NOT IN ('14014310', '14014309', '14014308') AND APPLY_TYPE_CODE = '218197' AND NOT EXISTS (SELECT 1 FROM ESS_LEAVE_APPLY_TB TB WHERE TB.APPLY_NO = EM.APPLY_NO AND TB.BATCH_YN = 2) AND NOT EXISTS (SELECT 1 FROM ESS_APPLY_OT OT WHERE OT.APPLY_NO = EM.APPLY_NO AND OT.BATCH_YN = 2)
2026-08-31 14:42:56.889 INFO  [c.a.config.SqlOnlyInterceptor] SQL Result  | mapper=com.ait.sy.syAffirm.mapper.SyAffirmEmailMapper.countPendingApprovals | caller=com.ait.sy.syAffirm.service.impl.SyAffirmEmailServiceImpl.getPendingApprovalCounts(SyAffirmEmailServiceImpl.java:114) | rowsReturned=1 | took=725 ms
2026-08-31 14:45:53.716 INFO  [c.a.config.SqlOnlyInterceptor] SQL Execute | mapper=com.ait.sy.syAffirm.mapper.SyAffirmEmailMapper.countPendingApprovals | caller=com.ait.sy.syAffirm.service.impl.SyAffirmEmailServiceImpl.getPendingApprovalCounts(SyAffirmEmailServiceImpl.java:105) | command=SELECT | params=[adminID='11111111'] | sql=SELECT COUNT(1) FROM SY_AFFIRM_EMAIL EM WHERE ACTIVITY = 0 AND AFFIRM_PERSON_ID = '11111111' AND APPLY_AFFIRM_FLAG NOT IN ('14014310', '14014309', '14014308') AND NOT EXISTS (SELECT 1 FROM ESS_LEAVE_APPLY_TB TB WHERE TB.APPLY_NO = EM.APPLY_NO AND TB.BATCH_YN = 2) AND NOT EXISTS (SELECT 1 FROM ESS_APPLY_OT OT WHERE OT.APPLY_NO = EM.APPLY_NO AND OT.BATCH_YN = 2)
2026-08-31 14:45:54.989 INFO  [c.a.config.SqlOnlyInterceptor] SQL Result  | mapper=com.ait.sy.syAffirm.mapper.SyAffirmEmailMapper.countPendingApprovals | caller=com.ait.sy.syAffirm.service.impl.SyAffirmEmailServiceImpl.getPendingApprovalCounts(SyAffirmEmailServiceImpl.java:105) | rowsReturned=1 | took=1273 ms
2026-08-31 14:45:54.990 INFO  [c.a.config.SqlOnlyInterceptor] SQL Execute | mapper=com.ait.sy.syAffirm.mapper.SyAffirmEmailMapper.countPendingApprovals | caller=com.ait.sy.syAffirm.service.impl.SyAffirmEmailServiceImpl.getPendingApprovalCounts(SyAffirmEmailServiceImpl.java:108) | command=SELECT | params=[adminID='11111111', applyTypeCodeSearch='21'] | sql=SELECT COUNT(1) FROM SY_AFFIRM_EMAIL EM WHERE ACTIVITY = 0 AND AFFIRM_PERSON_ID = '11111111' AND APPLY_AFFIRM_FLAG NOT IN ('14014310', '14014309', '14014308') AND APPLY_TYPE_CODE = '21' AND NOT EXISTS (SELECT 1 FROM ESS_LEAVE_APPLY_TB TB WHERE TB.APPLY_NO = EM.APPLY_NO AND TB.BATCH_YN = 2) AND NOT EXISTS (SELECT 1 FROM ESS_APPLY_OT OT WHERE OT.APPLY_NO = EM.APPLY_NO AND OT.BATCH_YN = 2)
2026-08-31 14:45:56.239 INFO  [c.a.config.SqlOnlyInterceptor] SQL Result  | mapper=com.ait.sy.syAffirm.mapper.SyAffirmEmailMapper.countPendingApprovals | caller=com.ait.sy.syAffirm.service.impl.SyAffirmEmailServiceImpl.getPendingApprovalCounts(SyAffirmEmailServiceImpl.java:108) | rowsReturned=1 | took=1249 ms
2026-08-31 14:45:56.240 INFO  [c.a.config.SqlOnlyInterceptor] SQL Execute | mapper=com.ait.sy.syAffirm.mapper.SyAffirmEmailMapper.countPendingApprovals | caller=com.ait.sy.syAffirm.service.impl.SyAffirmEmailServiceImpl.getPendingApprovalCounts(SyAffirmEmailServiceImpl.java:111) | command=SELECT | params=[adminID='11111111', applyTypeCodeSearch='31'] | sql=SELECT COUNT(1) FROM SY_AFFIRM_EMAIL EM WHERE ACTIVITY = 0 AND AFFIRM_PERSON_ID = '11111111' AND APPLY_AFFIRM_FLAG NOT IN ('14014310', '14014309', '14014308') AND APPLY_TYPE_CODE = '31' AND NOT EXISTS (SELECT 1 FROM ESS_LEAVE_APPLY_TB TB WHERE TB.APPLY_NO = EM.APPLY_NO AND TB.BATCH_YN = 2) AND NOT EXISTS (SELECT 1 FROM ESS_APPLY_OT OT WHERE OT.APPLY_NO = EM.APPLY_NO AND OT.BATCH_YN = 2)
2026-08-31 14:45:57.489 INFO  [c.a.config.SqlOnlyInterceptor] SQL Result  | mapper=com.ait.sy.syAffirm.mapper.SyAffirmEmailMapper.countPendingApprovals | caller=com.ait.sy.syAffirm.service.impl.SyAffirmEmailServiceImpl.getPendingApprovalCounts(SyAffirmEmailServiceImpl.java:111) | rowsReturned=1 | took=1249 ms
2026-08-31 14:45:57.490 INFO  [c.a.config.SqlOnlyInterceptor] SQL Execute | mapper=com.ait.sy.syAffirm.mapper.SyAffirmEmailMapper.countPendingApprovals | caller=com.ait.sy.syAffirm.service.impl.SyAffirmEmailServiceImpl.getPendingApprovalCounts(SyAffirmEmailServiceImpl.java:114) | command=SELECT | params=[adminID='11111111', applyTypeCodeSearch='218197'] | sql=SELECT COUNT(1) FROM SY_AFFIRM_EMAIL EM WHERE ACTIVITY = 0 AND AFFIRM_PERSON_ID = '11111111' AND APPLY_AFFIRM_FLAG NOT IN ('14014310', '14014309', '14014308') AND APPLY_TYPE_CODE = '218197' AND NOT EXISTS (SELECT 1 FROM ESS_LEAVE_APPLY_TB TB WHERE TB.APPLY_NO = EM.APPLY_NO AND TB.BATCH_YN = 2) AND NOT EXISTS (SELECT 1 FROM ESS_APPLY_OT OT WHERE OT.APPLY_NO = EM.APPLY_NO AND OT.BATCH_YN = 2)
2026-08-31 14:45:58.833 INFO  [c.a.config.SqlOnlyInterceptor] SQL Result  | mapper=com.ait.sy.syAffirm.mapper.SyAffirmEmailMapper.countPendingApprovals | caller=com.ait.sy.syAffirm.service.impl.SyAffirmEmailServiceImpl.getPendingApprovalCounts(SyAffirmEmailServiceImpl.java:114) | rowsReturned=1 | took=1343 ms
2026-08-31 14:48:53.738 INFO  [c.a.config.SqlOnlyInterceptor] SQL Execute | mapper=com.ait.sy.syAffirm.mapper.SyAffirmEmailMapper.countPendingApprovals | caller=com.ait.sy.syAffirm.service.impl.SyAffirmEmailServiceImpl.getPendingApprovalCounts(SyAffirmEmailServiceImpl.java:105) | command=SELECT | params=[adminID='11111111'] | sql=SELECT COUNT(1) FROM SY_AFFIRM_EMAIL EM WHERE ACTIVITY = 0 AND AFFIRM_PERSON_ID = '11111111' AND APPLY_AFFIRM_FLAG NOT IN ('14014310', '14014309', '14014308') AND NOT EXISTS (SELECT 1 FROM ESS_LEAVE_APPLY_TB TB WHERE TB.APPLY_NO = EM.APPLY_NO AND TB.BATCH_YN = 2) AND NOT EXISTS (SELECT 1 FROM ESS_APPLY_OT OT WHERE OT.APPLY_NO = EM.APPLY_NO AND OT.BATCH_YN = 2)
2026-08-31 14:48:54.528 INFO  [c.a.config.SqlOnlyInterceptor] SQL Result  | mapper=com.ait.sy.syAffirm.mapper.SyAffirmEmailMapper.countPendingApprovals | caller=com.ait.sy.syAffirm.service.impl.SyAffirmEmailServiceImpl.getPendingApprovalCounts(SyAffirmEmailServiceImpl.java:105) | rowsReturned=1 | took=790 ms
2026-08-31 14:48:54.530 INFO  [c.a.config.SqlOnlyInterceptor] SQL Execute | mapper=com.ait.sy.syAffirm.mapper.SyAffirmEmailMapper.countPendingApprovals | caller=com.ait.sy.syAffirm.service.impl.SyAffirmEmailServiceImpl.getPendingApprovalCounts(SyAffirmEmailServiceImpl.java:108) | command=SELECT | params=[adminID='11111111', applyTypeCodeSearch='21'] | sql=SELECT COUNT(1) FROM SY_AFFIRM_EMAIL EM WHERE ACTIVITY = 0 AND AFFIRM_PERSON_ID = '11111111' AND APPLY_AFFIRM_FLAG NOT IN ('14014310', '14014309', '14014308') AND APPLY_TYPE_CODE = '21' AND NOT EXISTS (SELECT 1 FROM ESS_LEAVE_APPLY_TB TB WHERE TB.APPLY_NO = EM.APPLY_NO AND TB.BATCH_YN = 2) AND NOT EXISTS (SELECT 1 FROM ESS_APPLY_OT OT WHERE OT.APPLY_NO = EM.APPLY_NO AND OT.BATCH_YN = 2)
2026-08-31 14:48:55.254 INFO  [c.a.config.SqlOnlyInterceptor] SQL Result  | mapper=com.ait.sy.syAffirm.mapper.SyAffirmEmailMapper.countPendingApprovals | caller=com.ait.sy.syAffirm.service.impl.SyAffirmEmailServiceImpl.getPendingApprovalCounts(SyAffirmEmailServiceImpl.java:108) | rowsReturned=1 | took=724 ms
2026-08-31 14:48:55.256 INFO  [c.a.config.SqlOnlyInterceptor] SQL Execute | mapper=com.ait.sy.syAffirm.mapper.SyAffirmEmailMapper.countPendingApprovals | caller=com.ait.sy.syAffirm.service.impl.SyAffirmEmailServiceImpl.getPendingApprovalCounts(SyAffirmEmailServiceImpl.java:111) | command=SELECT | params=[adminID='11111111', applyTypeCodeSearch='31'] | sql=SELECT COUNT(1) FROM SY_AFFIRM_EMAIL EM WHERE ACTIVITY = 0 AND AFFIRM_PERSON_ID = '11111111' AND APPLY_AFFIRM_FLAG NOT IN ('14014310', '14014309', '14014308') AND APPLY_TYPE_CODE = '31' AND NOT EXISTS (SELECT 1 FROM ESS_LEAVE_APPLY_TB TB WHERE TB.APPLY_NO = EM.APPLY_NO AND TB.BATCH_YN = 2) AND NOT EXISTS (SELECT 1 FROM ESS_APPLY_OT OT WHERE OT.APPLY_NO = EM.APPLY_NO AND OT.BATCH_YN = 2)
2026-08-31 14:48:56.030 INFO  [c.a.config.SqlOnlyInterceptor] SQL Result  | mapper=com.ait.sy.syAffirm.mapper.SyAffirmEmailMapper.countPendingApprovals | caller=com.ait.sy.syAffirm.service.impl.SyAffirmEmailServiceImpl.getPendingApprovalCounts(SyAffirmEmailServiceImpl.java:111) | rowsReturned=1 | took=774 ms
2026-08-31 14:48:56.032 INFO  [c.a.config.SqlOnlyInterceptor] SQL Execute | mapper=com.ait.sy.syAffirm.mapper.SyAffirmEmailMapper.countPendingApprovals | caller=com.ait.sy.syAffirm.service.impl.SyAffirmEmailServiceImpl.getPendingApprovalCounts(SyAffirmEmailServiceImpl.java:114) | command=SELECT | params=[adminID='11111111', applyTypeCodeSearch='218197'] | sql=SELECT COUNT(1) FROM SY_AFFIRM_EMAIL EM WHERE ACTIVITY = 0 AND AFFIRM_PERSON_ID = '11111111' AND APPLY_AFFIRM_FLAG NOT IN ('14014310', '14014309', '14014308') AND APPLY_TYPE_CODE = '218197' AND NOT EXISTS (SELECT 1 FROM ESS_LEAVE_APPLY_TB TB WHERE TB.APPLY_NO = EM.APPLY_NO AND TB.BATCH_YN = 2) AND NOT EXISTS (SELECT 1 FROM ESS_APPLY_OT OT WHERE OT.APPLY_NO = EM.APPLY_NO AND OT.BATCH_YN = 2)
2026-08-31 14:48:56.804 INFO  [c.a.config.SqlOnlyInterceptor] SQL Result  | mapper=com.ait.sy.syAffirm.mapper.SyAffirmEmailMapper.countPendingApprovals | caller=com.ait.sy.syAffirm.service.impl.SyAffirmEmailServiceImpl.getPendingApprovalCounts(SyAffirmEmailServiceImpl.java:114) | rowsReturned=1 | took=772 ms
2026-08-31 14:51:53.729 INFO  [c.a.config.SqlOnlyInterceptor] SQL Execute | mapper=com.ait.sy.syAffirm.mapper.SyAffirmEmailMapper.countPendingApprovals | caller=com.ait.sy.syAffirm.service.impl.SyAffirmEmailServiceImpl.getPendingApprovalCounts(SyAffirmEmailServiceImpl.java:105) | command=SELECT | params=[adminID='11111111'] | sql=SELECT COUNT(1) FROM SY_AFFIRM_EMAIL EM WHERE ACTIVITY = 0 AND AFFIRM_PERSON_ID = '11111111' AND APPLY_AFFIRM_FLAG NOT IN ('14014310', '14014309', '14014308') AND NOT EXISTS (SELECT 1 FROM ESS_LEAVE_APPLY_TB TB WHERE TB.APPLY_NO = EM.APPLY_NO AND TB.BATCH_YN = 2) AND NOT EXISTS (SELECT 1 FROM ESS_APPLY_OT OT WHERE OT.APPLY_NO = EM.APPLY_NO AND OT.BATCH_YN = 2)
2026-08-31 14:51:55.263 INFO  [c.a.config.SqlOnlyInterceptor] SQL Result  | mapper=com.ait.sy.syAffirm.mapper.SyAffirmEmailMapper.countPendingApprovals | caller=com.ait.sy.syAffirm.service.impl.SyAffirmEmailServiceImpl.getPendingApprovalCounts(SyAffirmEmailServiceImpl.java:105) | rowsReturned=1 | took=1534 ms
2026-08-31 14:51:55.265 INFO  [c.a.config.SqlOnlyInterceptor] SQL Execute | mapper=com.ait.sy.syAffirm.mapper.SyAffirmEmailMapper.countPendingApprovals | caller=com.ait.sy.syAffirm.service.impl.SyAffirmEmailServiceImpl.getPendingApprovalCounts(SyAffirmEmailServiceImpl.java:108) | command=SELECT | params=[adminID='11111111', applyTypeCodeSearch='21'] | sql=SELECT COUNT(1) FROM SY_AFFIRM_EMAIL EM WHERE ACTIVITY = 0 AND AFFIRM_PERSON_ID = '11111111' AND APPLY_AFFIRM_FLAG NOT IN ('14014310', '14014309', '14014308') AND APPLY_TYPE_CODE = '21' AND NOT EXISTS (SELECT 1 FROM ESS_LEAVE_APPLY_TB TB WHERE TB.APPLY_NO = EM.APPLY_NO AND TB.BATCH_YN = 2) AND NOT EXISTS (SELECT 1 FROM ESS_APPLY_OT OT WHERE OT.APPLY_NO = EM.APPLY_NO AND OT.BATCH_YN = 2)
2026-08-31 14:51:56.234 INFO  [c.a.config.SqlOnlyInterceptor] SQL Result  | mapper=com.ait.sy.syAffirm.mapper.SyAffirmEmailMapper.countPendingApprovals | caller=com.ait.sy.syAffirm.service.impl.SyAffirmEmailServiceImpl.getPendingApprovalCounts(SyAffirmEmailServiceImpl.java:108) | rowsReturned=1 | took=969 ms
2026-08-31 14:51:56.236 INFO  [c.a.config.SqlOnlyInterceptor] SQL Execute | mapper=com.ait.sy.syAffirm.mapper.SyAffirmEmailMapper.countPendingApprovals | caller=com.ait.sy.syAffirm.service.impl.SyAffirmEmailServiceImpl.getPendingApprovalCounts(SyAffirmEmailServiceImpl.java:111) | command=SELECT | params=[adminID='11111111', applyTypeCodeSearch='31'] | sql=SELECT COUNT(1) FROM SY_AFFIRM_EMAIL EM WHERE ACTIVITY = 0 AND AFFIRM_PERSON_ID = '11111111' AND APPLY_AFFIRM_FLAG NOT IN ('14014310', '14014309', '14014308') AND APPLY_TYPE_CODE = '31' AND NOT EXISTS (SELECT 1 FROM ESS_LEAVE_APPLY_TB TB WHERE TB.APPLY_NO = EM.APPLY_NO AND TB.BATCH_YN = 2) AND NOT EXISTS (SELECT 1 FROM ESS_APPLY_OT OT WHERE OT.APPLY_NO = EM.APPLY_NO AND OT.BATCH_YN = 2)
2026-08-31 14:51:56.987 INFO  [c.a.config.SqlOnlyInterceptor] SQL Result  | mapper=com.ait.sy.syAffirm.mapper.SyAffirmEmailMapper.countPendingApprovals | caller=com.ait.sy.syAffirm.service.impl.SyAffirmEmailServiceImpl.getPendingApprovalCounts(SyAffirmEmailServiceImpl.java:111) | rowsReturned=1 | took=751 ms
2026-08-31 14:51:56.989 INFO  [c.a.config.SqlOnlyInterceptor] SQL Execute | mapper=com.ait.sy.syAffirm.mapper.SyAffirmEmailMapper.countPendingApprovals | caller=com.ait.sy.syAffirm.service.impl.SyAffirmEmailServiceImpl.getPendingApprovalCounts(SyAffirmEmailServiceImpl.java:114) | command=SELECT | params=[adminID='11111111', applyTypeCodeSearch='218197'] | sql=SELECT COUNT(1) FROM SY_AFFIRM_EMAIL EM WHERE ACTIVITY = 0 AND AFFIRM_PERSON_ID = '11111111' AND APPLY_AFFIRM_FLAG NOT IN ('14014310', '14014309', '14014308') AND APPLY_TYPE_CODE = '218197' AND NOT EXISTS (SELECT 1 FROM ESS_LEAVE_APPLY_TB TB WHERE TB.APPLY_NO = EM.APPLY_NO AND TB.BATCH_YN = 2) AND NOT EXISTS (SELECT 1 FROM ESS_APPLY_OT OT WHERE OT.APPLY_NO = EM.APPLY_NO AND OT.BATCH_YN = 2)
2026-08-31 14:51:57.913 INFO  [c.a.config.SqlOnlyInterceptor] SQL Result  | mapper=com.ait.sy.syAffirm.mapper.SyAffirmEmailMapper.countPendingApprovals | caller=com.ait.sy.syAffirm.service.impl.SyAffirmEmailServiceImpl.getPendingApprovalCounts(SyAffirmEmailServiceImpl.java:114) | rowsReturned=1 | took=924 ms
2026-08-31 14:58:21.662 INFO  [c.a.config.SqlOnlyInterceptor] SQL Execute | mapper=com.ait.sy.syAffirm.mapper.SyAffirmEmailMapper.countPendingApprovals | caller=com.ait.sy.syAffirm.service.impl.SyAffirmEmailServiceImpl.getPendingApprovalCounts(SyAffirmEmailServiceImpl.java:105) | command=SELECT | params=[adminID='11111111'] | sql=SELECT COUNT(1) FROM SY_AFFIRM_EMAIL EM WHERE ACTIVITY = 0 AND AFFIRM_PERSON_ID = '11111111' AND APPLY_AFFIRM_FLAG NOT IN ('14014310', '14014309', '14014308') AND NOT EXISTS (SELECT 1 FROM ESS_LEAVE_APPLY_TB TB WHERE TB.APPLY_NO = EM.APPLY_NO AND TB.BATCH_YN = 2) AND NOT EXISTS (SELECT 1 FROM ESS_APPLY_OT OT WHERE OT.APPLY_NO = EM.APPLY_NO AND OT.BATCH_YN = 2)
2026-08-31 14:58:23.170 INFO  [c.a.config.SqlOnlyInterceptor] SQL Result  | mapper=com.ait.sy.syAffirm.mapper.SyAffirmEmailMapper.countPendingApprovals | caller=com.ait.sy.syAffirm.service.impl.SyAffirmEmailServiceImpl.getPendingApprovalCounts(SyAffirmEmailServiceImpl.java:105) | rowsReturned=1 | took=1508 ms
2026-08-31 14:58:23.171 INFO  [c.a.config.SqlOnlyInterceptor] SQL Execute | mapper=com.ait.sy.syAffirm.mapper.SyAffirmEmailMapper.countPendingApprovals | caller=com.ait.sy.syAffirm.service.impl.SyAffirmEmailServiceImpl.getPendingApprovalCounts(SyAffirmEmailServiceImpl.java:108) | command=SELECT | params=[adminID='11111111', applyTypeCodeSearch='21'] | sql=SELECT COUNT(1) FROM SY_AFFIRM_EMAIL EM WHERE ACTIVITY = 0 AND AFFIRM_PERSON_ID = '11111111' AND APPLY_AFFIRM_FLAG NOT IN ('14014310', '14014309', '14014308') AND APPLY_TYPE_CODE = '21' AND NOT EXISTS (SELECT 1 FROM ESS_LEAVE_APPLY_TB TB WHERE TB.APPLY_NO = EM.APPLY_NO AND TB.BATCH_YN = 2) AND NOT EXISTS (SELECT 1 FROM ESS_APPLY_OT OT WHERE OT.APPLY_NO = EM.APPLY_NO AND OT.BATCH_YN = 2)
2026-08-31 14:58:24.771 INFO  [c.a.config.SqlOnlyInterceptor] SQL Result  | mapper=com.ait.sy.syAffirm.mapper.SyAffirmEmailMapper.countPendingApprovals | caller=com.ait.sy.syAffirm.service.impl.SyAffirmEmailServiceImpl.getPendingApprovalCounts(SyAffirmEmailServiceImpl.java:108) | rowsReturned=1 | took=1601 ms
2026-08-31 14:58:24.772 INFO  [c.a.config.SqlOnlyInterceptor] SQL Execute | mapper=com.ait.sy.syAffirm.mapper.SyAffirmEmailMapper.countPendingApprovals | caller=com.ait.sy.syAffirm.service.impl.SyAffirmEmailServiceImpl.getPendingApprovalCounts(SyAffirmEmailServiceImpl.java:111) | command=SELECT | params=[adminID='11111111', applyTypeCodeSearch='31'] | sql=SELECT COUNT(1) FROM SY_AFFIRM_EMAIL EM WHERE ACTIVITY = 0 AND AFFIRM_PERSON_ID = '11111111' AND APPLY_AFFIRM_FLAG NOT IN ('14014310', '14014309', '14014308') AND APPLY_TYPE_CODE = '31' AND NOT EXISTS (SELECT 1 FROM ESS_LEAVE_APPLY_TB TB WHERE TB.APPLY_NO = EM.APPLY_NO AND TB.BATCH_YN = 2) AND NOT EXISTS (SELECT 1 FROM ESS_APPLY_OT OT WHERE OT.APPLY_NO = EM.APPLY_NO AND OT.BATCH_YN = 2)
2026-08-31 14:58:27.078 INFO  [c.a.config.SqlOnlyInterceptor] SQL Result  | mapper=com.ait.sy.syAffirm.mapper.SyAffirmEmailMapper.countPendingApprovals | caller=com.ait.sy.syAffirm.service.impl.SyAffirmEmailServiceImpl.getPendingApprovalCounts(SyAffirmEmailServiceImpl.java:111) | rowsReturned=1 | took=2306 ms
2026-08-31 14:58:27.081 INFO  [c.a.config.SqlOnlyInterceptor] SQL Execute | mapper=com.ait.sy.syAffirm.mapper.SyAffirmEmailMapper.countPendingApprovals | caller=com.ait.sy.syAffirm.service.impl.SyAffirmEmailServiceImpl.getPendingApprovalCounts(SyAffirmEmailServiceImpl.java:114) | command=SELECT | params=[adminID='11111111', applyTypeCodeSearch='218197'] | sql=SELECT COUNT(1) FROM SY_AFFIRM_EMAIL EM WHERE ACTIVITY = 0 AND AFFIRM_PERSON_ID = '11111111' AND APPLY_AFFIRM_FLAG NOT IN ('14014310', '14014309', '14014308') AND APPLY_TYPE_CODE = '218197' AND NOT EXISTS (SELECT 1 FROM ESS_LEAVE_APPLY_TB TB WHERE TB.APPLY_NO = EM.APPLY_NO AND TB.BATCH_YN = 2) AND NOT EXISTS (SELECT 1 FROM ESS_APPLY_OT OT WHERE OT.APPLY_NO = EM.APPLY_NO AND OT.BATCH_YN = 2)
2026-08-31 14:58:28.955 INFO  [c.a.config.SqlOnlyInterceptor] SQL Result  | mapper=com.ait.sy.syAffirm.mapper.SyAffirmEmailMapper.countPendingApprovals | caller=com.ait.sy.syAffirm.service.impl.SyAffirmEmailServiceImpl.getPendingApprovalCounts(SyAffirmEmailServiceImpl.java:114) | rowsReturned=1 | took=1875 ms
2026-08-31 15:00:53.278 INFO  [c.a.config.SqlOnlyInterceptor] SQL Execute | mapper=com.ait.sy.syAffirm.mapper.SyAffirmEmailMapper.countPendingApprovals | caller=com.ait.sy.syAffirm.service.impl.SyAffirmEmailServiceImpl.getPendingApprovalCounts(SyAffirmEmailServiceImpl.java:105) | command=SELECT | params=[adminID='11111111'] | sql=SELECT COUNT(1) FROM SY_AFFIRM_EMAIL EM WHERE ACTIVITY = 0 AND AFFIRM_PERSON_ID = '11111111' AND APPLY_AFFIRM_FLAG NOT IN ('14014310', '14014309', '14014308') AND NOT EXISTS (SELECT 1 FROM ESS_LEAVE_APPLY_TB TB WHERE TB.APPLY_NO = EM.APPLY_NO AND TB.BATCH_YN = 2) AND NOT EXISTS (SELECT 1 FROM ESS_APPLY_OT OT WHERE OT.APPLY_NO = EM.APPLY_NO AND OT.BATCH_YN = 2)
2026-08-31 15:00:54.848 INFO  [c.a.config.SqlOnlyInterceptor] SQL Result  | mapper=com.ait.sy.syAffirm.mapper.SyAffirmEmailMapper.countPendingApprovals | caller=com.ait.sy.syAffirm.service.impl.SyAffirmEmailServiceImpl.getPendingApprovalCounts(SyAffirmEmailServiceImpl.java:105) | rowsReturned=1 | took=1570 ms
2026-08-31 15:00:54.851 INFO  [c.a.config.SqlOnlyInterceptor] SQL Execute | mapper=com.ait.sy.syAffirm.mapper.SyAffirmEmailMapper.countPendingApprovals | caller=com.ait.sy.syAffirm.service.impl.SyAffirmEmailServiceImpl.getPendingApprovalCounts(SyAffirmEmailServiceImpl.java:108) | command=SELECT | params=[adminID='11111111', applyTypeCodeSearch='21'] | sql=SELECT COUNT(1) FROM SY_AFFIRM_EMAIL EM WHERE ACTIVITY = 0 AND AFFIRM_PERSON_ID = '11111111' AND APPLY_AFFIRM_FLAG NOT IN ('14014310', '14014309', '14014308') AND APPLY_TYPE_CODE = '21' AND NOT EXISTS (SELECT 1 FROM ESS_LEAVE_APPLY_TB TB WHERE TB.APPLY_NO = EM.APPLY_NO AND TB.BATCH_YN = 2) AND NOT EXISTS (SELECT 1 FROM ESS_APPLY_OT OT WHERE OT.APPLY_NO = EM.APPLY_NO AND OT.BATCH_YN = 2)
2026-08-31 15:00:56.040 INFO  [c.a.config.SqlOnlyInterceptor] SQL Result  | mapper=com.ait.sy.syAffirm.mapper.SyAffirmEmailMapper.countPendingApprovals | caller=com.ait.sy.syAffirm.service.impl.SyAffirmEmailServiceImpl.getPendingApprovalCounts(SyAffirmEmailServiceImpl.java:108) | rowsReturned=1 | took=1189 ms
2026-08-31 15:00:56.042 INFO  [c.a.config.SqlOnlyInterceptor] SQL Execute | mapper=com.ait.sy.syAffirm.mapper.SyAffirmEmailMapper.countPendingApprovals | caller=com.ait.sy.syAffirm.service.impl.SyAffirmEmailServiceImpl.getPendingApprovalCounts(SyAffirmEmailServiceImpl.java:111) | command=SELECT | params=[adminID='11111111', applyTypeCodeSearch='31'] | sql=SELECT COUNT(1) FROM SY_AFFIRM_EMAIL EM WHERE ACTIVITY = 0 AND AFFIRM_PERSON_ID = '11111111' AND APPLY_AFFIRM_FLAG NOT IN ('14014310', '14014309', '14014308') AND APPLY_TYPE_CODE = '31' AND NOT EXISTS (SELECT 1 FROM ESS_LEAVE_APPLY_TB TB WHERE TB.APPLY_NO = EM.APPLY_NO AND TB.BATCH_YN = 2) AND NOT EXISTS (SELECT 1 FROM ESS_APPLY_OT OT WHERE OT.APPLY_NO = EM.APPLY_NO AND OT.BATCH_YN = 2)
2026-08-31 15:00:56.917 INFO  [c.a.config.SqlOnlyInterceptor] SQL Result  | mapper=com.ait.sy.syAffirm.mapper.SyAffirmEmailMapper.countPendingApprovals | caller=com.ait.sy.syAffirm.service.impl.SyAffirmEmailServiceImpl.getPendingApprovalCounts(SyAffirmEmailServiceImpl.java:111) | rowsReturned=1 | took=875 ms
2026-08-31 15:00:56.919 INFO  [c.a.config.SqlOnlyInterceptor] SQL Execute | mapper=com.ait.sy.syAffirm.mapper.SyAffirmEmailMapper.countPendingApprovals | caller=com.ait.sy.syAffirm.service.impl.SyAffirmEmailServiceImpl.getPendingApprovalCounts(SyAffirmEmailServiceImpl.java:114) | command=SELECT | params=[adminID='11111111', applyTypeCodeSearch='218197'] | sql=SELECT COUNT(1) FROM SY_AFFIRM_EMAIL EM WHERE ACTIVITY = 0 AND AFFIRM_PERSON_ID = '11111111' AND APPLY_AFFIRM_FLAG NOT IN ('14014310', '14014309', '14014308') AND APPLY_TYPE_CODE = '218197' AND NOT EXISTS (SELECT 1 FROM ESS_LEAVE_APPLY_TB TB WHERE TB.APPLY_NO = EM.APPLY_NO AND TB.BATCH_YN = 2) AND NOT EXISTS (SELECT 1 FROM ESS_APPLY_OT OT WHERE OT.APPLY_NO = EM.APPLY_NO AND OT.BATCH_YN = 2)
2026-08-31 15:00:57.958 INFO  [c.a.config.SqlOnlyInterceptor] SQL Result  | mapper=com.ait.sy.syAffirm.mapper.SyAffirmEmailMapper.countPendingApprovals | caller=com.ait.sy.syAffirm.service.impl.SyAffirmEmailServiceImpl.getPendingApprovalCounts(SyAffirmEmailServiceImpl.java:114) | rowsReturned=1 | took=1040 ms
2026-08-31 15:03:53.726 INFO  [c.a.config.SqlOnlyInterceptor] SQL Execute | mapper=com.ait.sy.syAffirm.mapper.SyAffirmEmailMapper.countPendingApprovals | caller=com.ait.sy.syAffirm.service.impl.SyAffirmEmailServiceImpl.getPendingApprovalCounts(SyAffirmEmailServiceImpl.java:105) | command=SELECT | params=[adminID='11111111'] | sql=SELECT COUNT(1) FROM SY_AFFIRM_EMAIL EM WHERE ACTIVITY = 0 AND AFFIRM_PERSON_ID = '11111111' AND APPLY_AFFIRM_FLAG NOT IN ('14014310', '14014309', '14014308') AND NOT EXISTS (SELECT 1 FROM ESS_LEAVE_APPLY_TB TB WHERE TB.APPLY_NO = EM.APPLY_NO AND TB.BATCH_YN = 2) AND NOT EXISTS (SELECT 1 FROM ESS_APPLY_OT OT WHERE OT.APPLY_NO = EM.APPLY_NO AND OT.BATCH_YN = 2)
2026-08-31 15:03:54.533 INFO  [c.a.config.SqlOnlyInterceptor] SQL Result  | mapper=com.ait.sy.syAffirm.mapper.SyAffirmEmailMapper.countPendingApprovals | caller=com.ait.sy.syAffirm.service.impl.SyAffirmEmailServiceImpl.getPendingApprovalCounts(SyAffirmEmailServiceImpl.java:105) | rowsReturned=1 | took=808 ms
2026-08-31 15:03:54.535 INFO  [c.a.config.SqlOnlyInterceptor] SQL Execute | mapper=com.ait.sy.syAffirm.mapper.SyAffirmEmailMapper.countPendingApprovals | caller=com.ait.sy.syAffirm.service.impl.SyAffirmEmailServiceImpl.getPendingApprovalCounts(SyAffirmEmailServiceImpl.java:108) | command=SELECT | params=[adminID='11111111', applyTypeCodeSearch='21'] | sql=SELECT COUNT(1) FROM SY_AFFIRM_EMAIL EM WHERE ACTIVITY = 0 AND AFFIRM_PERSON_ID = '11111111' AND APPLY_AFFIRM_FLAG NOT IN ('14014310', '14014309', '14014308') AND APPLY_TYPE_CODE = '21' AND NOT EXISTS (SELECT 1 FROM ESS_LEAVE_APPLY_TB TB WHERE TB.APPLY_NO = EM.APPLY_NO AND TB.BATCH_YN = 2) AND NOT EXISTS (SELECT 1 FROM ESS_APPLY_OT OT WHERE OT.APPLY_NO = EM.APPLY_NO AND OT.BATCH_YN = 2)
2026-08-31 15:03:55.548 INFO  [c.a.config.SqlOnlyInterceptor] SQL Result  | mapper=com.ait.sy.syAffirm.mapper.SyAffirmEmailMapper.countPendingApprovals | caller=com.ait.sy.syAffirm.service.impl.SyAffirmEmailServiceImpl.getPendingApprovalCounts(SyAffirmEmailServiceImpl.java:108) | rowsReturned=1 | took=1013 ms
2026-08-31 15:03:55.550 INFO  [c.a.config.SqlOnlyInterceptor] SQL Execute | mapper=com.ait.sy.syAffirm.mapper.SyAffirmEmailMapper.countPendingApprovals | caller=com.ait.sy.syAffirm.service.impl.SyAffirmEmailServiceImpl.getPendingApprovalCounts(SyAffirmEmailServiceImpl.java:111) | command=SELECT | params=[adminID='11111111', applyTypeCodeSearch='31'] | sql=SELECT COUNT(1) FROM SY_AFFIRM_EMAIL EM WHERE ACTIVITY = 0 AND AFFIRM_PERSON_ID = '11111111' AND APPLY_AFFIRM_FLAG NOT IN ('14014310', '14014309', '14014308') AND APPLY_TYPE_CODE = '31' AND NOT EXISTS (SELECT 1 FROM ESS_LEAVE_APPLY_TB TB WHERE TB.APPLY_NO = EM.APPLY_NO AND TB.BATCH_YN = 2) AND NOT EXISTS (SELECT 1 FROM ESS_APPLY_OT OT WHERE OT.APPLY_NO = EM.APPLY_NO AND OT.BATCH_YN = 2)
2026-08-31 15:03:56.982 INFO  [c.a.config.SqlOnlyInterceptor] SQL Result  | mapper=com.ait.sy.syAffirm.mapper.SyAffirmEmailMapper.countPendingApprovals | caller=com.ait.sy.syAffirm.service.impl.SyAffirmEmailServiceImpl.getPendingApprovalCounts(SyAffirmEmailServiceImpl.java:111) | rowsReturned=1 | took=1432 ms
2026-08-31 15:03:56.984 INFO  [c.a.config.SqlOnlyInterceptor] SQL Execute | mapper=com.ait.sy.syAffirm.mapper.SyAffirmEmailMapper.countPendingApprovals | caller=com.ait.sy.syAffirm.service.impl.SyAffirmEmailServiceImpl.getPendingApprovalCounts(SyAffirmEmailServiceImpl.java:114) | command=SELECT | params=[adminID='11111111', applyTypeCodeSearch='218197'] | sql=SELECT COUNT(1) FROM SY_AFFIRM_EMAIL EM WHERE ACTIVITY = 0 AND AFFIRM_PERSON_ID = '11111111' AND APPLY_AFFIRM_FLAG NOT IN ('14014310', '14014309', '14014308') AND APPLY_TYPE_CODE = '218197' AND NOT EXISTS (SELECT 1 FROM ESS_LEAVE_APPLY_TB TB WHERE TB.APPLY_NO = EM.APPLY_NO AND TB.BATCH_YN = 2) AND NOT EXISTS (SELECT 1 FROM ESS_APPLY_OT OT WHERE OT.APPLY_NO = EM.APPLY_NO AND OT.BATCH_YN = 2)
2026-08-31 15:03:58.552 INFO  [c.a.config.SqlOnlyInterceptor] SQL Result  | mapper=com.ait.sy.syAffirm.mapper.SyAffirmEmailMapper.countPendingApprovals | caller=com.ait.sy.syAffirm.service.impl.SyAffirmEmailServiceImpl.getPendingApprovalCounts(SyAffirmEmailServiceImpl.java:114) | rowsReturned=1 | took=1568 ms
2026-08-31 15:05:00.003 INFO  [c.a.a.a.s.ArCardRecordScheduler] [AutoImport] Bắt đầu tự động đọc dữ liệu quẹt thẻ: fromDate=2026-08-29, toDate=2026-08-31
2026-08-31 15:05:00.016 INFO  [c.a.a.a.s.i.ArCardRecordServiceImpl] [importFromDevice] Bắt đầu đọc dữ liệu quẹt thẻ từ máy chủ, fromDate=2026-08-29, toDate=2026-08-31
2026-08-31 15:05:30.120 ERROR [c.a.a.a.s.i.ArCardRecordServiceImpl] [importFromDevice] Lỗi kết nối hoặc xử lý dữ liệu
com.microsoft.sqlserver.jdbc.SQLServerException: The TCP/IP connection to the host 10.43.7.249, port 1433 has failed. Error: "Connect timed out. Verify the connection properties. Make sure that an instance of SQL Server is running on the host and accepting TCP/IP connections at the port. Make sure that TCP connections to the port are not blocked by a firewall.".
	at at com.microsoft.sqlserver.jdbc.SQLServerException.makeFromDriverError(SQLServerException.java:231)
2026-08-31 15:05:30.125 ERROR [c.a.a.a.s.ArCardRecordScheduler] [AutoImport] Thất bại: Lỗi kết nối máy chủ quẹt thẻ: The TCP/IP connection to the host 10.43.7.249, port 1433 has failed. Error: "Connect timed out. Verify the connection properties. Make sure that an instance of SQL Server is running on the host and accepting TCP/IP connections at the port. Make sure that TCP connections to the port are not blocked by a firewall.".
2026-08-31 15:06:53.281 INFO  [c.a.config.SqlOnlyInterceptor] SQL Execute | mapper=com.ait.sy.syAffirm.mapper.SyAffirmEmailMapper.countPendingApprovals | caller=com.ait.sy.syAffirm.service.impl.SyAffirmEmailServiceImpl.getPendingApprovalCounts(SyAffirmEmailServiceImpl.java:105) | command=SELECT | params=[adminID='11111111'] | sql=SELECT COUNT(1) FROM SY_AFFIRM_EMAIL EM WHERE ACTIVITY = 0 AND AFFIRM_PERSON_ID = '11111111' AND APPLY_AFFIRM_FLAG NOT IN ('14014310', '14014309', '14014308') AND NOT EXISTS (SELECT 1 FROM ESS_LEAVE_APPLY_TB TB WHERE TB.APPLY_NO = EM.APPLY_NO AND TB.BATCH_YN = 2) AND NOT EXISTS (SELECT 1 FROM ESS_APPLY_OT OT WHERE OT.APPLY_NO = EM.APPLY_NO AND OT.BATCH_YN = 2)
2026-08-31 15:06:55.143 INFO  [c.a.config.SqlOnlyInterceptor] SQL Result  | mapper=com.ait.sy.syAffirm.mapper.SyAffirmEmailMapper.countPendingApprovals | caller=com.ait.sy.syAffirm.service.impl.SyAffirmEmailServiceImpl.getPendingApprovalCounts(SyAffirmEmailServiceImpl.java:105) | rowsReturned=1 | took=1863 ms
2026-08-31 15:06:55.145 INFO  [c.a.config.SqlOnlyInterceptor] SQL Execute | mapper=com.ait.sy.syAffirm.mapper.SyAffirmEmailMapper.countPendingApprovals | caller=com.ait.sy.syAffirm.service.impl.SyAffirmEmailServiceImpl.getPendingApprovalCounts(SyAffirmEmailServiceImpl.java:108) | command=SELECT | params=[adminID='11111111', applyTypeCodeSearch='21'] | sql=SELECT COUNT(1) FROM SY_AFFIRM_EMAIL EM WHERE ACTIVITY = 0 AND AFFIRM_PERSON_ID = '11111111' AND APPLY_AFFIRM_FLAG NOT IN ('14014310', '14014309', '14014308') AND APPLY_TYPE_CODE = '21' AND NOT EXISTS (SELECT 1 FROM ESS_LEAVE_APPLY_TB TB WHERE TB.APPLY_NO = EM.APPLY_NO AND TB.BATCH_YN = 2) AND NOT EXISTS (SELECT 1 FROM ESS_APPLY_OT OT WHERE OT.APPLY_NO = EM.APPLY_NO AND OT.BATCH_YN = 2)
2026-08-31 15:06:57.131 INFO  [c.a.config.SqlOnlyInterceptor] SQL Result  | mapper=com.ait.sy.syAffirm.mapper.SyAffirmEmailMapper.countPendingApprovals | caller=com.ait.sy.syAffirm.service.impl.SyAffirmEmailServiceImpl.getPendingApprovalCounts(SyAffirmEmailServiceImpl.java:108) | rowsReturned=1 | took=1986 ms
2026-08-31 15:06:57.133 INFO  [c.a.config.SqlOnlyInterceptor] SQL Execute | mapper=com.ait.sy.syAffirm.mapper.SyAffirmEmailMapper.countPendingApprovals | caller=com.ait.sy.syAffirm.service.impl.SyAffirmEmailServiceImpl.getPendingApprovalCounts(SyAffirmEmailServiceImpl.java:111) | command=SELECT | params=[adminID='11111111', applyTypeCodeSearch='31'] | sql=SELECT COUNT(1) FROM SY_AFFIRM_EMAIL EM WHERE ACTIVITY = 0 AND AFFIRM_PERSON_ID = '11111111' AND APPLY_AFFIRM_FLAG NOT IN ('14014310', '14014309', '14014308') AND APPLY_TYPE_CODE = '31' AND NOT EXISTS (SELECT 1 FROM ESS_LEAVE_APPLY_TB TB WHERE TB.APPLY_NO = EM.APPLY_NO AND TB.BATCH_YN = 2) AND NOT EXISTS (SELECT 1 FROM ESS_APPLY_OT OT WHERE OT.APPLY_NO = EM.APPLY_NO AND OT.BATCH_YN = 2)
2026-08-31 15:06:59.176 INFO  [c.a.config.SqlOnlyInterceptor] SQL Result  | mapper=com.ait.sy.syAffirm.mapper.SyAffirmEmailMapper.countPendingApprovals | caller=com.ait.sy.syAffirm.service.impl.SyAffirmEmailServiceImpl.getPendingApprovalCounts(SyAffirmEmailServiceImpl.java:111) | rowsReturned=1 | took=2043 ms
2026-08-31 15:06:59.178 INFO  [c.a.config.SqlOnlyInterceptor] SQL Execute | mapper=com.ait.sy.syAffirm.mapper.SyAffirmEmailMapper.countPendingApprovals | caller=com.ait.sy.syAffirm.service.impl.SyAffirmEmailServiceImpl.getPendingApprovalCounts(SyAffirmEmailServiceImpl.java:114) | command=SELECT | params=[adminID='11111111', applyTypeCodeSearch='218197'] | sql=SELECT COUNT(1) FROM SY_AFFIRM_EMAIL EM WHERE ACTIVITY = 0 AND AFFIRM_PERSON_ID = '11111111' AND APPLY_AFFIRM_FLAG NOT IN ('14014310', '14014309', '14014308') AND APPLY_TYPE_CODE = '218197' AND NOT EXISTS (SELECT 1 FROM ESS_LEAVE_APPLY_TB TB WHERE TB.APPLY_NO = EM.APPLY_NO AND TB.BATCH_YN = 2) AND NOT EXISTS (SELECT 1 FROM ESS_APPLY_OT OT WHERE OT.APPLY_NO = EM.APPLY_NO AND OT.BATCH_YN = 2)
2026-08-31 15:07:00.736 INFO  [c.a.config.SqlOnlyInterceptor] SQL Result  | mapper=com.ait.sy.syAffirm.mapper.SyAffirmEmailMapper.countPendingApprovals | caller=com.ait.sy.syAffirm.service.impl.SyAffirmEmailServiceImpl.getPendingApprovalCounts(SyAffirmEmailServiceImpl.java:114) | rowsReturned=1 | took=1558 ms
2026-08-31 15:09:53.281 INFO  [c.a.config.SqlOnlyInterceptor] SQL Execute | mapper=com.ait.sy.syAffirm.mapper.SyAffirmEmailMapper.countPendingApprovals | caller=com.ait.sy.syAffirm.service.impl.SyAffirmEmailServiceImpl.getPendingApprovalCounts(SyAffirmEmailServiceImpl.java:105) | command=SELECT | params=[adminID='11111111'] | sql=SELECT COUNT(1) FROM SY_AFFIRM_EMAIL EM WHERE ACTIVITY = 0 AND AFFIRM_PERSON_ID = '11111111' AND APPLY_AFFIRM_FLAG NOT IN ('14014310', '14014309', '14014308') AND NOT EXISTS (SELECT 1 FROM ESS_LEAVE_APPLY_TB TB WHERE TB.APPLY_NO = EM.APPLY_NO AND TB.BATCH_YN = 2) AND NOT EXISTS (SELECT 1 FROM ESS_APPLY_OT OT WHERE OT.APPLY_NO = EM.APPLY_NO AND OT.BATCH_YN = 2)
2026-08-31 15:09:56.434 INFO  [c.a.config.SqlOnlyInterceptor] SQL Result  | mapper=com.ait.sy.syAffirm.mapper.SyAffirmEmailMapper.countPendingApprovals | caller=com.ait.sy.syAffirm.service.impl.SyAffirmEmailServiceImpl.getPendingApprovalCounts(SyAffirmEmailServiceImpl.java:105) | rowsReturned=1 | took=3154 ms
2026-08-31 15:09:56.436 INFO  [c.a.config.SqlOnlyInterceptor] SQL Execute | mapper=com.ait.sy.syAffirm.mapper.SyAffirmEmailMapper.countPendingApprovals | caller=com.ait.sy.syAffirm.service.impl.SyAffirmEmailServiceImpl.getPendingApprovalCounts(SyAffirmEmailServiceImpl.java:108) | command=SELECT | params=[adminID='11111111', applyTypeCodeSearch='21'] | sql=SELECT COUNT(1) FROM SY_AFFIRM_EMAIL EM WHERE ACTIVITY = 0 AND AFFIRM_PERSON_ID = '11111111' AND APPLY_AFFIRM_FLAG NOT IN ('14014310', '14014309', '14014308') AND APPLY_TYPE_CODE = '21' AND NOT EXISTS (SELECT 1 FROM ESS_LEAVE_APPLY_TB TB WHERE TB.APPLY_NO = EM.APPLY_NO AND TB.BATCH_YN = 2) AND NOT EXISTS (SELECT 1 FROM ESS_APPLY_OT OT WHERE OT.APPLY_NO = EM.APPLY_NO AND OT.BATCH_YN = 2)
2026-08-31 15:09:58.132 INFO  [c.a.config.SqlOnlyInterceptor] SQL Result  | mapper=com.ait.sy.syAffirm.mapper.SyAffirmEmailMapper.countPendingApprovals | caller=com.ait.sy.syAffirm.service.impl.SyAffirmEmailServiceImpl.getPendingApprovalCounts(SyAffirmEmailServiceImpl.java:108) | rowsReturned=1 | took=1697 ms
2026-08-31 15:09:58.133 INFO  [c.a.config.SqlOnlyInterceptor] SQL Execute | mapper=com.ait.sy.syAffirm.mapper.SyAffirmEmailMapper.countPendingApprovals | caller=com.ait.sy.syAffirm.service.impl.SyAffirmEmailServiceImpl.getPendingApprovalCounts(SyAffirmEmailServiceImpl.java:111) | command=SELECT | params=[adminID='11111111', applyTypeCodeSearch='31'] | sql=SELECT COUNT(1) FROM SY_AFFIRM_EMAIL EM WHERE ACTIVITY = 0 AND AFFIRM_PERSON_ID = '11111111' AND APPLY_AFFIRM_FLAG NOT IN ('14014310', '14014309', '14014308') AND APPLY_TYPE_CODE = '31' AND NOT EXISTS (SELECT 1 FROM ESS_LEAVE_APPLY_TB TB WHERE TB.APPLY_NO = EM.APPLY_NO AND TB.BATCH_YN = 2) AND NOT EXISTS (SELECT 1 FROM ESS_APPLY_OT OT WHERE OT.APPLY_NO = EM.APPLY_NO AND OT.BATCH_YN = 2)
2026-08-31 15:10:00.635 INFO  [c.a.config.SqlOnlyInterceptor] SQL Result  | mapper=com.ait.sy.syAffirm.mapper.SyAffirmEmailMapper.countPendingApprovals | caller=com.ait.sy.syAffirm.service.impl.SyAffirmEmailServiceImpl.getPendingApprovalCounts(SyAffirmEmailServiceImpl.java:111) | rowsReturned=1 | took=2502 ms
2026-08-31 15:10:00.637 INFO  [c.a.config.SqlOnlyInterceptor] SQL Execute | mapper=com.ait.sy.syAffirm.mapper.SyAffirmEmailMapper.countPendingApprovals | caller=com.ait.sy.syAffirm.service.impl.SyAffirmEmailServiceImpl.getPendingApprovalCounts(SyAffirmEmailServiceImpl.java:114) | command=SELECT | params=[adminID='11111111', applyTypeCodeSearch='218197'] | sql=SELECT COUNT(1) FROM SY_AFFIRM_EMAIL EM WHERE ACTIVITY = 0 AND AFFIRM_PERSON_ID = '11111111' AND APPLY_AFFIRM_FLAG NOT IN ('14014310', '14014309', '14014308') AND APPLY_TYPE_CODE = '218197' AND NOT EXISTS (SELECT 1 FROM ESS_LEAVE_APPLY_TB TB WHERE TB.APPLY_NO = EM.APPLY_NO AND TB.BATCH_YN = 2) AND NOT EXISTS (SELECT 1 FROM ESS_APPLY_OT OT WHERE OT.APPLY_NO = EM.APPLY_NO AND OT.BATCH_YN = 2)
2026-08-31 15:10:02.830 INFO  [c.a.config.SqlOnlyInterceptor] SQL Result  | mapper=com.ait.sy.syAffirm.mapper.SyAffirmEmailMapper.countPendingApprovals | caller=com.ait.sy.syAffirm.service.impl.SyAffirmEmailServiceImpl.getPendingApprovalCounts(SyAffirmEmailServiceImpl.java:114) | rowsReturned=1 | took=2192 ms
2026-08-31 15:12:53.279 INFO  [c.a.config.SqlOnlyInterceptor] SQL Execute | mapper=com.ait.sy.syAffirm.mapper.SyAffirmEmailMapper.countPendingApprovals | caller=com.ait.sy.syAffirm.service.impl.SyAffirmEmailServiceImpl.getPendingApprovalCounts(SyAffirmEmailServiceImpl.java:105) | command=SELECT | params=[adminID='11111111'] | sql=SELECT COUNT(1) FROM SY_AFFIRM_EMAIL EM WHERE ACTIVITY = 0 AND AFFIRM_PERSON_ID = '11111111' AND APPLY_AFFIRM_FLAG NOT IN ('14014310', '14014309', '14014308') AND NOT EXISTS (SELECT 1 FROM ESS_LEAVE_APPLY_TB TB WHERE TB.APPLY_NO = EM.APPLY_NO AND TB.BATCH_YN = 2) AND NOT EXISTS (SELECT 1 FROM ESS_APPLY_OT OT WHERE OT.APPLY_NO = EM.APPLY_NO AND OT.BATCH_YN = 2)
2026-08-31 15:12:54.050 INFO  [c.a.config.SqlOnlyInterceptor] SQL Result  | mapper=com.ait.sy.syAffirm.mapper.SyAffirmEmailMapper.countPendingApprovals | caller=com.ait.sy.syAffirm.service.impl.SyAffirmEmailServiceImpl.getPendingApprovalCounts(SyAffirmEmailServiceImpl.java:105) | rowsReturned=1 | took=772 ms
2026-08-31 15:12:54.052 INFO  [c.a.config.SqlOnlyInterceptor] SQL Execute | mapper=com.ait.sy.syAffirm.mapper.SyAffirmEmailMapper.countPendingApprovals | caller=com.ait.sy.syAffirm.service.impl.SyAffirmEmailServiceImpl.getPendingApprovalCounts(SyAffirmEmailServiceImpl.java:108) | command=SELECT | params=[adminID='11111111', applyTypeCodeSearch='21'] | sql=SELECT COUNT(1) FROM SY_AFFIRM_EMAIL EM WHERE ACTIVITY = 0 AND AFFIRM_PERSON_ID = '11111111' AND APPLY_AFFIRM_FLAG NOT IN ('14014310', '14014309', '14014308') AND APPLY_TYPE_CODE = '21' AND NOT EXISTS (SELECT 1 FROM ESS_LEAVE_APPLY_TB TB WHERE TB.APPLY_NO = EM.APPLY_NO AND TB.BATCH_YN = 2) AND NOT EXISTS (SELECT 1 FROM ESS_APPLY_OT OT WHERE OT.APPLY_NO = EM.APPLY_NO AND OT.BATCH_YN = 2)
2026-08-31 15:12:55.001 INFO  [c.a.config.SqlOnlyInterceptor] SQL Result  | mapper=com.ait.sy.syAffirm.mapper.SyAffirmEmailMapper.countPendingApprovals | caller=com.ait.sy.syAffirm.service.impl.SyAffirmEmailServiceImpl.getPendingApprovalCounts(SyAffirmEmailServiceImpl.java:108) | rowsReturned=1 | took=949 ms
2026-08-31 15:12:55.005 INFO  [c.a.config.SqlOnlyInterceptor] SQL Execute | mapper=com.ait.sy.syAffirm.mapper.SyAffirmEmailMapper.countPendingApprovals | caller=com.ait.sy.syAffirm.service.impl.SyAffirmEmailServiceImpl.getPendingApprovalCounts(SyAffirmEmailServiceImpl.java:111) | command=SELECT | params=[adminID='11111111', applyTypeCodeSearch='31'] | sql=SELECT COUNT(1) FROM SY_AFFIRM_EMAIL EM WHERE ACTIVITY = 0 AND AFFIRM_PERSON_ID = '11111111' AND APPLY_AFFIRM_FLAG NOT IN ('14014310', '14014309', '14014308') AND APPLY_TYPE_CODE = '31' AND NOT EXISTS (SELECT 1 FROM ESS_LEAVE_APPLY_TB TB WHERE TB.APPLY_NO = EM.APPLY_NO AND TB.BATCH_YN = 2) AND NOT EXISTS (SELECT 1 FROM ESS_APPLY_OT OT WHERE OT.APPLY_NO = EM.APPLY_NO AND OT.BATCH_YN = 2)
2026-08-31 15:12:56.087 INFO  [c.a.config.SqlOnlyInterceptor] SQL Result  | mapper=com.ait.sy.syAffirm.mapper.SyAffirmEmailMapper.countPendingApprovals | caller=com.ait.sy.syAffirm.service.impl.SyAffirmEmailServiceImpl.getPendingApprovalCounts(SyAffirmEmailServiceImpl.java:111) | rowsReturned=1 | took=1084 ms
2026-08-31 15:12:56.089 INFO  [c.a.config.SqlOnlyInterceptor] SQL Execute | mapper=com.ait.sy.syAffirm.mapper.SyAffirmEmailMapper.countPendingApprovals | caller=com.ait.sy.syAffirm.service.impl.SyAffirmEmailServiceImpl.getPendingApprovalCounts(SyAffirmEmailServiceImpl.java:114) | command=SELECT | params=[adminID='11111111', applyTypeCodeSearch='218197'] | sql=SELECT COUNT(1) FROM SY_AFFIRM_EMAIL EM WHERE ACTIVITY = 0 AND AFFIRM_PERSON_ID = '11111111' AND APPLY_AFFIRM_FLAG NOT IN ('14014310', '14014309', '14014308') AND APPLY_TYPE_CODE = '218197' AND NOT EXISTS (SELECT 1 FROM ESS_LEAVE_APPLY_TB TB WHERE TB.APPLY_NO = EM.APPLY_NO AND TB.BATCH_YN = 2) AND NOT EXISTS (SELECT 1 FROM ESS_APPLY_OT OT WHERE OT.APPLY_NO = EM.APPLY_NO AND OT.BATCH_YN = 2)
2026-08-31 15:12:58.277 INFO  [c.a.config.SqlOnlyInterceptor] SQL Result  | mapper=com.ait.sy.syAffirm.mapper.SyAffirmEmailMapper.countPendingApprovals | caller=com.ait.sy.syAffirm.service.impl.SyAffirmEmailServiceImpl.getPendingApprovalCounts(SyAffirmEmailServiceImpl.java:114) | rowsReturned=1 | took=2188 ms
2026-08-31 15:15:53.290 INFO  [c.a.config.SqlOnlyInterceptor] SQL Execute | mapper=com.ait.sy.syAffirm.mapper.SyAffirmEmailMapper.countPendingApprovals | caller=com.ait.sy.syAffirm.service.impl.SyAffirmEmailServiceImpl.getPendingApprovalCounts(SyAffirmEmailServiceImpl.java:105) | command=SELECT | params=[adminID='11111111'] | sql=SELECT COUNT(1) FROM SY_AFFIRM_EMAIL EM WHERE ACTIVITY = 0 AND AFFIRM_PERSON_ID = '11111111' AND APPLY_AFFIRM_FLAG NOT IN ('14014310', '14014309', '14014308') AND NOT EXISTS (SELECT 1 FROM ESS_LEAVE_APPLY_TB TB WHERE TB.APPLY_NO = EM.APPLY_NO AND TB.BATCH_YN = 2) AND NOT EXISTS (SELECT 1 FROM ESS_APPLY_OT OT WHERE OT.APPLY_NO = EM.APPLY_NO AND OT.BATCH_YN = 2)
2026-08-31 15:15:56.602 INFO  [c.a.config.SqlOnlyInterceptor] SQL Result  | mapper=com.ait.sy.syAffirm.mapper.SyAffirmEmailMapper.countPendingApprovals | caller=com.ait.sy.syAffirm.service.impl.SyAffirmEmailServiceImpl.getPendingApprovalCounts(SyAffirmEmailServiceImpl.java:105) | rowsReturned=1 | took=3312 ms
2026-08-31 15:15:56.603 INFO  [c.a.config.SqlOnlyInterceptor] SQL Execute | mapper=com.ait.sy.syAffirm.mapper.SyAffirmEmailMapper.countPendingApprovals | caller=com.ait.sy.syAffirm.service.impl.SyAffirmEmailServiceImpl.getPendingApprovalCounts(SyAffirmEmailServiceImpl.java:108) | command=SELECT | params=[adminID='11111111', applyTypeCodeSearch='21'] | sql=SELECT COUNT(1) FROM SY_AFFIRM_EMAIL EM WHERE ACTIVITY = 0 AND AFFIRM_PERSON_ID = '11111111' AND APPLY_AFFIRM_FLAG NOT IN ('14014310', '14014309', '14014308') AND APPLY_TYPE_CODE = '21' AND NOT EXISTS (SELECT 1 FROM ESS_LEAVE_APPLY_TB TB WHERE TB.APPLY_NO = EM.APPLY_NO AND TB.BATCH_YN = 2) AND NOT EXISTS (SELECT 1 FROM ESS_APPLY_OT OT WHERE OT.APPLY_NO = EM.APPLY_NO AND OT.BATCH_YN = 2)
2026-08-31 15:15:57.530 INFO  [c.a.config.SqlOnlyInterceptor] SQL Result  | mapper=com.ait.sy.syAffirm.mapper.SyAffirmEmailMapper.countPendingApprovals | caller=com.ait.sy.syAffirm.service.impl.SyAffirmEmailServiceImpl.getPendingApprovalCounts(SyAffirmEmailServiceImpl.java:108) | rowsReturned=1 | took=927 ms
2026-08-31 15:15:57.533 INFO  [c.a.config.SqlOnlyInterceptor] SQL Execute | mapper=com.ait.sy.syAffirm.mapper.SyAffirmEmailMapper.countPendingApprovals | caller=com.ait.sy.syAffirm.service.impl.SyAffirmEmailServiceImpl.getPendingApprovalCounts(SyAffirmEmailServiceImpl.java:111) | command=SELECT | params=[adminID='11111111', applyTypeCodeSearch='31'] | sql=SELECT COUNT(1) FROM SY_AFFIRM_EMAIL EM WHERE ACTIVITY = 0 AND AFFIRM_PERSON_ID = '11111111' AND APPLY_AFFIRM_FLAG NOT IN ('14014310', '14014309', '14014308') AND APPLY_TYPE_CODE = '31' AND NOT EXISTS (SELECT 1 FROM ESS_LEAVE_APPLY_TB TB WHERE TB.APPLY_NO = EM.APPLY_NO AND TB.BATCH_YN = 2) AND NOT EXISTS (SELECT 1 FROM ESS_APPLY_OT OT WHERE OT.APPLY_NO = EM.APPLY_NO AND OT.BATCH_YN = 2)
2026-08-31 15:15:59.713 INFO  [c.a.config.SqlOnlyInterceptor] SQL Result  | mapper=com.ait.sy.syAffirm.mapper.SyAffirmEmailMapper.countPendingApprovals | caller=com.ait.sy.syAffirm.service.impl.SyAffirmEmailServiceImpl.getPendingApprovalCounts(SyAffirmEmailServiceImpl.java:111) | rowsReturned=1 | took=2181 ms
2026-08-31 15:15:59.714 INFO  [c.a.config.SqlOnlyInterceptor] SQL Execute | mapper=com.ait.sy.syAffirm.mapper.SyAffirmEmailMapper.countPendingApprovals | caller=com.ait.sy.syAffirm.service.impl.SyAffirmEmailServiceImpl.getPendingApprovalCounts(SyAffirmEmailServiceImpl.java:114) | command=SELECT | params=[adminID='11111111', applyTypeCodeSearch='218197'] | sql=SELECT COUNT(1) FROM SY_AFFIRM_EMAIL EM WHERE ACTIVITY = 0 AND AFFIRM_PERSON_ID = '11111111' AND APPLY_AFFIRM_FLAG NOT IN ('14014310', '14014309', '14014308') AND APPLY_TYPE_CODE = '218197' AND NOT EXISTS (SELECT 1 FROM ESS_LEAVE_APPLY_TB TB WHERE TB.APPLY_NO = EM.APPLY_NO AND TB.BATCH_YN = 2) AND NOT EXISTS (SELECT 1 FROM ESS_APPLY_OT OT WHERE OT.APPLY_NO = EM.APPLY_NO AND OT.BATCH_YN = 2)
2026-08-31 15:16:01.707 INFO  [c.a.config.SqlOnlyInterceptor] SQL Result  | mapper=com.ait.sy.syAffirm.mapper.SyAffirmEmailMapper.countPendingApprovals | caller=com.ait.sy.syAffirm.service.impl.SyAffirmEmailServiceImpl.getPendingApprovalCounts(SyAffirmEmailServiceImpl.java:114) | rowsReturned=1 | took=1993 ms
2026-08-31 15:18:53.281 INFO  [c.a.config.SqlOnlyInterceptor] SQL Execute | mapper=com.ait.sy.syAffirm.mapper.SyAffirmEmailMapper.countPendingApprovals | caller=com.ait.sy.syAffirm.service.impl.SyAffirmEmailServiceImpl.getPendingApprovalCounts(SyAffirmEmailServiceImpl.java:105) | command=SELECT | params=[adminID='11111111'] | sql=SELECT COUNT(1) FROM SY_AFFIRM_EMAIL EM WHERE ACTIVITY = 0 AND AFFIRM_PERSON_ID = '11111111' AND APPLY_AFFIRM_FLAG NOT IN ('14014310', '14014309', '14014308') AND NOT EXISTS (SELECT 1 FROM ESS_LEAVE_APPLY_TB TB WHERE TB.APPLY_NO = EM.APPLY_NO AND TB.BATCH_YN = 2) AND NOT EXISTS (SELECT 1 FROM ESS_APPLY_OT OT WHERE OT.APPLY_NO = EM.APPLY_NO AND OT.BATCH_YN = 2)
2026-08-31 15:18:54.464 INFO  [c.a.config.SqlOnlyInterceptor] SQL Result  | mapper=com.ait.sy.syAffirm.mapper.SyAffirmEmailMapper.countPendingApprovals | caller=com.ait.sy.syAffirm.service.impl.SyAffirmEmailServiceImpl.getPendingApprovalCounts(SyAffirmEmailServiceImpl.java:105) | rowsReturned=1 | took=1183 ms
2026-08-31 15:18:54.466 INFO  [c.a.config.SqlOnlyInterceptor] SQL Execute | mapper=com.ait.sy.syAffirm.mapper.SyAffirmEmailMapper.countPendingApprovals | caller=com.ait.sy.syAffirm.service.impl.SyAffirmEmailServiceImpl.getPendingApprovalCounts(SyAffirmEmailServiceImpl.java:108) | command=SELECT | params=[adminID='11111111', applyTypeCodeSearch='21'] | sql=SELECT COUNT(1) FROM SY_AFFIRM_EMAIL EM WHERE ACTIVITY = 0 AND AFFIRM_PERSON_ID = '11111111' AND APPLY_AFFIRM_FLAG NOT IN ('14014310', '14014309', '14014308') AND APPLY_TYPE_CODE = '21' AND NOT EXISTS (SELECT 1 FROM ESS_LEAVE_APPLY_TB TB WHERE TB.APPLY_NO = EM.APPLY_NO AND TB.BATCH_YN = 2) AND NOT EXISTS (SELECT 1 FROM ESS_APPLY_OT OT WHERE OT.APPLY_NO = EM.APPLY_NO AND OT.BATCH_YN = 2)
2026-08-31 15:18:55.831 INFO  [c.a.config.SqlOnlyInterceptor] SQL Result  | mapper=com.ait.sy.syAffirm.mapper.SyAffirmEmailMapper.countPendingApprovals | caller=com.ait.sy.syAffirm.service.impl.SyAffirmEmailServiceImpl.getPendingApprovalCounts(SyAffirmEmailServiceImpl.java:108) | rowsReturned=1 | took=1365 ms
2026-08-31 15:18:55.833 INFO  [c.a.config.SqlOnlyInterceptor] SQL Execute | mapper=com.ait.sy.syAffirm.mapper.SyAffirmEmailMapper.countPendingApprovals | caller=com.ait.sy.syAffirm.service.impl.SyAffirmEmailServiceImpl.getPendingApprovalCounts(SyAffirmEmailServiceImpl.java:111) | command=SELECT | params=[adminID='11111111', applyTypeCodeSearch='31'] | sql=SELECT COUNT(1) FROM SY_AFFIRM_EMAIL EM WHERE ACTIVITY = 0 AND AFFIRM_PERSON_ID = '11111111' AND APPLY_AFFIRM_FLAG NOT IN ('14014310', '14014309', '14014308') AND APPLY_TYPE_CODE = '31' AND NOT EXISTS (SELECT 1 FROM ESS_LEAVE_APPLY_TB TB WHERE TB.APPLY_NO = EM.APPLY_NO AND TB.BATCH_YN = 2) AND NOT EXISTS (SELECT 1 FROM ESS_APPLY_OT OT WHERE OT.APPLY_NO = EM.APPLY_NO AND OT.BATCH_YN = 2)
2026-08-31 15:18:56.987 INFO  [c.a.config.SqlOnlyInterceptor] SQL Result  | mapper=com.ait.sy.syAffirm.mapper.SyAffirmEmailMapper.countPendingApprovals | caller=com.ait.sy.syAffirm.service.impl.SyAffirmEmailServiceImpl.getPendingApprovalCounts(SyAffirmEmailServiceImpl.java:111) | rowsReturned=1 | took=1154 ms
2026-08-31 15:18:56.989 INFO  [c.a.config.SqlOnlyInterceptor] SQL Execute | mapper=com.ait.sy.syAffirm.mapper.SyAffirmEmailMapper.countPendingApprovals | caller=com.ait.sy.syAffirm.service.impl.SyAffirmEmailServiceImpl.getPendingApprovalCounts(SyAffirmEmailServiceImpl.java:114) | command=SELECT | params=[adminID='11111111', applyTypeCodeSearch='218197'] | sql=SELECT COUNT(1) FROM SY_AFFIRM_EMAIL EM WHERE ACTIVITY = 0 AND AFFIRM_PERSON_ID = '11111111' AND APPLY_AFFIRM_FLAG NOT IN ('14014310', '14014309', '14014308') AND APPLY_TYPE_CODE = '218197' AND NOT EXISTS (SELECT 1 FROM ESS_LEAVE_APPLY_TB TB WHERE TB.APPLY_NO = EM.APPLY_NO AND TB.BATCH_YN = 2) AND NOT EXISTS (SELECT 1 FROM ESS_APPLY_OT OT WHERE OT.APPLY_NO = EM.APPLY_NO AND OT.BATCH_YN = 2)
2026-08-31 15:18:58.020 INFO  [c.a.config.SqlOnlyInterceptor] SQL Result  | mapper=com.ait.sy.syAffirm.mapper.SyAffirmEmailMapper.countPendingApprovals | caller=com.ait.sy.syAffirm.service.impl.SyAffirmEmailServiceImpl.getPendingApprovalCounts(SyAffirmEmailServiceImpl.java:114) | rowsReturned=1 | took=1031 ms
2026-08-31 15:21:53.288 INFO  [c.a.config.SqlOnlyInterceptor] SQL Execute | mapper=com.ait.sy.syAffirm.mapper.SyAffirmEmailMapper.countPendingApprovals | caller=com.ait.sy.syAffirm.service.impl.SyAffirmEmailServiceImpl.getPendingApprovalCounts(SyAffirmEmailServiceImpl.java:105) | command=SELECT | params=[adminID='11111111'] | sql=SELECT COUNT(1) FROM SY_AFFIRM_EMAIL EM WHERE ACTIVITY = 0 AND AFFIRM_PERSON_ID = '11111111' AND APPLY_AFFIRM_FLAG NOT IN ('14014310', '14014309', '14014308') AND NOT EXISTS (SELECT 1 FROM ESS_LEAVE_APPLY_TB TB WHERE TB.APPLY_NO = EM.APPLY_NO AND TB.BATCH_YN = 2) AND NOT EXISTS (SELECT 1 FROM ESS_APPLY_OT OT WHERE OT.APPLY_NO = EM.APPLY_NO AND OT.BATCH_YN = 2)
2026-08-31 15:21:55.202 INFO  [c.a.config.SqlOnlyInterceptor] SQL Result  | mapper=com.ait.sy.syAffirm.mapper.SyAffirmEmailMapper.countPendingApprovals | caller=com.ait.sy.syAffirm.service.impl.SyAffirmEmailServiceImpl.getPendingApprovalCounts(SyAffirmEmailServiceImpl.java:105) | rowsReturned=1 | took=1914 ms
2026-08-31 15:21:55.204 INFO  [c.a.config.SqlOnlyInterceptor] SQL Execute | mapper=com.ait.sy.syAffirm.mapper.SyAffirmEmailMapper.countPendingApprovals | caller=com.ait.sy.syAffirm.service.impl.SyAffirmEmailServiceImpl.getPendingApprovalCounts(SyAffirmEmailServiceImpl.java:108) | command=SELECT | params=[adminID='11111111', applyTypeCodeSearch='21'] | sql=SELECT COUNT(1) FROM SY_AFFIRM_EMAIL EM WHERE ACTIVITY = 0 AND AFFIRM_PERSON_ID = '11111111' AND APPLY_AFFIRM_FLAG NOT IN ('14014310', '14014309', '14014308') AND APPLY_TYPE_CODE = '21' AND NOT EXISTS (SELECT 1 FROM ESS_LEAVE_APPLY_TB TB WHERE TB.APPLY_NO = EM.APPLY_NO AND TB.BATCH_YN = 2) AND NOT EXISTS (SELECT 1 FROM ESS_APPLY_OT OT WHERE OT.APPLY_NO = EM.APPLY_NO AND OT.BATCH_YN = 2)
2026-08-31 15:21:58.409 INFO  [c.a.config.SqlOnlyInterceptor] SQL Result  | mapper=com.ait.sy.syAffirm.mapper.SyAffirmEmailMapper.countPendingApprovals | caller=com.ait.sy.syAffirm.service.impl.SyAffirmEmailServiceImpl.getPendingApprovalCounts(SyAffirmEmailServiceImpl.java:108) | rowsReturned=1 | took=3206 ms
2026-08-31 15:21:58.412 INFO  [c.a.config.SqlOnlyInterceptor] SQL Execute | mapper=com.ait.sy.syAffirm.mapper.SyAffirmEmailMapper.countPendingApprovals | caller=com.ait.sy.syAffirm.service.impl.SyAffirmEmailServiceImpl.getPendingApprovalCounts(SyAffirmEmailServiceImpl.java:111) | command=SELECT | params=[adminID='11111111', applyTypeCodeSearch='31'] | sql=SELECT COUNT(1) FROM SY_AFFIRM_EMAIL EM WHERE ACTIVITY = 0 AND AFFIRM_PERSON_ID = '11111111' AND APPLY_AFFIRM_FLAG NOT IN ('14014310', '14014309', '14014308') AND APPLY_TYPE_CODE = '31' AND NOT EXISTS (SELECT 1 FROM ESS_LEAVE_APPLY_TB TB WHERE TB.APPLY_NO = EM.APPLY_NO AND TB.BATCH_YN = 2) AND NOT EXISTS (SELECT 1 FROM ESS_APPLY_OT OT WHERE OT.APPLY_NO = EM.APPLY_NO AND OT.BATCH_YN = 2)
2026-08-31 15:22:00.268 INFO  [c.a.config.SqlOnlyInterceptor] SQL Result  | mapper=com.ait.sy.syAffirm.mapper.SyAffirmEmailMapper.countPendingApprovals | caller=com.ait.sy.syAffirm.service.impl.SyAffirmEmailServiceImpl.getPendingApprovalCounts(SyAffirmEmailServiceImpl.java:111) | rowsReturned=1 | took=1857 ms
2026-08-31 15:22:00.270 INFO  [c.a.config.SqlOnlyInterceptor] SQL Execute | mapper=com.ait.sy.syAffirm.mapper.SyAffirmEmailMapper.countPendingApprovals | caller=com.ait.sy.syAffirm.service.impl.SyAffirmEmailServiceImpl.getPendingApprovalCounts(SyAffirmEmailServiceImpl.java:114) | command=SELECT | params=[adminID='11111111', applyTypeCodeSearch='218197'] | sql=SELECT COUNT(1) FROM SY_AFFIRM_EMAIL EM WHERE ACTIVITY = 0 AND AFFIRM_PERSON_ID = '11111111' AND APPLY_AFFIRM_FLAG NOT IN ('14014310', '14014309', '14014308') AND APPLY_TYPE_CODE = '218197' AND NOT EXISTS (SELECT 1 FROM ESS_LEAVE_APPLY_TB TB WHERE TB.APPLY_NO = EM.APPLY_NO AND TB.BATCH_YN = 2) AND NOT EXISTS (SELECT 1 FROM ESS_APPLY_OT OT WHERE OT.APPLY_NO = EM.APPLY_NO AND OT.BATCH_YN = 2)
2026-08-31 15:22:02.006 INFO  [c.a.config.SqlOnlyInterceptor] SQL Result  | mapper=com.ait.sy.syAffirm.mapper.SyAffirmEmailMapper.countPendingApprovals | caller=com.ait.sy.syAffirm.service.impl.SyAffirmEmailServiceImpl.getPendingApprovalCounts(SyAffirmEmailServiceImpl.java:114) | rowsReturned=1 | took=1736 ms
2026-08-31 15:24:53.278 INFO  [c.a.config.SqlOnlyInterceptor] SQL Execute | mapper=com.ait.sy.syAffirm.mapper.SyAffirmEmailMapper.countPendingApprovals | caller=com.ait.sy.syAffirm.service.impl.SyAffirmEmailServiceImpl.getPendingApprovalCounts(SyAffirmEmailServiceImpl.java:105) | command=SELECT | params=[adminID='11111111'] | sql=SELECT COUNT(1) FROM SY_AFFIRM_EMAIL EM WHERE ACTIVITY = 0 AND AFFIRM_PERSON_ID = '11111111' AND APPLY_AFFIRM_FLAG NOT IN ('14014310', '14014309', '14014308') AND NOT EXISTS (SELECT 1 FROM ESS_LEAVE_APPLY_TB TB WHERE TB.APPLY_NO = EM.APPLY_NO AND TB.BATCH_YN = 2) AND NOT EXISTS (SELECT 1 FROM ESS_APPLY_OT OT WHERE OT.APPLY_NO = EM.APPLY_NO AND OT.BATCH_YN = 2)
2026-08-31 15:24:55.691 INFO  [c.a.config.SqlOnlyInterceptor] SQL Result  | mapper=com.ait.sy.syAffirm.mapper.SyAffirmEmailMapper.countPendingApprovals | caller=com.ait.sy.syAffirm.service.impl.SyAffirmEmailServiceImpl.getPendingApprovalCounts(SyAffirmEmailServiceImpl.java:105) | rowsReturned=1 | took=2414 ms
2026-08-31 15:24:55.694 INFO  [c.a.config.SqlOnlyInterceptor] SQL Execute | mapper=com.ait.sy.syAffirm.mapper.SyAffirmEmailMapper.countPendingApprovals | caller=com.ait.sy.syAffirm.service.impl.SyAffirmEmailServiceImpl.getPendingApprovalCounts(SyAffirmEmailServiceImpl.java:108) | command=SELECT | params=[adminID='11111111', applyTypeCodeSearch='21'] | sql=SELECT COUNT(1) FROM SY_AFFIRM_EMAIL EM WHERE ACTIVITY = 0 AND AFFIRM_PERSON_ID = '11111111' AND APPLY_AFFIRM_FLAG NOT IN ('14014310', '14014309', '14014308') AND APPLY_TYPE_CODE = '21' AND NOT EXISTS (SELECT 1 FROM ESS_LEAVE_APPLY_TB TB WHERE TB.APPLY_NO = EM.APPLY_NO AND TB.BATCH_YN = 2) AND NOT EXISTS (SELECT 1 FROM ESS_APPLY_OT OT WHERE OT.APPLY_NO = EM.APPLY_NO AND OT.BATCH_YN = 2)
2026-08-31 15:24:57.104 INFO  [c.a.config.SqlOnlyInterceptor] SQL Result  | mapper=com.ait.sy.syAffirm.mapper.SyAffirmEmailMapper.countPendingApprovals | caller=com.ait.sy.syAffirm.service.impl.SyAffirmEmailServiceImpl.getPendingApprovalCounts(SyAffirmEmailServiceImpl.java:108) | rowsReturned=1 | took=1410 ms
2026-08-31 15:24:57.105 INFO  [c.a.config.SqlOnlyInterceptor] SQL Execute | mapper=com.ait.sy.syAffirm.mapper.SyAffirmEmailMapper.countPendingApprovals | caller=com.ait.sy.syAffirm.service.impl.SyAffirmEmailServiceImpl.getPendingApprovalCounts(SyAffirmEmailServiceImpl.java:111) | command=SELECT | params=[adminID='11111111', applyTypeCodeSearch='31'] | sql=SELECT COUNT(1) FROM SY_AFFIRM_EMAIL EM WHERE ACTIVITY = 0 AND AFFIRM_PERSON_ID = '11111111' AND APPLY_AFFIRM_FLAG NOT IN ('14014310', '14014309', '14014308') AND APPLY_TYPE_CODE = '31' AND NOT EXISTS (SELECT 1 FROM ESS_LEAVE_APPLY_TB TB WHERE TB.APPLY_NO = EM.APPLY_NO AND TB.BATCH_YN = 2) AND NOT EXISTS (SELECT 1 FROM ESS_APPLY_OT OT WHERE OT.APPLY_NO = EM.APPLY_NO AND OT.BATCH_YN = 2)
2026-08-31 15:25:00.570 INFO  [c.a.config.SqlOnlyInterceptor] SQL Result  | mapper=com.ait.sy.syAffirm.mapper.SyAffirmEmailMapper.countPendingApprovals | caller=com.ait.sy.syAffirm.service.impl.SyAffirmEmailServiceImpl.getPendingApprovalCounts(SyAffirmEmailServiceImpl.java:111) | rowsReturned=1 | took=3465 ms
2026-08-31 15:25:00.572 INFO  [c.a.config.SqlOnlyInterceptor] SQL Execute | mapper=com.ait.sy.syAffirm.mapper.SyAffirmEmailMapper.countPendingApprovals | caller=com.ait.sy.syAffirm.service.impl.SyAffirmEmailServiceImpl.getPendingApprovalCounts(SyAffirmEmailServiceImpl.java:114) | command=SELECT | params=[adminID='11111111', applyTypeCodeSearch='218197'] | sql=SELECT COUNT(1) FROM SY_AFFIRM_EMAIL EM WHERE ACTIVITY = 0 AND AFFIRM_PERSON_ID = '11111111' AND APPLY_AFFIRM_FLAG NOT IN ('14014310', '14014309', '14014308') AND APPLY_TYPE_CODE = '218197' AND NOT EXISTS (SELECT 1 FROM ESS_LEAVE_APPLY_TB TB WHERE TB.APPLY_NO = EM.APPLY_NO AND TB.BATCH_YN = 2) AND NOT EXISTS (SELECT 1 FROM ESS_APPLY_OT OT WHERE OT.APPLY_NO = EM.APPLY_NO AND OT.BATCH_YN = 2)
2026-08-31 15:25:02.473 INFO  [c.a.config.SqlOnlyInterceptor] SQL Result  | mapper=com.ait.sy.syAffirm.mapper.SyAffirmEmailMapper.countPendingApprovals | caller=com.ait.sy.syAffirm.service.impl.SyAffirmEmailServiceImpl.getPendingApprovalCounts(SyAffirmEmailServiceImpl.java:114) | rowsReturned=1 | took=1902 ms
2026-08-31 15:27:53.282 INFO  [c.a.config.SqlOnlyInterceptor] SQL Execute | mapper=com.ait.sy.syAffirm.mapper.SyAffirmEmailMapper.countPendingApprovals | caller=com.ait.sy.syAffirm.service.impl.SyAffirmEmailServiceImpl.getPendingApprovalCounts(SyAffirmEmailServiceImpl.java:105) | command=SELECT | params=[adminID='11111111'] | sql=SELECT COUNT(1) FROM SY_AFFIRM_EMAIL EM WHERE ACTIVITY = 0 AND AFFIRM_PERSON_ID = '11111111' AND APPLY_AFFIRM_FLAG NOT IN ('14014310', '14014309', '14014308') AND NOT EXISTS (SELECT 1 FROM ESS_LEAVE_APPLY_TB TB WHERE TB.APPLY_NO = EM.APPLY_NO AND TB.BATCH_YN = 2) AND NOT EXISTS (SELECT 1 FROM ESS_APPLY_OT OT WHERE OT.APPLY_NO = EM.APPLY_NO AND OT.BATCH_YN = 2)
2026-08-31 15:27:57.828 INFO  [c.a.config.SqlOnlyInterceptor] SQL Result  | mapper=com.ait.sy.syAffirm.mapper.SyAffirmEmailMapper.countPendingApprovals | caller=com.ait.sy.syAffirm.service.impl.SyAffirmEmailServiceImpl.getPendingApprovalCounts(SyAffirmEmailServiceImpl.java:105) | rowsReturned=1 | took=4547 ms
2026-08-31 15:27:57.830 INFO  [c.a.config.SqlOnlyInterceptor] SQL Execute | mapper=com.ait.sy.syAffirm.mapper.SyAffirmEmailMapper.countPendingApprovals | caller=com.ait.sy.syAffirm.service.impl.SyAffirmEmailServiceImpl.getPendingApprovalCounts(SyAffirmEmailServiceImpl.java:108) | command=SELECT | params=[adminID='11111111', applyTypeCodeSearch='21'] | sql=SELECT COUNT(1) FROM SY_AFFIRM_EMAIL EM WHERE ACTIVITY = 0 AND AFFIRM_PERSON_ID = '11111111' AND APPLY_AFFIRM_FLAG NOT IN ('14014310', '14014309', '14014308') AND APPLY_TYPE_CODE = '21' AND NOT EXISTS (SELECT 1 FROM ESS_LEAVE_APPLY_TB TB WHERE TB.APPLY_NO = EM.APPLY_NO AND TB.BATCH_YN = 2) AND NOT EXISTS (SELECT 1 FROM ESS_APPLY_OT OT WHERE OT.APPLY_NO = EM.APPLY_NO AND OT.BATCH_YN = 2)
2026-08-31 15:28:00.497 INFO  [c.a.config.SqlOnlyInterceptor] SQL Result  | mapper=com.ait.sy.syAffirm.mapper.SyAffirmEmailMapper.countPendingApprovals | caller=com.ait.sy.syAffirm.service.impl.SyAffirmEmailServiceImpl.getPendingApprovalCounts(SyAffirmEmailServiceImpl.java:108) | rowsReturned=1 | took=2668 ms
2026-08-31 15:28:00.498 INFO  [c.a.config.SqlOnlyInterceptor] SQL Execute | mapper=com.ait.sy.syAffirm.mapper.SyAffirmEmailMapper.countPendingApprovals | caller=com.ait.sy.syAffirm.service.impl.SyAffirmEmailServiceImpl.getPendingApprovalCounts(SyAffirmEmailServiceImpl.java:111) | command=SELECT | params=[adminID='11111111', applyTypeCodeSearch='31'] | sql=SELECT COUNT(1) FROM SY_AFFIRM_EMAIL EM WHERE ACTIVITY = 0 AND AFFIRM_PERSON_ID = '11111111' AND APPLY_AFFIRM_FLAG NOT IN ('14014310', '14014309', '14014308') AND APPLY_TYPE_CODE = '31' AND NOT EXISTS (SELECT 1 FROM ESS_LEAVE_APPLY_TB TB WHERE TB.APPLY_NO = EM.APPLY_NO AND TB.BATCH_YN = 2) AND NOT EXISTS (SELECT 1 FROM ESS_APPLY_OT OT WHERE OT.APPLY_NO = EM.APPLY_NO AND OT.BATCH_YN = 2)
2026-08-31 15:28:02.291 INFO  [c.a.config.SqlOnlyInterceptor] SQL Result  | mapper=com.ait.sy.syAffirm.mapper.SyAffirmEmailMapper.countPendingApprovals | caller=com.ait.sy.syAffirm.service.impl.SyAffirmEmailServiceImpl.getPendingApprovalCounts(SyAffirmEmailServiceImpl.java:111) | rowsReturned=1 | took=1793 ms
2026-08-31 15:28:02.294 INFO  [c.a.config.SqlOnlyInterceptor] SQL Execute | mapper=com.ait.sy.syAffirm.mapper.SyAffirmEmailMapper.countPendingApprovals | caller=com.ait.sy.syAffirm.service.impl.SyAffirmEmailServiceImpl.getPendingApprovalCounts(SyAffirmEmailServiceImpl.java:114) | command=SELECT | params=[adminID='11111111', applyTypeCodeSearch='218197'] | sql=SELECT COUNT(1) FROM SY_AFFIRM_EMAIL EM WHERE ACTIVITY = 0 AND AFFIRM_PERSON_ID = '11111111' AND APPLY_AFFIRM_FLAG NOT IN ('14014310', '14014309', '14014308') AND APPLY_TYPE_CODE = '218197' AND NOT EXISTS (SELECT 1 FROM ESS_LEAVE_APPLY_TB TB WHERE TB.APPLY_NO = EM.APPLY_NO AND TB.BATCH_YN = 2) AND NOT EXISTS (SELECT 1 FROM ESS_APPLY_OT OT WHERE OT.APPLY_NO = EM.APPLY_NO AND OT.BATCH_YN = 2)
2026-08-31 15:28:04.079 INFO  [c.a.config.SqlOnlyInterceptor] SQL Result  | mapper=com.ait.sy.syAffirm.mapper.SyAffirmEmailMapper.countPendingApprovals | caller=com.ait.sy.syAffirm.service.impl.SyAffirmEmailServiceImpl.getPendingApprovalCounts(SyAffirmEmailServiceImpl.java:114) | rowsReturned=1 | took=1785 ms
2026-08-31 15:30:53.286 INFO  [c.a.config.SqlOnlyInterceptor] SQL Execute | mapper=com.ait.sy.syAffirm.mapper.SyAffirmEmailMapper.countPendingApprovals | caller=com.ait.sy.syAffirm.service.impl.SyAffirmEmailServiceImpl.getPendingApprovalCounts(SyAffirmEmailServiceImpl.java:105) | command=SELECT | params=[adminID='11111111'] | sql=SELECT COUNT(1) FROM SY_AFFIRM_EMAIL EM WHERE ACTIVITY = 0 AND AFFIRM_PERSON_ID = '11111111' AND APPLY_AFFIRM_FLAG NOT IN ('14014310', '14014309', '14014308') AND NOT EXISTS (SELECT 1 FROM ESS_LEAVE_APPLY_TB TB WHERE TB.APPLY_NO = EM.APPLY_NO AND TB.BATCH_YN = 2) AND NOT EXISTS (SELECT 1 FROM ESS_APPLY_OT OT WHERE OT.APPLY_NO = EM.APPLY_NO AND OT.BATCH_YN = 2)
2026-08-31 15:30:56.671 INFO  [c.a.config.SqlOnlyInterceptor] SQL Result  | mapper=com.ait.sy.syAffirm.mapper.SyAffirmEmailMapper.countPendingApprovals | caller=com.ait.sy.syAffirm.service.impl.SyAffirmEmailServiceImpl.getPendingApprovalCounts(SyAffirmEmailServiceImpl.java:105) | rowsReturned=1 | took=3385 ms
2026-08-31 15:30:56.673 INFO  [c.a.config.SqlOnlyInterceptor] SQL Execute | mapper=com.ait.sy.syAffirm.mapper.SyAffirmEmailMapper.countPendingApprovals | caller=com.ait.sy.syAffirm.service.impl.SyAffirmEmailServiceImpl.getPendingApprovalCounts(SyAffirmEmailServiceImpl.java:108) | command=SELECT | params=[adminID='11111111', applyTypeCodeSearch='21'] | sql=SELECT COUNT(1) FROM SY_AFFIRM_EMAIL EM WHERE ACTIVITY = 0 AND AFFIRM_PERSON_ID = '11111111' AND APPLY_AFFIRM_FLAG NOT IN ('14014310', '14014309', '14014308') AND APPLY_TYPE_CODE = '21' AND NOT EXISTS (SELECT 1 FROM ESS_LEAVE_APPLY_TB TB WHERE TB.APPLY_NO = EM.APPLY_NO AND TB.BATCH_YN = 2) AND NOT EXISTS (SELECT 1 FROM ESS_APPLY_OT OT WHERE OT.APPLY_NO = EM.APPLY_NO AND OT.BATCH_YN = 2)
2026-08-31 15:30:59.034 INFO  [c.a.config.SqlOnlyInterceptor] SQL Result  | mapper=com.ait.sy.syAffirm.mapper.SyAffirmEmailMapper.countPendingApprovals | caller=com.ait.sy.syAffirm.service.impl.SyAffirmEmailServiceImpl.getPendingApprovalCounts(SyAffirmEmailServiceImpl.java:108) | rowsReturned=1 | took=2361 ms
2026-08-31 15:30:59.036 INFO  [c.a.config.SqlOnlyInterceptor] SQL Execute | mapper=com.ait.sy.syAffirm.mapper.SyAffirmEmailMapper.countPendingApprovals | caller=com.ait.sy.syAffirm.service.impl.SyAffirmEmailServiceImpl.getPendingApprovalCounts(SyAffirmEmailServiceImpl.java:111) | command=SELECT | params=[adminID='11111111', applyTypeCodeSearch='31'] | sql=SELECT COUNT(1) FROM SY_AFFIRM_EMAIL EM WHERE ACTIVITY = 0 AND AFFIRM_PERSON_ID = '11111111' AND APPLY_AFFIRM_FLAG NOT IN ('14014310', '14014309', '14014308') AND APPLY_TYPE_CODE = '31' AND NOT EXISTS (SELECT 1 FROM ESS_LEAVE_APPLY_TB TB WHERE TB.APPLY_NO = EM.APPLY_NO AND TB.BATCH_YN = 2) AND NOT EXISTS (SELECT 1 FROM ESS_APPLY_OT OT WHERE OT.APPLY_NO = EM.APPLY_NO AND OT.BATCH_YN = 2)
2026-08-31 15:31:00.641 INFO  [c.a.config.SqlOnlyInterceptor] SQL Result  | mapper=com.ait.sy.syAffirm.mapper.SyAffirmEmailMapper.countPendingApprovals | caller=com.ait.sy.syAffirm.service.impl.SyAffirmEmailServiceImpl.getPendingApprovalCounts(SyAffirmEmailServiceImpl.java:111) | rowsReturned=1 | took=1606 ms
2026-08-31 15:31:00.643 INFO  [c.a.config.SqlOnlyInterceptor] SQL Execute | mapper=com.ait.sy.syAffirm.mapper.SyAffirmEmailMapper.countPendingApprovals | caller=com.ait.sy.syAffirm.service.impl.SyAffirmEmailServiceImpl.getPendingApprovalCounts(SyAffirmEmailServiceImpl.java:114) | command=SELECT | params=[adminID='11111111', applyTypeCodeSearch='218197'] | sql=SELECT COUNT(1) FROM SY_AFFIRM_EMAIL EM WHERE ACTIVITY = 0 AND AFFIRM_PERSON_ID = '11111111' AND APPLY_AFFIRM_FLAG NOT IN ('14014310', '14014309', '14014308') AND APPLY_TYPE_CODE = '218197' AND NOT EXISTS (SELECT 1 FROM ESS_LEAVE_APPLY_TB TB WHERE TB.APPLY_NO = EM.APPLY_NO AND TB.BATCH_YN = 2) AND NOT EXISTS (SELECT 1 FROM ESS_APPLY_OT OT WHERE OT.APPLY_NO = EM.APPLY_NO AND OT.BATCH_YN = 2)
2026-08-31 15:31:03.268 INFO  [c.a.config.SqlOnlyInterceptor] SQL Result  | mapper=com.ait.sy.syAffirm.mapper.SyAffirmEmailMapper.countPendingApprovals | caller=com.ait.sy.syAffirm.service.impl.SyAffirmEmailServiceImpl.getPendingApprovalCounts(SyAffirmEmailServiceImpl.java:114) | rowsReturned=1 | took=2625 ms
2026-08-31 15:33:53.278 INFO  [c.a.config.SqlOnlyInterceptor] SQL Execute | mapper=com.ait.sy.syAffirm.mapper.SyAffirmEmailMapper.countPendingApprovals | caller=com.ait.sy.syAffirm.service.impl.SyAffirmEmailServiceImpl.getPendingApprovalCounts(SyAffirmEmailServiceImpl.java:105) | command=SELECT | params=[adminID='11111111'] | sql=SELECT COUNT(1) FROM SY_AFFIRM_EMAIL EM WHERE ACTIVITY = 0 AND AFFIRM_PERSON_ID = '11111111' AND APPLY_AFFIRM_FLAG NOT IN ('14014310', '14014309', '14014308') AND NOT EXISTS (SELECT 1 FROM ESS_LEAVE_APPLY_TB TB WHERE TB.APPLY_NO = EM.APPLY_NO AND TB.BATCH_YN = 2) AND NOT EXISTS (SELECT 1 FROM ESS_APPLY_OT OT WHERE OT.APPLY_NO = EM.APPLY_NO AND OT.BATCH_YN = 2)
2026-08-31 15:33:55.536 INFO  [c.a.config.SqlOnlyInterceptor] SQL Result  | mapper=com.ait.sy.syAffirm.mapper.SyAffirmEmailMapper.countPendingApprovals | caller=com.ait.sy.syAffirm.service.impl.SyAffirmEmailServiceImpl.getPendingApprovalCounts(SyAffirmEmailServiceImpl.java:105) | rowsReturned=1 | took=2258 ms
2026-08-31 15:33:55.537 INFO  [c.a.config.SqlOnlyInterceptor] SQL Execute | mapper=com.ait.sy.syAffirm.mapper.SyAffirmEmailMapper.countPendingApprovals | caller=com.ait.sy.syAffirm.service.impl.SyAffirmEmailServiceImpl.getPendingApprovalCounts(SyAffirmEmailServiceImpl.java:108) | command=SELECT | params=[adminID='11111111', applyTypeCodeSearch='21'] | sql=SELECT COUNT(1) FROM SY_AFFIRM_EMAIL EM WHERE ACTIVITY = 0 AND AFFIRM_PERSON_ID = '11111111' AND APPLY_AFFIRM_FLAG NOT IN ('14014310', '14014309', '14014308') AND APPLY_TYPE_CODE = '21' AND NOT EXISTS (SELECT 1 FROM ESS_LEAVE_APPLY_TB TB WHERE TB.APPLY_NO = EM.APPLY_NO AND TB.BATCH_YN = 2) AND NOT EXISTS (SELECT 1 FROM ESS_APPLY_OT OT WHERE OT.APPLY_NO = EM.APPLY_NO AND OT.BATCH_YN = 2)
2026-08-31 15:33:56.723 INFO  [c.a.config.SqlOnlyInterceptor] SQL Result  | mapper=com.ait.sy.syAffirm.mapper.SyAffirmEmailMapper.countPendingApprovals | caller=com.ait.sy.syAffirm.service.impl.SyAffirmEmailServiceImpl.getPendingApprovalCounts(SyAffirmEmailServiceImpl.java:108) | rowsReturned=1 | took=1186 ms
2026-08-31 15:33:56.729 INFO  [c.a.config.SqlOnlyInterceptor] SQL Execute | mapper=com.ait.sy.syAffirm.mapper.SyAffirmEmailMapper.countPendingApprovals | caller=com.ait.sy.syAffirm.service.impl.SyAffirmEmailServiceImpl.getPendingApprovalCounts(SyAffirmEmailServiceImpl.java:111) | command=SELECT | params=[adminID='11111111', applyTypeCodeSearch='31'] | sql=SELECT COUNT(1) FROM SY_AFFIRM_EMAIL EM WHERE ACTIVITY = 0 AND AFFIRM_PERSON_ID = '11111111' AND APPLY_AFFIRM_FLAG NOT IN ('14014310', '14014309', '14014308') AND APPLY_TYPE_CODE = '31' AND NOT EXISTS (SELECT 1 FROM ESS_LEAVE_APPLY_TB TB WHERE TB.APPLY_NO = EM.APPLY_NO AND TB.BATCH_YN = 2) AND NOT EXISTS (SELECT 1 FROM ESS_APPLY_OT OT WHERE OT.APPLY_NO = EM.APPLY_NO AND OT.BATCH_YN = 2)
2026-08-31 15:33:58.997 INFO  [c.a.config.SqlOnlyInterceptor] SQL Result  | mapper=com.ait.sy.syAffirm.mapper.SyAffirmEmailMapper.countPendingApprovals | caller=com.ait.sy.syAffirm.service.impl.SyAffirmEmailServiceImpl.getPendingApprovalCounts(SyAffirmEmailServiceImpl.java:111) | rowsReturned=1 | took=2268 ms
2026-08-31 15:33:59.037 INFO  [c.a.config.SqlOnlyInterceptor] SQL Execute | mapper=com.ait.sy.syAffirm.mapper.SyAffirmEmailMapper.countPendingApprovals | caller=com.ait.sy.syAffirm.service.impl.SyAffirmEmailServiceImpl.getPendingApprovalCounts(SyAffirmEmailServiceImpl.java:114) | command=SELECT | params=[adminID='11111111', applyTypeCodeSearch='218197'] | sql=SELECT COUNT(1) FROM SY_AFFIRM_EMAIL EM WHERE ACTIVITY = 0 AND AFFIRM_PERSON_ID = '11111111' AND APPLY_AFFIRM_FLAG NOT IN ('14014310', '14014309', '14014308') AND APPLY_TYPE_CODE = '218197' AND NOT EXISTS (SELECT 1 FROM ESS_LEAVE_APPLY_TB TB WHERE TB.APPLY_NO = EM.APPLY_NO AND TB.BATCH_YN = 2) AND NOT EXISTS (SELECT 1 FROM ESS_APPLY_OT OT WHERE OT.APPLY_NO = EM.APPLY_NO AND OT.BATCH_YN = 2)
2026-08-31 15:34:01.417 INFO  [c.a.config.SqlOnlyInterceptor] SQL Result  | mapper=com.ait.sy.syAffirm.mapper.SyAffirmEmailMapper.countPendingApprovals | caller=com.ait.sy.syAffirm.service.impl.SyAffirmEmailServiceImpl.getPendingApprovalCounts(SyAffirmEmailServiceImpl.java:114) | rowsReturned=1 | took=2381 ms
2026-08-31 15:36:53.290 INFO  [c.a.config.SqlOnlyInterceptor] SQL Execute | mapper=com.ait.sy.syAffirm.mapper.SyAffirmEmailMapper.countPendingApprovals | caller=com.ait.sy.syAffirm.service.impl.SyAffirmEmailServiceImpl.getPendingApprovalCounts(SyAffirmEmailServiceImpl.java:105) | command=SELECT | params=[adminID='11111111'] | sql=SELECT COUNT(1) FROM SY_AFFIRM_EMAIL EM WHERE ACTIVITY = 0 AND AFFIRM_PERSON_ID = '11111111' AND APPLY_AFFIRM_FLAG NOT IN ('14014310', '14014309', '14014308') AND NOT EXISTS (SELECT 1 FROM ESS_LEAVE_APPLY_TB TB WHERE TB.APPLY_NO = EM.APPLY_NO AND TB.BATCH_YN = 2) AND NOT EXISTS (SELECT 1 FROM ESS_APPLY_OT OT WHERE OT.APPLY_NO = EM.APPLY_NO AND OT.BATCH_YN = 2)
2026-08-31 15:36:55.532 INFO  [c.a.config.SqlOnlyInterceptor] SQL Result  | mapper=com.ait.sy.syAffirm.mapper.SyAffirmEmailMapper.countPendingApprovals | caller=com.ait.sy.syAffirm.service.impl.SyAffirmEmailServiceImpl.getPendingApprovalCounts(SyAffirmEmailServiceImpl.java:105) | rowsReturned=1 | took=2243 ms
2026-08-31 15:36:55.537 INFO  [c.a.config.SqlOnlyInterceptor] SQL Execute | mapper=com.ait.sy.syAffirm.mapper.SyAffirmEmailMapper.countPendingApprovals | caller=com.ait.sy.syAffirm.service.impl.SyAffirmEmailServiceImpl.getPendingApprovalCounts(SyAffirmEmailServiceImpl.java:108) | command=SELECT | params=[adminID='11111111', applyTypeCodeSearch='21'] | sql=SELECT COUNT(1) FROM SY_AFFIRM_EMAIL EM WHERE ACTIVITY = 0 AND AFFIRM_PERSON_ID = '11111111' AND APPLY_AFFIRM_FLAG NOT IN ('14014310', '14014309', '14014308') AND APPLY_TYPE_CODE = '21' AND NOT EXISTS (SELECT 1 FROM ESS_LEAVE_APPLY_TB TB WHERE TB.APPLY_NO = EM.APPLY_NO AND TB.BATCH_YN = 2) AND NOT EXISTS (SELECT 1 FROM ESS_APPLY_OT OT WHERE OT.APPLY_NO = EM.APPLY_NO AND OT.BATCH_YN = 2)
2026-08-31 15:36:57.769 INFO  [c.a.config.SqlOnlyInterceptor] SQL Result  | mapper=com.ait.sy.syAffirm.mapper.SyAffirmEmailMapper.countPendingApprovals | caller=com.ait.sy.syAffirm.service.impl.SyAffirmEmailServiceImpl.getPendingApprovalCounts(SyAffirmEmailServiceImpl.java:108) | rowsReturned=1 | took=2232 ms
2026-08-31 15:36:57.771 INFO  [c.a.config.SqlOnlyInterceptor] SQL Execute | mapper=com.ait.sy.syAffirm.mapper.SyAffirmEmailMapper.countPendingApprovals | caller=com.ait.sy.syAffirm.service.impl.SyAffirmEmailServiceImpl.getPendingApprovalCounts(SyAffirmEmailServiceImpl.java:111) | command=SELECT | params=[adminID='11111111', applyTypeCodeSearch='31'] | sql=SELECT COUNT(1) FROM SY_AFFIRM_EMAIL EM WHERE ACTIVITY = 0 AND AFFIRM_PERSON_ID = '11111111' AND APPLY_AFFIRM_FLAG NOT IN ('14014310', '14014309', '14014308') AND APPLY_TYPE_CODE = '31' AND NOT EXISTS (SELECT 1 FROM ESS_LEAVE_APPLY_TB TB WHERE TB.APPLY_NO = EM.APPLY_NO AND TB.BATCH_YN = 2) AND NOT EXISTS (SELECT 1 FROM ESS_APPLY_OT OT WHERE OT.APPLY_NO = EM.APPLY_NO AND OT.BATCH_YN = 2)
2026-08-31 15:36:59.636 INFO  [c.a.config.SqlOnlyInterceptor] SQL Result  | mapper=com.ait.sy.syAffirm.mapper.SyAffirmEmailMapper.countPendingApprovals | caller=com.ait.sy.syAffirm.service.impl.SyAffirmEmailServiceImpl.getPendingApprovalCounts(SyAffirmEmailServiceImpl.java:111) | rowsReturned=1 | took=1865 ms
2026-08-31 15:36:59.638 INFO  [c.a.config.SqlOnlyInterceptor] SQL Execute | mapper=com.ait.sy.syAffirm.mapper.SyAffirmEmailMapper.countPendingApprovals | caller=com.ait.sy.syAffirm.service.impl.SyAffirmEmailServiceImpl.getPendingApprovalCounts(SyAffirmEmailServiceImpl.java:114) | command=SELECT | params=[adminID='11111111', applyTypeCodeSearch='218197'] | sql=SELECT COUNT(1) FROM SY_AFFIRM_EMAIL EM WHERE ACTIVITY = 0 AND AFFIRM_PERSON_ID = '11111111' AND APPLY_AFFIRM_FLAG NOT IN ('14014310', '14014309', '14014308') AND APPLY_TYPE_CODE = '218197' AND NOT EXISTS (SELECT 1 FROM ESS_LEAVE_APPLY_TB TB WHERE TB.APPLY_NO = EM.APPLY_NO AND TB.BATCH_YN = 2) AND NOT EXISTS (SELECT 1 FROM ESS_APPLY_OT OT WHERE OT.APPLY_NO = EM.APPLY_NO AND OT.BATCH_YN = 2)
2026-08-31 15:37:00.394 INFO  [c.a.config.SqlOnlyInterceptor] SQL Result  | mapper=com.ait.sy.syAffirm.mapper.SyAffirmEmailMapper.countPendingApprovals | caller=com.ait.sy.syAffirm.service.impl.SyAffirmEmailServiceImpl.getPendingApprovalCounts(SyAffirmEmailServiceImpl.java:114) | rowsReturned=1 | took=756 ms
2026-08-31 15:37:59.016 WARN  [o.s.w.s.m.m.a.ExceptionHandlerExceptionResolver] Resolved [org.springframework.web.servlet.resource.NoResourceFoundException: No static resource js/quill.min.js.map.]
2026-08-31 15:37:59.016 WARN  [o.s.w.s.m.m.a.ExceptionHandlerExceptionResolver] Resolved [org.springframework.web.servlet.resource.NoResourceFoundException: No static resource plugins/moment/moment.min.js.map.]
2026-08-31 15:38:18.688 INFO  [c.a.config.SqlOnlyInterceptor] SQL Execute | mapper=com.ait.sy.syAffirm.mapper.SyAffirmEmailMapper.countPendingApprovals | caller=com.ait.sy.syAffirm.service.impl.SyAffirmEmailServiceImpl.getPendingApprovalCounts(SyAffirmEmailServiceImpl.java:105) | command=SELECT | params=[adminID='11111111'] | sql=SELECT COUNT(1) FROM SY_AFFIRM_EMAIL EM WHERE ACTIVITY = 0 AND AFFIRM_PERSON_ID = '11111111' AND APPLY_AFFIRM_FLAG NOT IN ('14014310', '14014309', '14014308') AND NOT EXISTS (SELECT 1 FROM ESS_LEAVE_APPLY_TB TB WHERE TB.APPLY_NO = EM.APPLY_NO AND TB.BATCH_YN = 2) AND NOT EXISTS (SELECT 1 FROM ESS_APPLY_OT OT WHERE OT.APPLY_NO = EM.APPLY_NO AND OT.BATCH_YN = 2)
2026-08-31 15:38:18.737 WARN  [o.s.w.s.m.m.a.ExceptionHandlerExceptionResolver] Resolved [org.springframework.web.servlet.resource.NoResourceFoundException: No static resource dummy-avatar.jpg.]
2026-08-31 15:38:19.854 INFO  [c.a.config.SqlOnlyInterceptor] SQL Result  | mapper=com.ait.sy.syAffirm.mapper.SyAffirmEmailMapper.countPendingApprovals | caller=com.ait.sy.syAffirm.service.impl.SyAffirmEmailServiceImpl.getPendingApprovalCounts(SyAffirmEmailServiceImpl.java:105) | rowsReturned=1 | took=1166 ms
2026-08-31 15:38:19.856 INFO  [c.a.config.SqlOnlyInterceptor] SQL Execute | mapper=com.ait.sy.syAffirm.mapper.SyAffirmEmailMapper.countPendingApprovals | caller=com.ait.sy.syAffirm.service.impl.SyAffirmEmailServiceImpl.getPendingApprovalCounts(SyAffirmEmailServiceImpl.java:108) | command=SELECT | params=[adminID='11111111', applyTypeCodeSearch='21'] | sql=SELECT COUNT(1) FROM SY_AFFIRM_EMAIL EM WHERE ACTIVITY = 0 AND AFFIRM_PERSON_ID = '11111111' AND APPLY_AFFIRM_FLAG NOT IN ('14014310', '14014309', '14014308') AND APPLY_TYPE_CODE = '21' AND NOT EXISTS (SELECT 1 FROM ESS_LEAVE_APPLY_TB TB WHERE TB.APPLY_NO = EM.APPLY_NO AND TB.BATCH_YN = 2) AND NOT EXISTS (SELECT 1 FROM ESS_APPLY_OT OT WHERE OT.APPLY_NO = EM.APPLY_NO AND OT.BATCH_YN = 2)
2026-08-31 15:38:21.012 INFO  [c.a.config.SqlOnlyInterceptor] SQL Result  | mapper=com.ait.sy.syAffirm.mapper.SyAffirmEmailMapper.countPendingApprovals | caller=com.ait.sy.syAffirm.service.impl.SyAffirmEmailServiceImpl.getPendingApprovalCounts(SyAffirmEmailServiceImpl.java:108) | rowsReturned=1 | took=1157 ms
2026-08-31 15:38:21.013 INFO  [c.a.config.SqlOnlyInterceptor] SQL Execute | mapper=com.ait.sy.syAffirm.mapper.SyAffirmEmailMapper.countPendingApprovals | caller=com.ait.sy.syAffirm.service.impl.SyAffirmEmailServiceImpl.getPendingApprovalCounts(SyAffirmEmailServiceImpl.java:111) | command=SELECT | params=[adminID='11111111', applyTypeCodeSearch='31'] | sql=SELECT COUNT(1) FROM SY_AFFIRM_EMAIL EM WHERE ACTIVITY = 0 AND AFFIRM_PERSON_ID = '11111111' AND APPLY_AFFIRM_FLAG NOT IN ('14014310', '14014309', '14014308') AND APPLY_TYPE_CODE = '31' AND NOT EXISTS (SELECT 1 FROM ESS_LEAVE_APPLY_TB TB WHERE TB.APPLY_NO = EM.APPLY_NO AND TB.BATCH_YN = 2) AND NOT EXISTS (SELECT 1 FROM ESS_APPLY_OT OT WHERE OT.APPLY_NO = EM.APPLY_NO AND OT.BATCH_YN = 2)
2026-08-31 15:38:21.297 INFO  [c.a.config.SqlOnlyInterceptor] SQL Execute | mapper=com.ait.sy.syAffirm.mapper.SyAffirmEmailMapper.countPendingApprovals | caller=com.ait.sy.syAffirm.service.impl.SyAffirmEmailServiceImpl.getPendingApprovalCounts(SyAffirmEmailServiceImpl.java:105) | command=SELECT | params=[adminID='11111111'] | sql=SELECT COUNT(1) FROM SY_AFFIRM_EMAIL EM WHERE ACTIVITY = 0 AND AFFIRM_PERSON_ID = '11111111' AND APPLY_AFFIRM_FLAG NOT IN ('14014310', '14014309', '14014308') AND NOT EXISTS (SELECT 1 FROM ESS_LEAVE_APPLY_TB TB WHERE TB.APPLY_NO = EM.APPLY_NO AND TB.BATCH_YN = 2) AND NOT EXISTS (SELECT 1 FROM ESS_APPLY_OT OT WHERE OT.APPLY_NO = EM.APPLY_NO AND OT.BATCH_YN = 2)
2026-08-31 15:38:21.347 INFO  [c.a.config.SqlOnlyInterceptor] SQL Execute | mapper=com.ait.ess.infoApply.mapper.EssOtApplyMapper.selectMyOtApplyList | caller=com.ait.ess.infoApply.service.impl.EssOtApplyServiceImpl.getMyOtApplyList(EssOtApplyServiceImpl.java:52) | command=SELECT | params=[lang='vi', lang='vi', lang='vi', adminID='11111111', fromDate='2026-07-25', toDate='2026-08-24'] | sql=SELECT A.APPLY_NO, A.PERSON_ID, A.OT_TYPE_CODE, GET_GLOBAL_NAME(A.OT_TYPE_CODE, 'vi') AS OT_TYPE_NAME, TO_CHAR(A.APPLY_OT_DATE, 'DD/MM/YYYY') AS APPLY_OT_DATE, A.OT_FROM_TIME, A.OT_TO_TIME, A.OT_APPLY_HOUR, A.DEDUCT_YN, A.APPLY_OT_REMARK, A.AFFIRM_FLAG, GET_GLOBAL_NAME(A.AFFIRM_FLAG, 'vi') AS AFFIRM_FLAG_NAME, A.CONFIRM_FLAG, GET_GLOBAL_NAME(TO_CHAR(A.CONFIRM_FLAG), 'vi') AS CONFIRM_FLAG_NAME, A.CREATED_BY, A.CREATED_IP FROM ESS_APPLY_OT A WHERE A.PERSON_ID = '11111111' AND A.ACTIVITY = 1 AND A.APPLY_OT_DATE >= TO_DATE('2026-07-25', 'YYYY-MM-DD') AND A.APPLY_OT_DATE < TO_DATE('2026-08-24', 'YYYY-MM-DD') + 1 ORDER BY A.APPLY_OT_DATE DESC, A.CREATE_DATE DESC
2026-08-31 15:38:21.347 INFO  [c.a.config.SqlOnlyInterceptor] SQL Execute | mapper=com.ait.ess.infoApplyAttendance.mapper.EssAttendancePersonalInfoMapper.selectPersonalAttendanceList | caller=com.ait.ess.infoApplyAttendance.service.impl.EssAttendancePersonalInfoServiceImpl.getPersonalAttendanceList(EssAttendancePersonalInfoServiceImpl.java:39) | command=SELECT | params=[lang='vi', lang='vi', lang='vi', adminID='11111111', cpnyId='HTSV', startDate='25/07/2026', endDate='24/08/2026'] | sql=SELECT D.PK_NO, D.PERSON_ID, HE.EMPID, HE.LOCAL_NAME, GET_DEPT_NAME(D.DEPT_NO, 'vi') AS DEPT_NAME, D.ITEM_NO, get_global_name(D.ITEM_NO, 'vi') AS ITEM_NAME, D.SHIFT_NO, GET_GLOBAL_NAME(D.SHIFT_NO, 'vi') AS SHIFT_NAME, D.AR_DATE_STR, TO_CHAR(D.FROM_TIME, 'DD/MM/YYYY HH24:MI') AS FROM_TIME, TO_CHAR(D.TO_TIME, 'DD/MM/YYYY HH24:MI') AS TO_TIME, D.QUANTITY FROM AR_DETAIL_HTSV D JOIN HR_EMPLOYEE HE ON HE.PERSON_ID = D.PERSON_ID WHERE D.PERSON_ID = '11111111' AND D.ITEM_NO NOT IN ( SELECT AIP.ITEM_NO FROM AR_ITEM_PARAM AIP JOIN AR_ITEM AI ON AI.ITEM_NO = AIP.ITEM_NO WHERE AIP.CPNY_ID = 'HTSV' AND AI.ITEM_GROUP_CODE = '1433' ) AND D.AR_DATE_STR >= TO_CHAR(TO_DATE('25/07/2026', 'DD/MM/YYYY'), 'YYYY/MM/DD') AND D.AR_DATE_STR <= TO_CHAR(TO_DATE('24/08/2026', 'DD/MM/YYYY'), 'YYYY/MM/DD') ORDER BY D.AR_DATE_STR DESC, D.ITEM_NO
2026-08-31 15:38:21.347 INFO  [c.a.config.SqlOnlyInterceptor] SQL Execute | mapper=com.ait.ess.infoApply.mapper.EssCwaAbnormalMapper.selectMyCwaAbnormalList | caller=com.ait.ess.infoApply.service.impl.EssCwaAbnormalServiceImpl.getMyList(EssCwaAbnormalServiceImpl.java:39) | command=SELECT | params=[lang='vi', cpnyId='HTSV', cpnyId='HTSV', cpnyId='HTSV', cpnyId='HTSV', cpnyId='HTSV', cpnyId='HTSV', adminID='11111111', adminID='11111111', startDate='25/07/2026', endDate='24/08/2026'] | sql=SELECT AR_DETAIL.PK_NO, AR_DETAIL.PERSON_ID, GET_EMPID(AR_DETAIL.PERSON_ID) AS EMPID, AR_DETAIL.ITEM_NO, GET_GLOBAL_NAME(AR_DETAIL.ITEM_NO, 'vi') AS ITEM_NAME, TO_CHAR(AR_DETAIL.FROM_TIME, 'DD/MM/YYYY HH24:MI:SS') AS FROM_TIME, TO_CHAR(AR_DETAIL.TO_TIME, 'DD/MM/YYYY HH24:MI:SS') AS TO_TIME, TO_CHAR(TO_DATE(AR_DETAIL.AR_DATE_STR, 'YYYY/MM/DD'), 'DD/MM/YYYY') AS AR_DATE_STR, REPLACE(TO_CHAR(TO_DATE(AR_DETAIL.AR_DATE_STR, 'YYYY/MM/DD'), 'DD/MM/YYYY'), '/', '.') AS DATE_STR, GET_AR_MAC_TIME(AR_DETAIL.PERSON_ID, AR_DETAIL.AR_DATE_STR, 'IN') AS INDOOR_TIME, GET_AR_MAC_TIME(AR_DETAIL.PERSON_ID, AR_DETAIL.AR_DATE_STR, 'OUT') AS OUTDOOR_TIME, TO_CHAR(TO_DATE(GET_AR_SHIFT_START_TIME(AR_DETAIL.PERSON_ID, AR_DETAIL.AR_DATE_STR, 'HTSV'), 'YYYY/MM/DD HH24:MI'), 'DD/MM/YYYY') AS SHIFT_START_YYYY, TO_CHAR(TO_DATE(GET_AR_SHIFT_START_TIME(AR_DETAIL.PERSON_ID, AR_DETAIL.AR_DATE_STR, 'HTSV'), 'YYYY/MM/DD HH24:MI'), 'HH24') AS SHIFT_START_HH, TO_CHAR(TO_DATE(GET_AR_SHIFT_START_TIME(AR_DETAIL.PERSON_ID, AR_DETAIL.AR_DATE_STR, 'HTSV'), 'YYYY/MM/DD HH24:MI'), 'MI') AS SHIFT_START_MI, TO_CHAR(TO_DATE(GET_AR_SHIFT_END_TIME(AR_DETAIL.PERSON_ID, AR_DETAIL.AR_DATE_STR, 'HTSV'), 'YYYY/MM/DD HH24:MI'), 'DD/MM/YYYY') AS SHIFT_END_YYYY, TO_CHAR(TO_DATE(GET_AR_SHIFT_END_TIME(AR_DETAIL.PERSON_ID, AR_DETAIL.AR_DATE_STR, 'HTSV'), 'YYYY/MM/DD HH24:MI'), 'HH24') AS SHIFT_END_HH, TO_CHAR(TO_DATE(GET_AR_SHIFT_END_TIME(AR_DETAIL.PERSON_ID, AR_DETAIL.AR_DATE_STR, 'HTSV'), 'YYYY/MM/DD HH24:MI'), 'MI') AS SHIFT_END_MI, AR_DETAIL.LOCK_YN FROM AR_DETAIL_HTSV AR_DETAIL WHERE AR_DETAIL.PERSON_ID = '11111111' AND AR_DETAIL.ITEM_NO IN ('141443', '141441', '141442', '14015448') AND AR_DETAIL.AR_DATE_STR < TO_CHAR(SYSDATE, 'YYYY/MM/DD') AND AR_DETAIL.AR_DATE_STR NOT IN ( SELECT AR_DATE_STR FROM ESS_CARD_APPLY_TB CARD WHERE AFFIRM_FLAG IN ('14014306', '14014307', '14014308') AND CARD.CONFIRM_FLAG <> '2' AND PERSON_ID = '11111111' ) AND AR_DETAIL.AR_DATE_STR >= TO_CHAR(TO_DATE('25/07/2026', 'DD/MM/YYYY'), 'YYYY/MM/DD') AND AR_DETAIL.AR_DATE_STR <= TO_CHAR(TO_DATE('24/08/2026', 'DD/MM/YYYY'), 'YYYY/MM/DD') ORDER BY AR_DETAIL.AR_DATE_STR DESC
2026-08-31 15:38:21.351 INFO  [c.a.config.SqlOnlyInterceptor] SQL Execute | mapper=com.ait.ar.attendanceMintenance.mapper.EssLeaveApplyMapper.selectMyLeaveApplyList | caller=com.ait.ar.attendanceMintenance.service.impl.EssLeaveApplyServiceImpl.getMyLeaveApplyList(EssLeaveApplyServiceImpl.java:209) | command=SELECT | params=[lang='vi', lang='vi', lang='vi', adminID='11111111', fromDate='2026-07-25', toDate='2026-08-24'] | sql=SELECT A.APPLY_NO, A.PERSON_ID, A.LEAVE_TYPE_CODE AS ITEM_NO, GET_GLOBAL_NAME(A.LEAVE_TYPE_CODE, 'vi') AS LEAVE_TYPE_NAME, TO_CHAR(A.CREATE_DATE, 'DD/MM/YYYY') AS APPLY_DATE, TO_CHAR(A.LEAVE_FROM_TIME, 'DD/MM/YYYY') AS LEAVE_FROM_DATE, TO_CHAR(A.LEAVE_FROM_TIME, 'HH24:MI') AS LEAVE_FROM_TIME_ONLY, TO_CHAR(A.LEAVE_TO_TIME, 'DD/MM/YYYY') AS LEAVE_TO_DATE, TO_CHAR(A.LEAVE_TO_TIME, 'HH24:MI') AS LEAVE_TO_TIME_ONLY, A.APPLY_LENGTH, AR_GET_DAY_HOURS(A.PERSON_ID, A.LEAVE_FROM_TIME) AS DAY_HOURS, A.LEAVE_REASON, A.AFFIRM_FLAG, GET_GLOBAL_NAME(A.AFFIRM_FLAG, 'vi') AS AFFIRM_FLAG_NAME, A.HR_COMMENT, A.CONFIRM_FLAG, GET_GLOBAL_NAME(A.CONFIRM_FLAG, 'vi') AS CONFIRM_FLAG_NAME, GET_UPDATED_INFO(A.CREATED_BY) AS CREATED_BY, A.CREATED_IP, A.LEAVE_TYPE_CODE FROM ESS_LEAVE_APPLY_TB A WHERE A.PERSON_ID = '11111111' AND A.ACTIVITY = 1 AND A.LEAVE_FROM_TIME >= TO_DATE('2026-07-25', 'YYYY-MM-DD') AND A.LEAVE_FROM_TIME < TO_DATE('2026-08-24', 'YYYY-MM-DD') + 1 ORDER BY A.CREATE_DATE DESC
2026-08-31 15:38:21.377 INFO  [c.a.config.SqlOnlyInterceptor] SQL Result  | mapper=com.ait.ess.infoApply.mapper.EssOtApplyMapper.selectMyOtApplyList | caller=com.ait.ess.infoApply.service.impl.EssOtApplyServiceImpl.getMyOtApplyList(EssOtApplyServiceImpl.java:52) | rowsReturned=0 | took=32 ms
2026-08-31 15:38:21.381 INFO  [c.a.config.SqlOnlyInterceptor] SQL Result  | mapper=com.ait.ess.infoApplyAttendance.mapper.EssAttendancePersonalInfoMapper.selectPersonalAttendanceList | caller=com.ait.ess.infoApplyAttendance.service.impl.EssAttendancePersonalInfoServiceImpl.getPersonalAttendanceList(EssAttendancePersonalInfoServiceImpl.java:39) | rowsReturned=8 | took=36 ms
2026-08-31 15:38:21.393 WARN  [o.s.w.s.m.m.a.ExceptionHandlerExceptionResolver] Resolved [org.springframework.web.servlet.resource.NoResourceFoundException: No static resource dummy-avatar.jpg.]
2026-08-31 15:38:21.393 INFO  [c.a.config.SqlOnlyInterceptor] SQL Execute | mapper=com.ait.ess.infoApply.mapper.EssPersonOtInfoMapper.selectPersonOtList | caller=com.ait.ess.infoApply.service.impl.EssPersonOtInfoServiceImpl.getPersonOtList(EssPersonOtInfoServiceImpl.java:39) | command=SELECT | params=[lang='vi', lang='vi', lang='vi', adminID='11111111', cpnyId='HTSV', startDate='25/07/2026', endDate='24/08/2026'] | sql=SELECT D.PK_NO, D.PERSON_ID, HE.EMPID, HE.LOCAL_NAME, GET_DEPT_NAME(D.DEPT_NO, 'vi') AS DEPT_NAME, D.ITEM_NO, get_global_name(D.ITEM_NO, 'vi') AS ITEM_NAME, D.SHIFT_NO, GET_GLOBAL_NAME(D.SHIFT_NO, 'vi') AS SHIFT_NAME, D.AR_DATE_STR, TO_CHAR(D.FROM_TIME, 'HH24:MI') || ' ~ ' || TO_CHAR(D.TO_TIME, 'HH24:MI') AS WORK_TIME, TO_CHAR(D.FROM_TIME, 'HH24:MI') AS INDOOR_TIME, TO_CHAR(D.TO_TIME, 'HH24:MI') AS OUTDOOR_TIME, TO_CHAR(D.FROM_TIME, 'DD/MM/YYYY HH24:MI') AS OT_START_TIME, TO_CHAR(D.TO_TIME, 'DD/MM/YYYY HH24:MI') AS OT_END_TIME, D.QUANTITY FROM AR_DETAIL_HTSV D JOIN HR_EMPLOYEE HE ON HE.PERSON_ID = D.PERSON_ID WHERE D.PERSON_ID = '11111111' AND D.ITEM_NO IN ( SELECT AIP.ITEM_NO FROM AR_ITEM_PARAM AIP JOIN AR_ITEM AI ON AI.ITEM_NO = AIP.ITEM_NO WHERE AIP.CPNY_ID = 'HTSV' AND AI.ITEM_GROUP_CODE = '1433' ) AND D.AR_DATE_STR >= TO_CHAR(TO_DATE('25/07/2026', 'DD/MM/YYYY'), 'YYYY/MM/DD') AND D.AR_DATE_STR <= TO_CHAR(TO_DATE('24/08/2026', 'DD/MM/YYYY'), 'YYYY/MM/DD') ORDER BY D.AR_DATE_STR DESC, D.ITEM_NO
2026-08-31 15:38:21.395 INFO  [c.a.config.SqlOnlyInterceptor] SQL Result  | mapper=com.ait.ar.attendanceMintenance.mapper.EssLeaveApplyMapper.selectMyLeaveApplyList | caller=com.ait.ar.attendanceMintenance.service.impl.EssLeaveApplyServiceImpl.getMyLeaveApplyList(EssLeaveApplyServiceImpl.java:209) | rowsReturned=0 | took=44 ms
2026-08-31 15:38:21.406 INFO  [c.a.config.SqlOnlyInterceptor] SQL Result  | mapper=com.ait.ess.infoApply.mapper.EssCwaAbnormalMapper.selectMyCwaAbnormalList | caller=com.ait.ess.infoApply.service.impl.EssCwaAbnormalServiceImpl.getMyList(EssCwaAbnormalServiceImpl.java:39) | rowsReturned=5 | took=61 ms
2026-08-31 15:38:21.417 INFO  [c.a.config.SqlOnlyInterceptor] SQL Execute | mapper=com.ait.sy.sys.mapper.MenuMapper.getMenusByUserPermissionBySysType | caller=com.ait.sy.sys.service.impl.MenuServiceImpl.getMenusByUserPermissionBySysType(MenuServiceImpl.java:37) | command=SELECT | params=[lang='vi', cpnyId='HTSV', userNo='111111', sysType='1'] | sql=SELECT DISTINCT m.MENU_NO, m.MENU_PARENT_NO, m.MENU_CODE, GET_GLOBAL_NAME(m.MENU_NO, 'vi') AS MENU_NAME, m.MENU_IMG, m.MENU_URL, m.DEPTH, m.ORDERNO AS ORDER_NO, m.ACTIVITY FROM SY_MENU m JOIN SY_MENU_PARAM mp ON m.MENU_NO = mp.MENU_NO AND mp.CPNY_ID = 'HTSV' INNER JOIN SY_ROLE_RELATION rr ON m.MENU_NO = rr.MENU_NO INNER JOIN SY_ROLE r ON rr.ROLE_NO = r.ROLE_NO INNER JOIN SY_ROLE_GROUP_RELATION rgr ON rr.ROLE_NO = rgr.ROLE_NO INNER JOIN SY_ROLE_GROUP rg ON rgr.ROLE_GROUP_NO = rg.ROLE_GROUP_NO INNER JOIN SY_USER_RELATION ur ON rgr.ROLE_GROUP_NO = ur.ROLE_GROUP_NO WHERE ur.USER_NO = '111111' AND m.ACTIVITY = 1 AND rr.ACTIVITY = 1 AND r.ACTIVITY = 1 AND rgr.ACTIVITY = 1 AND rg.ACTIVITY = 1 AND ur.ACTIVITY = 1 AND rr.SELECTR = 1 AND NVL(TO_CHAR(rg.SYS_TYPE), '0') = '1' ORDER BY m.DEPTH, m.ORDERNO
2026-08-31 15:38:21.420 INFO  [c.a.config.SqlOnlyInterceptor] SQL Result  | mapper=com.ait.ess.infoApply.mapper.EssPersonOtInfoMapper.selectPersonOtList | caller=com.ait.ess.infoApply.service.impl.EssPersonOtInfoServiceImpl.getPersonOtList(EssPersonOtInfoServiceImpl.java:39) | rowsReturned=0 | took=27 ms
2026-08-31 15:38:21.483 INFO  [c.a.config.SqlOnlyInterceptor] SQL Result  | mapper=com.ait.sy.sys.mapper.MenuMapper.getMenusByUserPermissionBySysType | caller=com.ait.sy.sys.service.impl.MenuServiceImpl.getMenusByUserPermissionBySysType(MenuServiceImpl.java:37) | rowsReturned=76 | took=66 ms
2026-08-31 15:38:22.480 INFO  [c.a.config.SqlOnlyInterceptor] SQL Result  | mapper=com.ait.sy.syAffirm.mapper.SyAffirmEmailMapper.countPendingApprovals | caller=com.ait.sy.syAffirm.service.impl.SyAffirmEmailServiceImpl.getPendingApprovalCounts(SyAffirmEmailServiceImpl.java:111) | rowsReturned=1 | took=1467 ms
2026-08-31 15:38:22.481 INFO  [c.a.config.SqlOnlyInterceptor] SQL Execute | mapper=com.ait.sy.syAffirm.mapper.SyAffirmEmailMapper.countPendingApprovals | caller=com.ait.sy.syAffirm.service.impl.SyAffirmEmailServiceImpl.getPendingApprovalCounts(SyAffirmEmailServiceImpl.java:114) | command=SELECT | params=[adminID='11111111', applyTypeCodeSearch='218197'] | sql=SELECT COUNT(1) FROM SY_AFFIRM_EMAIL EM WHERE ACTIVITY = 0 AND AFFIRM_PERSON_ID = '11111111' AND APPLY_AFFIRM_FLAG NOT IN ('14014310', '14014309', '14014308') AND APPLY_TYPE_CODE = '218197' AND NOT EXISTS (SELECT 1 FROM ESS_LEAVE_APPLY_TB TB WHERE TB.APPLY_NO = EM.APPLY_NO AND TB.BATCH_YN = 2) AND NOT EXISTS (SELECT 1 FROM ESS_APPLY_OT OT WHERE OT.APPLY_NO = EM.APPLY_NO AND OT.BATCH_YN = 2)
2026-08-31 15:38:22.837 INFO  [c.a.config.SqlOnlyInterceptor] SQL Result  | mapper=com.ait.sy.syAffirm.mapper.SyAffirmEmailMapper.countPendingApprovals | caller=com.ait.sy.syAffirm.service.impl.SyAffirmEmailServiceImpl.getPendingApprovalCounts(SyAffirmEmailServiceImpl.java:105) | rowsReturned=1 | took=1540 ms
2026-08-31 15:38:22.838 INFO  [c.a.config.SqlOnlyInterceptor] SQL Execute | mapper=com.ait.sy.syAffirm.mapper.SyAffirmEmailMapper.countPendingApprovals | caller=com.ait.sy.syAffirm.service.impl.SyAffirmEmailServiceImpl.getPendingApprovalCounts(SyAffirmEmailServiceImpl.java:108) | command=SELECT | params=[adminID='11111111', applyTypeCodeSearch='21'] | sql=SELECT COUNT(1) FROM SY_AFFIRM_EMAIL EM WHERE ACTIVITY = 0 AND AFFIRM_PERSON_ID = '11111111' AND APPLY_AFFIRM_FLAG NOT IN ('14014310', '14014309', '14014308') AND APPLY_TYPE_CODE = '21' AND NOT EXISTS (SELECT 1 FROM ESS_LEAVE_APPLY_TB TB WHERE TB.APPLY_NO = EM.APPLY_NO AND TB.BATCH_YN = 2) AND NOT EXISTS (SELECT 1 FROM ESS_APPLY_OT OT WHERE OT.APPLY_NO = EM.APPLY_NO AND OT.BATCH_YN = 2)
2026-08-31 15:38:23.539 INFO  [c.a.config.SqlOnlyInterceptor] SQL Result  | mapper=com.ait.sy.syAffirm.mapper.SyAffirmEmailMapper.countPendingApprovals | caller=com.ait.sy.syAffirm.service.impl.SyAffirmEmailServiceImpl.getPendingApprovalCounts(SyAffirmEmailServiceImpl.java:114) | rowsReturned=1 | took=1058 ms
2026-08-31 15:38:24.484 INFO  [c.a.config.SqlOnlyInterceptor] SQL Result  | mapper=com.ait.sy.syAffirm.mapper.SyAffirmEmailMapper.countPendingApprovals | caller=com.ait.sy.syAffirm.service.impl.SyAffirmEmailServiceImpl.getPendingApprovalCounts(SyAffirmEmailServiceImpl.java:108) | rowsReturned=1 | took=1646 ms
2026-08-31 15:38:24.486 INFO  [c.a.config.SqlOnlyInterceptor] SQL Execute | mapper=com.ait.sy.syAffirm.mapper.SyAffirmEmailMapper.countPendingApprovals | caller=com.ait.sy.syAffirm.service.impl.SyAffirmEmailServiceImpl.getPendingApprovalCounts(SyAffirmEmailServiceImpl.java:111) | command=SELECT | params=[adminID='11111111', applyTypeCodeSearch='31'] | sql=SELECT COUNT(1) FROM SY_AFFIRM_EMAIL EM WHERE ACTIVITY = 0 AND AFFIRM_PERSON_ID = '11111111' AND APPLY_AFFIRM_FLAG NOT IN ('14014310', '14014309', '14014308') AND APPLY_TYPE_CODE = '31' AND NOT EXISTS (SELECT 1 FROM ESS_LEAVE_APPLY_TB TB WHERE TB.APPLY_NO = EM.APPLY_NO AND TB.BATCH_YN = 2) AND NOT EXISTS (SELECT 1 FROM ESS_APPLY_OT OT WHERE OT.APPLY_NO = EM.APPLY_NO AND OT.BATCH_YN = 2)
2026-08-31 15:38:25.107 INFO  [c.a.config.SqlOnlyInterceptor] SQL Execute | mapper=com.ait.sy.syRole.mapper.SyUserMapper.findByUserNo | caller=com.ait.sy.sys.service.impl.PasswordUpdateServiceImpl.verifyOldPassword(PasswordUpdateServiceImpl.java:36) | command=SELECT | params=[userNo='111111'] | sql=SELECT USER_NO, PERSON_ID, CPNY_ID, USER_NAME, PASSWORD, SPECIAL_PARAM, SPECIAL_VALUE, USER_TYPE, PASSWORD_FIRST, PASSWORD_SECOND, PASSWORD_THIRD, CREATE_DATE, CREATED_BY, UPDATE_DATE, UPDATED_BY, ORDERNO, ACTIVITY, PERSONAL_DATA_FLAG, PERSONAL_DATA_UPDATE_DATE, PERSONAL_DATA_UPDATED_IP, PERSONAL_DATA_UPDATED_BY, PERSONAL_SEND_DATA_FLAG, PERSONAL_SEND_DATA_UPDATE_DATE, PERSONAL_SEND_DATA_UPDATED_IP, PERSONAL_SEND_DATA_UPDATED_BY FROM sy_user WHERE USER_NO = '111111'
2026-08-31 15:38:25.127 INFO  [c.a.config.SqlOnlyInterceptor] SQL Result  | mapper=com.ait.sy.syRole.mapper.SyUserMapper.findByUserNo | caller=com.ait.sy.sys.service.impl.PasswordUpdateServiceImpl.verifyOldPassword(PasswordUpdateServiceImpl.java:36) | rowsReturned=1 | took=20 ms
2026-08-31 15:38:25.593 INFO  [c.a.s.s.s.i.LoggingServiceImpl] [SYSTEM_EVENT] API POST /password/api/verify-old-password returned 200 in 527ms [correlationId=4097bef6-befe-4316-b196-d57ba1a13d7e] [ip=0:0:0:0:0:0:0:1] [context={duration=527, referer=http://localhost:8081/dashboard, endpoint=/password/api/verify-old-password, method=POST, responseTime=527, userAgent=Mozilla/5.0 (Windows NT 10.0; Win64; x64) AppleWebKit/537.36 (KHTML, like Gecko) Chrome/152.0.0.0 Safari/537.36 Edg/152.0.0.0, statusCode=200}]
2026-08-31 15:38:27.280 INFO  [c.a.config.SqlOnlyInterceptor] SQL Result  | mapper=com.ait.sy.syAffirm.mapper.SyAffirmEmailMapper.countPendingApprovals | caller=com.ait.sy.syAffirm.service.impl.SyAffirmEmailServiceImpl.getPendingApprovalCounts(SyAffirmEmailServiceImpl.java:111) | rowsReturned=1 | took=2795 ms
2026-08-31 15:38:27.282 INFO  [c.a.config.SqlOnlyInterceptor] SQL Execute | mapper=com.ait.sy.syAffirm.mapper.SyAffirmEmailMapper.countPendingApprovals | caller=com.ait.sy.syAffirm.service.impl.SyAffirmEmailServiceImpl.getPendingApprovalCounts(SyAffirmEmailServiceImpl.java:114) | command=SELECT | params=[adminID='11111111', applyTypeCodeSearch='218197'] | sql=SELECT COUNT(1) FROM SY_AFFIRM_EMAIL EM WHERE ACTIVITY = 0 AND AFFIRM_PERSON_ID = '11111111' AND APPLY_AFFIRM_FLAG NOT IN ('14014310', '14014309', '14014308') AND APPLY_TYPE_CODE = '218197' AND NOT EXISTS (SELECT 1 FROM ESS_LEAVE_APPLY_TB TB WHERE TB.APPLY_NO = EM.APPLY_NO AND TB.BATCH_YN = 2) AND NOT EXISTS (SELECT 1 FROM ESS_APPLY_OT OT WHERE OT.APPLY_NO = EM.APPLY_NO AND OT.BATCH_YN = 2)
2026-08-31 15:38:29.207 INFO  [c.a.config.SqlOnlyInterceptor] SQL Result  | mapper=com.ait.sy.syAffirm.mapper.SyAffirmEmailMapper.countPendingApprovals | caller=com.ait.sy.syAffirm.service.impl.SyAffirmEmailServiceImpl.getPendingApprovalCounts(SyAffirmEmailServiceImpl.java:114) | rowsReturned=1 | took=1925 ms
2026-08-31 15:38:33.182 WARN  [o.s.w.s.m.m.a.ExceptionHandlerExceptionResolver] Resolved [org.springframework.web.servlet.resource.NoResourceFoundException: No static resource js/quill.min.js.map.]
2026-08-31 15:38:33.182 WARN  [o.s.w.s.m.m.a.ExceptionHandlerExceptionResolver] Resolved [org.springframework.web.servlet.resource.NoResourceFoundException: No static resource plugins/moment/moment.min.js.map.]
2026-08-31 15:39:53.715 INFO  [c.a.config.SqlOnlyInterceptor] SQL Execute | mapper=com.ait.sy.syAffirm.mapper.SyAffirmEmailMapper.countPendingApprovals | caller=com.ait.sy.syAffirm.service.impl.SyAffirmEmailServiceImpl.getPendingApprovalCounts(SyAffirmEmailServiceImpl.java:105) | command=SELECT | params=[adminID='11111111'] | sql=SELECT COUNT(1) FROM SY_AFFIRM_EMAIL EM WHERE ACTIVITY = 0 AND AFFIRM_PERSON_ID = '11111111' AND APPLY_AFFIRM_FLAG NOT IN ('14014310', '14014309', '14014308') AND NOT EXISTS (SELECT 1 FROM ESS_LEAVE_APPLY_TB TB WHERE TB.APPLY_NO = EM.APPLY_NO AND TB.BATCH_YN = 2) AND NOT EXISTS (SELECT 1 FROM ESS_APPLY_OT OT WHERE OT.APPLY_NO = EM.APPLY_NO AND OT.BATCH_YN = 2)
2026-08-31 15:39:56.946 INFO  [c.a.config.SqlOnlyInterceptor] SQL Result  | mapper=com.ait.sy.syAffirm.mapper.SyAffirmEmailMapper.countPendingApprovals | caller=com.ait.sy.syAffirm.service.impl.SyAffirmEmailServiceImpl.getPendingApprovalCounts(SyAffirmEmailServiceImpl.java:105) | rowsReturned=1 | took=3231 ms
2026-08-31 15:39:56.948 INFO  [c.a.config.SqlOnlyInterceptor] SQL Execute | mapper=com.ait.sy.syAffirm.mapper.SyAffirmEmailMapper.countPendingApprovals | caller=com.ait.sy.syAffirm.service.impl.SyAffirmEmailServiceImpl.getPendingApprovalCounts(SyAffirmEmailServiceImpl.java:108) | command=SELECT | params=[adminID='11111111', applyTypeCodeSearch='21'] | sql=SELECT COUNT(1) FROM SY_AFFIRM_EMAIL EM WHERE ACTIVITY = 0 AND AFFIRM_PERSON_ID = '11111111' AND APPLY_AFFIRM_FLAG NOT IN ('14014310', '14014309', '14014308') AND APPLY_TYPE_CODE = '21' AND NOT EXISTS (SELECT 1 FROM ESS_LEAVE_APPLY_TB TB WHERE TB.APPLY_NO = EM.APPLY_NO AND TB.BATCH_YN = 2) AND NOT EXISTS (SELECT 1 FROM ESS_APPLY_OT OT WHERE OT.APPLY_NO = EM.APPLY_NO AND OT.BATCH_YN = 2)
2026-08-31 15:39:59.110 INFO  [c.a.config.SqlOnlyInterceptor] SQL Result  | mapper=com.ait.sy.syAffirm.mapper.SyAffirmEmailMapper.countPendingApprovals | caller=com.ait.sy.syAffirm.service.impl.SyAffirmEmailServiceImpl.getPendingApprovalCounts(SyAffirmEmailServiceImpl.java:108) | rowsReturned=1 | took=2162 ms
2026-08-31 15:39:59.112 INFO  [c.a.config.SqlOnlyInterceptor] SQL Execute | mapper=com.ait.sy.syAffirm.mapper.SyAffirmEmailMapper.countPendingApprovals | caller=com.ait.sy.syAffirm.service.impl.SyAffirmEmailServiceImpl.getPendingApprovalCounts(SyAffirmEmailServiceImpl.java:111) | command=SELECT | params=[adminID='11111111', applyTypeCodeSearch='31'] | sql=SELECT COUNT(1) FROM SY_AFFIRM_EMAIL EM WHERE ACTIVITY = 0 AND AFFIRM_PERSON_ID = '11111111' AND APPLY_AFFIRM_FLAG NOT IN ('14014310', '14014309', '14014308') AND APPLY_TYPE_CODE = '31' AND NOT EXISTS (SELECT 1 FROM ESS_LEAVE_APPLY_TB TB WHERE TB.APPLY_NO = EM.APPLY_NO AND TB.BATCH_YN = 2) AND NOT EXISTS (SELECT 1 FROM ESS_APPLY_OT OT WHERE OT.APPLY_NO = EM.APPLY_NO AND OT.BATCH_YN = 2)
2026-08-31 15:40:00.521 INFO  [c.a.config.SqlOnlyInterceptor] SQL Result  | mapper=com.ait.sy.syAffirm.mapper.SyAffirmEmailMapper.countPendingApprovals | caller=com.ait.sy.syAffirm.service.impl.SyAffirmEmailServiceImpl.getPendingApprovalCounts(SyAffirmEmailServiceImpl.java:111) | rowsReturned=1 | took=1410 ms
2026-08-31 15:40:00.527 INFO  [c.a.config.SqlOnlyInterceptor] SQL Execute | mapper=com.ait.sy.syAffirm.mapper.SyAffirmEmailMapper.countPendingApprovals | caller=com.ait.sy.syAffirm.service.impl.SyAffirmEmailServiceImpl.getPendingApprovalCounts(SyAffirmEmailServiceImpl.java:114) | command=SELECT | params=[adminID='11111111', applyTypeCodeSearch='218197'] | sql=SELECT COUNT(1) FROM SY_AFFIRM_EMAIL EM WHERE ACTIVITY = 0 AND AFFIRM_PERSON_ID = '11111111' AND APPLY_AFFIRM_FLAG NOT IN ('14014310', '14014309', '14014308') AND APPLY_TYPE_CODE = '218197' AND NOT EXISTS (SELECT 1 FROM ESS_LEAVE_APPLY_TB TB WHERE TB.APPLY_NO = EM.APPLY_NO AND TB.BATCH_YN = 2) AND NOT EXISTS (SELECT 1 FROM ESS_APPLY_OT OT WHERE OT.APPLY_NO = EM.APPLY_NO AND OT.BATCH_YN = 2)
2026-08-31 15:40:03.407 INFO  [c.a.config.SqlOnlyInterceptor] SQL Result  | mapper=com.ait.sy.syAffirm.mapper.SyAffirmEmailMapper.countPendingApprovals | caller=com.ait.sy.syAffirm.service.impl.SyAffirmEmailServiceImpl.getPendingApprovalCounts(SyAffirmEmailServiceImpl.java:114) | rowsReturned=1 | took=2881 ms
2026-08-31 15:41:21.719 INFO  [c.a.config.SqlOnlyInterceptor] SQL Execute | mapper=com.ait.sy.syAffirm.mapper.SyAffirmEmailMapper.countPendingApprovals | caller=com.ait.sy.syAffirm.service.impl.SyAffirmEmailServiceImpl.getPendingApprovalCounts(SyAffirmEmailServiceImpl.java:105) | command=SELECT | params=[adminID='11111111'] | sql=SELECT COUNT(1) FROM SY_AFFIRM_EMAIL EM WHERE ACTIVITY = 0 AND AFFIRM_PERSON_ID = '11111111' AND APPLY_AFFIRM_FLAG NOT IN ('14014310', '14014309', '14014308') AND NOT EXISTS (SELECT 1 FROM ESS_LEAVE_APPLY_TB TB WHERE TB.APPLY_NO = EM.APPLY_NO AND TB.BATCH_YN = 2) AND NOT EXISTS (SELECT 1 FROM ESS_APPLY_OT OT WHERE OT.APPLY_NO = EM.APPLY_NO AND OT.BATCH_YN = 2)
2026-08-31 15:41:25.648 INFO  [c.a.config.SqlOnlyInterceptor] SQL Result  | mapper=com.ait.sy.syAffirm.mapper.SyAffirmEmailMapper.countPendingApprovals | caller=com.ait.sy.syAffirm.service.impl.SyAffirmEmailServiceImpl.getPendingApprovalCounts(SyAffirmEmailServiceImpl.java:105) | rowsReturned=1 | took=3929 ms
2026-08-31 15:41:25.649 INFO  [c.a.config.SqlOnlyInterceptor] SQL Execute | mapper=com.ait.sy.syAffirm.mapper.SyAffirmEmailMapper.countPendingApprovals | caller=com.ait.sy.syAffirm.service.impl.SyAffirmEmailServiceImpl.getPendingApprovalCounts(SyAffirmEmailServiceImpl.java:108) | command=SELECT | params=[adminID='11111111', applyTypeCodeSearch='21'] | sql=SELECT COUNT(1) FROM SY_AFFIRM_EMAIL EM WHERE ACTIVITY = 0 AND AFFIRM_PERSON_ID = '11111111' AND APPLY_AFFIRM_FLAG NOT IN ('14014310', '14014309', '14014308') AND APPLY_TYPE_CODE = '21' AND NOT EXISTS (SELECT 1 FROM ESS_LEAVE_APPLY_TB TB WHERE TB.APPLY_NO = EM.APPLY_NO AND TB.BATCH_YN = 2) AND NOT EXISTS (SELECT 1 FROM ESS_APPLY_OT OT WHERE OT.APPLY_NO = EM.APPLY_NO AND OT.BATCH_YN = 2)
2026-08-31 15:41:28.917 INFO  [c.a.config.SqlOnlyInterceptor] SQL Result  | mapper=com.ait.sy.syAffirm.mapper.SyAffirmEmailMapper.countPendingApprovals | caller=com.ait.sy.syAffirm.service.impl.SyAffirmEmailServiceImpl.getPendingApprovalCounts(SyAffirmEmailServiceImpl.java:108) | rowsReturned=1 | took=3268 ms
2026-08-31 15:41:28.919 INFO  [c.a.config.SqlOnlyInterceptor] SQL Execute | mapper=com.ait.sy.syAffirm.mapper.SyAffirmEmailMapper.countPendingApprovals | caller=com.ait.sy.syAffirm.service.impl.SyAffirmEmailServiceImpl.getPendingApprovalCounts(SyAffirmEmailServiceImpl.java:111) | command=SELECT | params=[adminID='11111111', applyTypeCodeSearch='31'] | sql=SELECT COUNT(1) FROM SY_AFFIRM_EMAIL EM WHERE ACTIVITY = 0 AND AFFIRM_PERSON_ID = '11111111' AND APPLY_AFFIRM_FLAG NOT IN ('14014310', '14014309', '14014308') AND APPLY_TYPE_CODE = '31' AND NOT EXISTS (SELECT 1 FROM ESS_LEAVE_APPLY_TB TB WHERE TB.APPLY_NO = EM.APPLY_NO AND TB.BATCH_YN = 2) AND NOT EXISTS (SELECT 1 FROM ESS_APPLY_OT OT WHERE OT.APPLY_NO = EM.APPLY_NO AND OT.BATCH_YN = 2)
2026-08-31 15:41:31.411 INFO  [c.a.config.SqlOnlyInterceptor] SQL Result  | mapper=com.ait.sy.syAffirm.mapper.SyAffirmEmailMapper.countPendingApprovals | caller=com.ait.sy.syAffirm.service.impl.SyAffirmEmailServiceImpl.getPendingApprovalCounts(SyAffirmEmailServiceImpl.java:111) | rowsReturned=1 | took=2492 ms
2026-08-31 15:41:31.414 INFO  [c.a.config.SqlOnlyInterceptor] SQL Execute | mapper=com.ait.sy.syAffirm.mapper.SyAffirmEmailMapper.countPendingApprovals | caller=com.ait.sy.syAffirm.service.impl.SyAffirmEmailServiceImpl.getPendingApprovalCounts(SyAffirmEmailServiceImpl.java:114) | command=SELECT | params=[adminID='11111111', applyTypeCodeSearch='218197'] | sql=SELECT COUNT(1) FROM SY_AFFIRM_EMAIL EM WHERE ACTIVITY = 0 AND AFFIRM_PERSON_ID = '11111111' AND APPLY_AFFIRM_FLAG NOT IN ('14014310', '14014309', '14014308') AND APPLY_TYPE_CODE = '218197' AND NOT EXISTS (SELECT 1 FROM ESS_LEAVE_APPLY_TB TB WHERE TB.APPLY_NO = EM.APPLY_NO AND TB.BATCH_YN = 2) AND NOT EXISTS (SELECT 1 FROM ESS_APPLY_OT OT WHERE OT.APPLY_NO = EM.APPLY_NO AND OT.BATCH_YN = 2)
2026-08-31 15:41:32.686 INFO  [c.a.config.SqlOnlyInterceptor] SQL Result  | mapper=com.ait.sy.syAffirm.mapper.SyAffirmEmailMapper.countPendingApprovals | caller=com.ait.sy.syAffirm.service.impl.SyAffirmEmailServiceImpl.getPendingApprovalCounts(SyAffirmEmailServiceImpl.java:114) | rowsReturned=1 | took=1271 ms
2026-08-31 15:42:53.275 INFO  [c.a.config.SqlOnlyInterceptor] SQL Execute | mapper=com.ait.sy.syAffirm.mapper.SyAffirmEmailMapper.countPendingApprovals | caller=com.ait.sy.syAffirm.service.impl.SyAffirmEmailServiceImpl.getPendingApprovalCounts(SyAffirmEmailServiceImpl.java:105) | command=SELECT | params=[adminID='11111111'] | sql=SELECT COUNT(1) FROM SY_AFFIRM_EMAIL EM WHERE ACTIVITY = 0 AND AFFIRM_PERSON_ID = '11111111' AND APPLY_AFFIRM_FLAG NOT IN ('14014310', '14014309', '14014308') AND NOT EXISTS (SELECT 1 FROM ESS_LEAVE_APPLY_TB TB WHERE TB.APPLY_NO = EM.APPLY_NO AND TB.BATCH_YN = 2) AND NOT EXISTS (SELECT 1 FROM ESS_APPLY_OT OT WHERE OT.APPLY_NO = EM.APPLY_NO AND OT.BATCH_YN = 2)
2026-08-31 15:42:55.444 INFO  [c.a.config.SqlOnlyInterceptor] SQL Result  | mapper=com.ait.sy.syAffirm.mapper.SyAffirmEmailMapper.countPendingApprovals | caller=com.ait.sy.syAffirm.service.impl.SyAffirmEmailServiceImpl.getPendingApprovalCounts(SyAffirmEmailServiceImpl.java:105) | rowsReturned=1 | took=2169 ms
2026-08-31 15:42:55.445 INFO  [c.a.config.SqlOnlyInterceptor] SQL Execute | mapper=com.ait.sy.syAffirm.mapper.SyAffirmEmailMapper.countPendingApprovals | caller=com.ait.sy.syAffirm.service.impl.SyAffirmEmailServiceImpl.getPendingApprovalCounts(SyAffirmEmailServiceImpl.java:108) | command=SELECT | params=[adminID='11111111', applyTypeCodeSearch='21'] | sql=SELECT COUNT(1) FROM SY_AFFIRM_EMAIL EM WHERE ACTIVITY = 0 AND AFFIRM_PERSON_ID = '11111111' AND APPLY_AFFIRM_FLAG NOT IN ('14014310', '14014309', '14014308') AND APPLY_TYPE_CODE = '21' AND NOT EXISTS (SELECT 1 FROM ESS_LEAVE_APPLY_TB TB WHERE TB.APPLY_NO = EM.APPLY_NO AND TB.BATCH_YN = 2) AND NOT EXISTS (SELECT 1 FROM ESS_APPLY_OT OT WHERE OT.APPLY_NO = EM.APPLY_NO AND OT.BATCH_YN = 2)
2026-08-31 15:42:57.750 INFO  [c.a.config.SqlOnlyInterceptor] SQL Result  | mapper=com.ait.sy.syAffirm.mapper.SyAffirmEmailMapper.countPendingApprovals | caller=com.ait.sy.syAffirm.service.impl.SyAffirmEmailServiceImpl.getPendingApprovalCounts(SyAffirmEmailServiceImpl.java:108) | rowsReturned=1 | took=2305 ms
2026-08-31 15:42:57.752 INFO  [c.a.config.SqlOnlyInterceptor] SQL Execute | mapper=com.ait.sy.syAffirm.mapper.SyAffirmEmailMapper.countPendingApprovals | caller=com.ait.sy.syAffirm.service.impl.SyAffirmEmailServiceImpl.getPendingApprovalCounts(SyAffirmEmailServiceImpl.java:111) | command=SELECT | params=[adminID='11111111', applyTypeCodeSearch='31'] | sql=SELECT COUNT(1) FROM SY_AFFIRM_EMAIL EM WHERE ACTIVITY = 0 AND AFFIRM_PERSON_ID = '11111111' AND APPLY_AFFIRM_FLAG NOT IN ('14014310', '14014309', '14014308') AND APPLY_TYPE_CODE = '31' AND NOT EXISTS (SELECT 1 FROM ESS_LEAVE_APPLY_TB TB WHERE TB.APPLY_NO = EM.APPLY_NO AND TB.BATCH_YN = 2) AND NOT EXISTS (SELECT 1 FROM ESS_APPLY_OT OT WHERE OT.APPLY_NO = EM.APPLY_NO AND OT.BATCH_YN = 2)
2026-08-31 15:43:00.604 INFO  [c.a.config.SqlOnlyInterceptor] SQL Result  | mapper=com.ait.sy.syAffirm.mapper.SyAffirmEmailMapper.countPendingApprovals | caller=com.ait.sy.syAffirm.service.impl.SyAffirmEmailServiceImpl.getPendingApprovalCounts(SyAffirmEmailServiceImpl.java:111) | rowsReturned=1 | took=2853 ms
2026-08-31 15:43:00.607 INFO  [c.a.config.SqlOnlyInterceptor] SQL Execute | mapper=com.ait.sy.syAffirm.mapper.SyAffirmEmailMapper.countPendingApprovals | caller=com.ait.sy.syAffirm.service.impl.SyAffirmEmailServiceImpl.getPendingApprovalCounts(SyAffirmEmailServiceImpl.java:114) | command=SELECT | params=[adminID='11111111', applyTypeCodeSearch='218197'] | sql=SELECT COUNT(1) FROM SY_AFFIRM_EMAIL EM WHERE ACTIVITY = 0 AND AFFIRM_PERSON_ID = '11111111' AND APPLY_AFFIRM_FLAG NOT IN ('14014310', '14014309', '14014308') AND APPLY_TYPE_CODE = '218197' AND NOT EXISTS (SELECT 1 FROM ESS_LEAVE_APPLY_TB TB WHERE TB.APPLY_NO = EM.APPLY_NO AND TB.BATCH_YN = 2) AND NOT EXISTS (SELECT 1 FROM ESS_APPLY_OT OT WHERE OT.APPLY_NO = EM.APPLY_NO AND OT.BATCH_YN = 2)
2026-08-31 15:43:03.690 INFO  [c.a.config.SqlOnlyInterceptor] SQL Result  | mapper=com.ait.sy.syAffirm.mapper.SyAffirmEmailMapper.countPendingApprovals | caller=com.ait.sy.syAffirm.service.impl.SyAffirmEmailServiceImpl.getPendingApprovalCounts(SyAffirmEmailServiceImpl.java:114) | rowsReturned=1 | took=3084 ms
2026-08-31 15:44:21.722 INFO  [c.a.config.SqlOnlyInterceptor] SQL Execute | mapper=com.ait.sy.syAffirm.mapper.SyAffirmEmailMapper.countPendingApprovals | caller=com.ait.sy.syAffirm.service.impl.SyAffirmEmailServiceImpl.getPendingApprovalCounts(SyAffirmEmailServiceImpl.java:105) | command=SELECT | params=[adminID='11111111'] | sql=SELECT COUNT(1) FROM SY_AFFIRM_EMAIL EM WHERE ACTIVITY = 0 AND AFFIRM_PERSON_ID = '11111111' AND APPLY_AFFIRM_FLAG NOT IN ('14014310', '14014309', '14014308') AND NOT EXISTS (SELECT 1 FROM ESS_LEAVE_APPLY_TB TB WHERE TB.APPLY_NO = EM.APPLY_NO AND TB.BATCH_YN = 2) AND NOT EXISTS (SELECT 1 FROM ESS_APPLY_OT OT WHERE OT.APPLY_NO = EM.APPLY_NO AND OT.BATCH_YN = 2)
2026-08-31 15:44:24.531 INFO  [c.a.config.SqlOnlyInterceptor] SQL Result  | mapper=com.ait.sy.syAffirm.mapper.SyAffirmEmailMapper.countPendingApprovals | caller=com.ait.sy.syAffirm.service.impl.SyAffirmEmailServiceImpl.getPendingApprovalCounts(SyAffirmEmailServiceImpl.java:105) | rowsReturned=1 | took=2809 ms
2026-08-31 15:44:24.534 INFO  [c.a.config.SqlOnlyInterceptor] SQL Execute | mapper=com.ait.sy.syAffirm.mapper.SyAffirmEmailMapper.countPendingApprovals | caller=com.ait.sy.syAffirm.service.impl.SyAffirmEmailServiceImpl.getPendingApprovalCounts(SyAffirmEmailServiceImpl.java:108) | command=SELECT | params=[adminID='11111111', applyTypeCodeSearch='21'] | sql=SELECT COUNT(1) FROM SY_AFFIRM_EMAIL EM WHERE ACTIVITY = 0 AND AFFIRM_PERSON_ID = '11111111' AND APPLY_AFFIRM_FLAG NOT IN ('14014310', '14014309', '14014308') AND APPLY_TYPE_CODE = '21' AND NOT EXISTS (SELECT 1 FROM ESS_LEAVE_APPLY_TB TB WHERE TB.APPLY_NO = EM.APPLY_NO AND TB.BATCH_YN = 2) AND NOT EXISTS (SELECT 1 FROM ESS_APPLY_OT OT WHERE OT.APPLY_NO = EM.APPLY_NO AND OT.BATCH_YN = 2)
2026-08-31 15:44:25.231 INFO  [c.a.config.SqlOnlyInterceptor] SQL Result  | mapper=com.ait.sy.syAffirm.mapper.SyAffirmEmailMapper.countPendingApprovals | caller=com.ait.sy.syAffirm.service.impl.SyAffirmEmailServiceImpl.getPendingApprovalCounts(SyAffirmEmailServiceImpl.java:108) | rowsReturned=1 | took=698 ms
2026-08-31 15:44:25.232 INFO  [c.a.config.SqlOnlyInterceptor] SQL Execute | mapper=com.ait.sy.syAffirm.mapper.SyAffirmEmailMapper.countPendingApprovals | caller=com.ait.sy.syAffirm.service.impl.SyAffirmEmailServiceImpl.getPendingApprovalCounts(SyAffirmEmailServiceImpl.java:111) | command=SELECT | params=[adminID='11111111', applyTypeCodeSearch='31'] | sql=SELECT COUNT(1) FROM SY_AFFIRM_EMAIL EM WHERE ACTIVITY = 0 AND AFFIRM_PERSON_ID = '11111111' AND APPLY_AFFIRM_FLAG NOT IN ('14014310', '14014309', '14014308') AND APPLY_TYPE_CODE = '31' AND NOT EXISTS (SELECT 1 FROM ESS_LEAVE_APPLY_TB TB WHERE TB.APPLY_NO = EM.APPLY_NO AND TB.BATCH_YN = 2) AND NOT EXISTS (SELECT 1 FROM ESS_APPLY_OT OT WHERE OT.APPLY_NO = EM.APPLY_NO AND OT.BATCH_YN = 2)
2026-08-31 15:44:26.028 INFO  [c.a.config.SqlOnlyInterceptor] SQL Result  | mapper=com.ait.sy.syAffirm.mapper.SyAffirmEmailMapper.countPendingApprovals | caller=com.ait.sy.syAffirm.service.impl.SyAffirmEmailServiceImpl.getPendingApprovalCounts(SyAffirmEmailServiceImpl.java:111) | rowsReturned=1 | took=796 ms
2026-08-31 15:44:26.032 INFO  [c.a.config.SqlOnlyInterceptor] SQL Execute | mapper=com.ait.sy.syAffirm.mapper.SyAffirmEmailMapper.countPendingApprovals | caller=com.ait.sy.syAffirm.service.impl.SyAffirmEmailServiceImpl.getPendingApprovalCounts(SyAffirmEmailServiceImpl.java:114) | command=SELECT | params=[adminID='11111111', applyTypeCodeSearch='218197'] | sql=SELECT COUNT(1) FROM SY_AFFIRM_EMAIL EM WHERE ACTIVITY = 0 AND AFFIRM_PERSON_ID = '11111111' AND APPLY_AFFIRM_FLAG NOT IN ('14014310', '14014309', '14014308') AND APPLY_TYPE_CODE = '218197' AND NOT EXISTS (SELECT 1 FROM ESS_LEAVE_APPLY_TB TB WHERE TB.APPLY_NO = EM.APPLY_NO AND TB.BATCH_YN = 2) AND NOT EXISTS (SELECT 1 FROM ESS_APPLY_OT OT WHERE OT.APPLY_NO = EM.APPLY_NO AND OT.BATCH_YN = 2)
2026-08-31 15:44:28.264 INFO  [c.a.config.SqlOnlyInterceptor] SQL Result  | mapper=com.ait.sy.syAffirm.mapper.SyAffirmEmailMapper.countPendingApprovals | caller=com.ait.sy.syAffirm.service.impl.SyAffirmEmailServiceImpl.getPendingApprovalCounts(SyAffirmEmailServiceImpl.java:114) | rowsReturned=1 | took=2232 ms
2026-08-31 15:45:53.716 INFO  [c.a.config.SqlOnlyInterceptor] SQL Execute | mapper=com.ait.sy.syAffirm.mapper.SyAffirmEmailMapper.countPendingApprovals | caller=com.ait.sy.syAffirm.service.impl.SyAffirmEmailServiceImpl.getPendingApprovalCounts(SyAffirmEmailServiceImpl.java:105) | command=SELECT | params=[adminID='11111111'] | sql=SELECT COUNT(1) FROM SY_AFFIRM_EMAIL EM WHERE ACTIVITY = 0 AND AFFIRM_PERSON_ID = '11111111' AND APPLY_AFFIRM_FLAG NOT IN ('14014310', '14014309', '14014308') AND NOT EXISTS (SELECT 1 FROM ESS_LEAVE_APPLY_TB TB WHERE TB.APPLY_NO = EM.APPLY_NO AND TB.BATCH_YN = 2) AND NOT EXISTS (SELECT 1 FROM ESS_APPLY_OT OT WHERE OT.APPLY_NO = EM.APPLY_NO AND OT.BATCH_YN = 2)
2026-08-31 15:45:54.718 INFO  [c.a.config.SqlOnlyInterceptor] SQL Result  | mapper=com.ait.sy.syAffirm.mapper.SyAffirmEmailMapper.countPendingApprovals | caller=com.ait.sy.syAffirm.service.impl.SyAffirmEmailServiceImpl.getPendingApprovalCounts(SyAffirmEmailServiceImpl.java:105) | rowsReturned=1 | took=1002 ms
2026-08-31 15:45:54.719 INFO  [c.a.config.SqlOnlyInterceptor] SQL Execute | mapper=com.ait.sy.syAffirm.mapper.SyAffirmEmailMapper.countPendingApprovals | caller=com.ait.sy.syAffirm.service.impl.SyAffirmEmailServiceImpl.getPendingApprovalCounts(SyAffirmEmailServiceImpl.java:108) | command=SELECT | params=[adminID='11111111', applyTypeCodeSearch='21'] | sql=SELECT COUNT(1) FROM SY_AFFIRM_EMAIL EM WHERE ACTIVITY = 0 AND AFFIRM_PERSON_ID = '11111111' AND APPLY_AFFIRM_FLAG NOT IN ('14014310', '14014309', '14014308') AND APPLY_TYPE_CODE = '21' AND NOT EXISTS (SELECT 1 FROM ESS_LEAVE_APPLY_TB TB WHERE TB.APPLY_NO = EM.APPLY_NO AND TB.BATCH_YN = 2) AND NOT EXISTS (SELECT 1 FROM ESS_APPLY_OT OT WHERE OT.APPLY_NO = EM.APPLY_NO AND OT.BATCH_YN = 2)
2026-08-31 15:45:55.600 INFO  [c.a.config.SqlOnlyInterceptor] SQL Result  | mapper=com.ait.sy.syAffirm.mapper.SyAffirmEmailMapper.countPendingApprovals | caller=com.ait.sy.syAffirm.service.impl.SyAffirmEmailServiceImpl.getPendingApprovalCounts(SyAffirmEmailServiceImpl.java:108) | rowsReturned=1 | took=881 ms
2026-08-31 15:45:55.602 INFO  [c.a.config.SqlOnlyInterceptor] SQL Execute | mapper=com.ait.sy.syAffirm.mapper.SyAffirmEmailMapper.countPendingApprovals | caller=com.ait.sy.syAffirm.service.impl.SyAffirmEmailServiceImpl.getPendingApprovalCounts(SyAffirmEmailServiceImpl.java:111) | command=SELECT | params=[adminID='11111111', applyTypeCodeSearch='31'] | sql=SELECT COUNT(1) FROM SY_AFFIRM_EMAIL EM WHERE ACTIVITY = 0 AND AFFIRM_PERSON_ID = '11111111' AND APPLY_AFFIRM_FLAG NOT IN ('14014310', '14014309', '14014308') AND APPLY_TYPE_CODE = '31' AND NOT EXISTS (SELECT 1 FROM ESS_LEAVE_APPLY_TB TB WHERE TB.APPLY_NO = EM.APPLY_NO AND TB.BATCH_YN = 2) AND NOT EXISTS (SELECT 1 FROM ESS_APPLY_OT OT WHERE OT.APPLY_NO = EM.APPLY_NO AND OT.BATCH_YN = 2)
2026-08-31 15:45:56.572 INFO  [c.a.config.SqlOnlyInterceptor] SQL Result  | mapper=com.ait.sy.syAffirm.mapper.SyAffirmEmailMapper.countPendingApprovals | caller=com.ait.sy.syAffirm.service.impl.SyAffirmEmailServiceImpl.getPendingApprovalCounts(SyAffirmEmailServiceImpl.java:111) | rowsReturned=1 | took=970 ms
2026-08-31 15:45:56.578 INFO  [c.a.config.SqlOnlyInterceptor] SQL Execute | mapper=com.ait.sy.syAffirm.mapper.SyAffirmEmailMapper.countPendingApprovals | caller=com.ait.sy.syAffirm.service.impl.SyAffirmEmailServiceImpl.getPendingApprovalCounts(SyAffirmEmailServiceImpl.java:114) | command=SELECT | params=[adminID='11111111', applyTypeCodeSearch='218197'] | sql=SELECT COUNT(1) FROM SY_AFFIRM_EMAIL EM WHERE ACTIVITY = 0 AND AFFIRM_PERSON_ID = '11111111' AND APPLY_AFFIRM_FLAG NOT IN ('14014310', '14014309', '14014308') AND APPLY_TYPE_CODE = '218197' AND NOT EXISTS (SELECT 1 FROM ESS_LEAVE_APPLY_TB TB WHERE TB.APPLY_NO = EM.APPLY_NO AND TB.BATCH_YN = 2) AND NOT EXISTS (SELECT 1 FROM ESS_APPLY_OT OT WHERE OT.APPLY_NO = EM.APPLY_NO AND OT.BATCH_YN = 2)
2026-08-31 15:45:57.388 INFO  [c.a.config.SqlOnlyInterceptor] SQL Result  | mapper=com.ait.sy.syAffirm.mapper.SyAffirmEmailMapper.countPendingApprovals | caller=com.ait.sy.syAffirm.service.impl.SyAffirmEmailServiceImpl.getPendingApprovalCounts(SyAffirmEmailServiceImpl.java:114) | rowsReturned=1 | took=811 ms
2026-08-31 15:48:53.721 INFO  [c.a.config.SqlOnlyInterceptor] SQL Execute | mapper=com.ait.sy.syAffirm.mapper.SyAffirmEmailMapper.countPendingApprovals | caller=com.ait.sy.syAffirm.service.impl.SyAffirmEmailServiceImpl.getPendingApprovalCounts(SyAffirmEmailServiceImpl.java:105) | command=SELECT | params=[adminID='11111111'] | sql=SELECT COUNT(1) FROM SY_AFFIRM_EMAIL EM WHERE ACTIVITY = 0 AND AFFIRM_PERSON_ID = '11111111' AND APPLY_AFFIRM_FLAG NOT IN ('14014310', '14014309', '14014308') AND NOT EXISTS (SELECT 1 FROM ESS_LEAVE_APPLY_TB TB WHERE TB.APPLY_NO = EM.APPLY_NO AND TB.BATCH_YN = 2) AND NOT EXISTS (SELECT 1 FROM ESS_APPLY_OT OT WHERE OT.APPLY_NO = EM.APPLY_NO AND OT.BATCH_YN = 2)
2026-08-31 15:48:56.084 INFO  [c.a.config.SqlOnlyInterceptor] SQL Result  | mapper=com.ait.sy.syAffirm.mapper.SyAffirmEmailMapper.countPendingApprovals | caller=com.ait.sy.syAffirm.service.impl.SyAffirmEmailServiceImpl.getPendingApprovalCounts(SyAffirmEmailServiceImpl.java:105) | rowsReturned=1 | took=2362 ms
2026-08-31 15:48:56.085 INFO  [c.a.config.SqlOnlyInterceptor] SQL Execute | mapper=com.ait.sy.syAffirm.mapper.SyAffirmEmailMapper.countPendingApprovals | caller=com.ait.sy.syAffirm.service.impl.SyAffirmEmailServiceImpl.getPendingApprovalCounts(SyAffirmEmailServiceImpl.java:108) | command=SELECT | params=[adminID='11111111', applyTypeCodeSearch='21'] | sql=SELECT COUNT(1) FROM SY_AFFIRM_EMAIL EM WHERE ACTIVITY = 0 AND AFFIRM_PERSON_ID = '11111111' AND APPLY_AFFIRM_FLAG NOT IN ('14014310', '14014309', '14014308') AND APPLY_TYPE_CODE = '21' AND NOT EXISTS (SELECT 1 FROM ESS_LEAVE_APPLY_TB TB WHERE TB.APPLY_NO = EM.APPLY_NO AND TB.BATCH_YN = 2) AND NOT EXISTS (SELECT 1 FROM ESS_APPLY_OT OT WHERE OT.APPLY_NO = EM.APPLY_NO AND OT.BATCH_YN = 2)
2026-08-31 15:48:59.295 INFO  [c.a.config.SqlOnlyInterceptor] SQL Result  | mapper=com.ait.sy.syAffirm.mapper.SyAffirmEmailMapper.countPendingApprovals | caller=com.ait.sy.syAffirm.service.impl.SyAffirmEmailServiceImpl.getPendingApprovalCounts(SyAffirmEmailServiceImpl.java:108) | rowsReturned=1 | took=3210 ms
2026-08-31 15:48:59.299 INFO  [c.a.config.SqlOnlyInterceptor] SQL Execute | mapper=com.ait.sy.syAffirm.mapper.SyAffirmEmailMapper.countPendingApprovals | caller=com.ait.sy.syAffirm.service.impl.SyAffirmEmailServiceImpl.getPendingApprovalCounts(SyAffirmEmailServiceImpl.java:111) | command=SELECT | params=[adminID='11111111', applyTypeCodeSearch='31'] | sql=SELECT COUNT(1) FROM SY_AFFIRM_EMAIL EM WHERE ACTIVITY = 0 AND AFFIRM_PERSON_ID = '11111111' AND APPLY_AFFIRM_FLAG NOT IN ('14014310', '14014309', '14014308') AND APPLY_TYPE_CODE = '31' AND NOT EXISTS (SELECT 1 FROM ESS_LEAVE_APPLY_TB TB WHERE TB.APPLY_NO = EM.APPLY_NO AND TB.BATCH_YN = 2) AND NOT EXISTS (SELECT 1 FROM ESS_APPLY_OT OT WHERE OT.APPLY_NO = EM.APPLY_NO AND OT.BATCH_YN = 2)
2026-08-31 15:49:01.549 INFO  [c.a.config.SqlOnlyInterceptor] SQL Result  | mapper=com.ait.sy.syAffirm.mapper.SyAffirmEmailMapper.countPendingApprovals | caller=com.ait.sy.syAffirm.service.impl.SyAffirmEmailServiceImpl.getPendingApprovalCounts(SyAffirmEmailServiceImpl.java:111) | rowsReturned=1 | took=2250 ms
2026-08-31 15:49:01.552 INFO  [c.a.config.SqlOnlyInterceptor] SQL Execute | mapper=com.ait.sy.syAffirm.mapper.SyAffirmEmailMapper.countPendingApprovals | caller=com.ait.sy.syAffirm.service.impl.SyAffirmEmailServiceImpl.getPendingApprovalCounts(SyAffirmEmailServiceImpl.java:114) | command=SELECT | params=[adminID='11111111', applyTypeCodeSearch='218197'] | sql=SELECT COUNT(1) FROM SY_AFFIRM_EMAIL EM WHERE ACTIVITY = 0 AND AFFIRM_PERSON_ID = '11111111' AND APPLY_AFFIRM_FLAG NOT IN ('14014310', '14014309', '14014308') AND APPLY_TYPE_CODE = '218197' AND NOT EXISTS (SELECT 1 FROM ESS_LEAVE_APPLY_TB TB WHERE TB.APPLY_NO = EM.APPLY_NO AND TB.BATCH_YN = 2) AND NOT EXISTS (SELECT 1 FROM ESS_APPLY_OT OT WHERE OT.APPLY_NO = EM.APPLY_NO AND OT.BATCH_YN = 2)
2026-08-31 15:49:04.277 INFO  [c.a.config.SqlOnlyInterceptor] SQL Result  | mapper=com.ait.sy.syAffirm.mapper.SyAffirmEmailMapper.countPendingApprovals | caller=com.ait.sy.syAffirm.service.impl.SyAffirmEmailServiceImpl.getPendingApprovalCounts(SyAffirmEmailServiceImpl.java:114) | rowsReturned=1 | took=2726 ms
2026-08-31 15:51:53.713 INFO  [c.a.config.SqlOnlyInterceptor] SQL Execute | mapper=com.ait.sy.syAffirm.mapper.SyAffirmEmailMapper.countPendingApprovals | caller=com.ait.sy.syAffirm.service.impl.SyAffirmEmailServiceImpl.getPendingApprovalCounts(SyAffirmEmailServiceImpl.java:105) | command=SELECT | params=[adminID='11111111'] | sql=SELECT COUNT(1) FROM SY_AFFIRM_EMAIL EM WHERE ACTIVITY = 0 AND AFFIRM_PERSON_ID = '11111111' AND APPLY_AFFIRM_FLAG NOT IN ('14014310', '14014309', '14014308') AND NOT EXISTS (SELECT 1 FROM ESS_LEAVE_APPLY_TB TB WHERE TB.APPLY_NO = EM.APPLY_NO AND TB.BATCH_YN = 2) AND NOT EXISTS (SELECT 1 FROM ESS_APPLY_OT OT WHERE OT.APPLY_NO = EM.APPLY_NO AND OT.BATCH_YN = 2)
2026-08-31 15:51:54.655 INFO  [c.a.config.SqlOnlyInterceptor] SQL Result  | mapper=com.ait.sy.syAffirm.mapper.SyAffirmEmailMapper.countPendingApprovals | caller=com.ait.sy.syAffirm.service.impl.SyAffirmEmailServiceImpl.getPendingApprovalCounts(SyAffirmEmailServiceImpl.java:105) | rowsReturned=1 | took=942 ms
2026-08-31 15:51:54.655 INFO  [c.a.config.SqlOnlyInterceptor] SQL Execute | mapper=com.ait.sy.syAffirm.mapper.SyAffirmEmailMapper.countPendingApprovals | caller=com.ait.sy.syAffirm.service.impl.SyAffirmEmailServiceImpl.getPendingApprovalCounts(SyAffirmEmailServiceImpl.java:108) | command=SELECT | params=[adminID='11111111', applyTypeCodeSearch='21'] | sql=SELECT COUNT(1) FROM SY_AFFIRM_EMAIL EM WHERE ACTIVITY = 0 AND AFFIRM_PERSON_ID = '11111111' AND APPLY_AFFIRM_FLAG NOT IN ('14014310', '14014309', '14014308') AND APPLY_TYPE_CODE = '21' AND NOT EXISTS (SELECT 1 FROM ESS_LEAVE_APPLY_TB TB WHERE TB.APPLY_NO = EM.APPLY_NO AND TB.BATCH_YN = 2) AND NOT EXISTS (SELECT 1 FROM ESS_APPLY_OT OT WHERE OT.APPLY_NO = EM.APPLY_NO AND OT.BATCH_YN = 2)
2026-08-31 15:51:55.523 INFO  [c.a.config.SqlOnlyInterceptor] SQL Result  | mapper=com.ait.sy.syAffirm.mapper.SyAffirmEmailMapper.countPendingApprovals | caller=com.ait.sy.syAffirm.service.impl.SyAffirmEmailServiceImpl.getPendingApprovalCounts(SyAffirmEmailServiceImpl.java:108) | rowsReturned=1 | took=868 ms
2026-08-31 15:51:55.524 INFO  [c.a.config.SqlOnlyInterceptor] SQL Execute | mapper=com.ait.sy.syAffirm.mapper.SyAffirmEmailMapper.countPendingApprovals | caller=com.ait.sy.syAffirm.service.impl.SyAffirmEmailServiceImpl.getPendingApprovalCounts(SyAffirmEmailServiceImpl.java:111) | command=SELECT | params=[adminID='11111111', applyTypeCodeSearch='31'] | sql=SELECT COUNT(1) FROM SY_AFFIRM_EMAIL EM WHERE ACTIVITY = 0 AND AFFIRM_PERSON_ID = '11111111' AND APPLY_AFFIRM_FLAG NOT IN ('14014310', '14014309', '14014308') AND APPLY_TYPE_CODE = '31' AND NOT EXISTS (SELECT 1 FROM ESS_LEAVE_APPLY_TB TB WHERE TB.APPLY_NO = EM.APPLY_NO AND TB.BATCH_YN = 2) AND NOT EXISTS (SELECT 1 FROM ESS_APPLY_OT OT WHERE OT.APPLY_NO = EM.APPLY_NO AND OT.BATCH_YN = 2)
2026-08-31 15:51:56.291 INFO  [c.a.config.SqlOnlyInterceptor] SQL Result  | mapper=com.ait.sy.syAffirm.mapper.SyAffirmEmailMapper.countPendingApprovals | caller=com.ait.sy.syAffirm.service.impl.SyAffirmEmailServiceImpl.getPendingApprovalCounts(SyAffirmEmailServiceImpl.java:111) | rowsReturned=1 | took=767 ms
2026-08-31 15:51:56.295 INFO  [c.a.config.SqlOnlyInterceptor] SQL Execute | mapper=com.ait.sy.syAffirm.mapper.SyAffirmEmailMapper.countPendingApprovals | caller=com.ait.sy.syAffirm.service.impl.SyAffirmEmailServiceImpl.getPendingApprovalCounts(SyAffirmEmailServiceImpl.java:114) | command=SELECT | params=[adminID='11111111', applyTypeCodeSearch='218197'] | sql=SELECT COUNT(1) FROM SY_AFFIRM_EMAIL EM WHERE ACTIVITY = 0 AND AFFIRM_PERSON_ID = '11111111' AND APPLY_AFFIRM_FLAG NOT IN ('14014310', '14014309', '14014308') AND APPLY_TYPE_CODE = '218197' AND NOT EXISTS (SELECT 1 FROM ESS_LEAVE_APPLY_TB TB WHERE TB.APPLY_NO = EM.APPLY_NO AND TB.BATCH_YN = 2) AND NOT EXISTS (SELECT 1 FROM ESS_APPLY_OT OT WHERE OT.APPLY_NO = EM.APPLY_NO AND OT.BATCH_YN = 2)
2026-08-31 15:51:57.244 INFO  [c.a.config.SqlOnlyInterceptor] SQL Result  | mapper=com.ait.sy.syAffirm.mapper.SyAffirmEmailMapper.countPendingApprovals | caller=com.ait.sy.syAffirm.service.impl.SyAffirmEmailServiceImpl.getPendingApprovalCounts(SyAffirmEmailServiceImpl.java:114) | rowsReturned=1 | took=949 ms
2026-08-31 15:54:53.712 INFO  [c.a.config.SqlOnlyInterceptor] SQL Execute | mapper=com.ait.sy.syAffirm.mapper.SyAffirmEmailMapper.countPendingApprovals | caller=com.ait.sy.syAffirm.service.impl.SyAffirmEmailServiceImpl.getPendingApprovalCounts(SyAffirmEmailServiceImpl.java:105) | command=SELECT | params=[adminID='11111111'] | sql=SELECT COUNT(1) FROM SY_AFFIRM_EMAIL EM WHERE ACTIVITY = 0 AND AFFIRM_PERSON_ID = '11111111' AND APPLY_AFFIRM_FLAG NOT IN ('14014310', '14014309', '14014308') AND NOT EXISTS (SELECT 1 FROM ESS_LEAVE_APPLY_TB TB WHERE TB.APPLY_NO = EM.APPLY_NO AND TB.BATCH_YN = 2) AND NOT EXISTS (SELECT 1 FROM ESS_APPLY_OT OT WHERE OT.APPLY_NO = EM.APPLY_NO AND OT.BATCH_YN = 2)
2026-08-31 15:54:54.798 INFO  [c.a.config.SqlOnlyInterceptor] SQL Result  | mapper=com.ait.sy.syAffirm.mapper.SyAffirmEmailMapper.countPendingApprovals | caller=com.ait.sy.syAffirm.service.impl.SyAffirmEmailServiceImpl.getPendingApprovalCounts(SyAffirmEmailServiceImpl.java:105) | rowsReturned=1 | took=1086 ms
2026-08-31 15:54:54.799 INFO  [c.a.config.SqlOnlyInterceptor] SQL Execute | mapper=com.ait.sy.syAffirm.mapper.SyAffirmEmailMapper.countPendingApprovals | caller=com.ait.sy.syAffirm.service.impl.SyAffirmEmailServiceImpl.getPendingApprovalCounts(SyAffirmEmailServiceImpl.java:108) | command=SELECT | params=[adminID='11111111', applyTypeCodeSearch='21'] | sql=SELECT COUNT(1) FROM SY_AFFIRM_EMAIL EM WHERE ACTIVITY = 0 AND AFFIRM_PERSON_ID = '11111111' AND APPLY_AFFIRM_FLAG NOT IN ('14014310', '14014309', '14014308') AND APPLY_TYPE_CODE = '21' AND NOT EXISTS (SELECT 1 FROM ESS_LEAVE_APPLY_TB TB WHERE TB.APPLY_NO = EM.APPLY_NO AND TB.BATCH_YN = 2) AND NOT EXISTS (SELECT 1 FROM ESS_APPLY_OT OT WHERE OT.APPLY_NO = EM.APPLY_NO AND OT.BATCH_YN = 2)
2026-08-31 15:54:56.341 INFO  [c.a.config.SqlOnlyInterceptor] SQL Result  | mapper=com.ait.sy.syAffirm.mapper.SyAffirmEmailMapper.countPendingApprovals | caller=com.ait.sy.syAffirm.service.impl.SyAffirmEmailServiceImpl.getPendingApprovalCounts(SyAffirmEmailServiceImpl.java:108) | rowsReturned=1 | took=1542 ms
2026-08-31 15:54:56.342 INFO  [c.a.config.SqlOnlyInterceptor] SQL Execute | mapper=com.ait.sy.syAffirm.mapper.SyAffirmEmailMapper.countPendingApprovals | caller=com.ait.sy.syAffirm.service.impl.SyAffirmEmailServiceImpl.getPendingApprovalCounts(SyAffirmEmailServiceImpl.java:111) | command=SELECT | params=[adminID='11111111', applyTypeCodeSearch='31'] | sql=SELECT COUNT(1) FROM SY_AFFIRM_EMAIL EM WHERE ACTIVITY = 0 AND AFFIRM_PERSON_ID = '11111111' AND APPLY_AFFIRM_FLAG NOT IN ('14014310', '14014309', '14014308') AND APPLY_TYPE_CODE = '31' AND NOT EXISTS (SELECT 1 FROM ESS_LEAVE_APPLY_TB TB WHERE TB.APPLY_NO = EM.APPLY_NO AND TB.BATCH_YN = 2) AND NOT EXISTS (SELECT 1 FROM ESS_APPLY_OT OT WHERE OT.APPLY_NO = EM.APPLY_NO AND OT.BATCH_YN = 2)
2026-08-31 15:54:59.032 INFO  [c.a.config.SqlOnlyInterceptor] SQL Result  | mapper=com.ait.sy.syAffirm.mapper.SyAffirmEmailMapper.countPendingApprovals | caller=com.ait.sy.syAffirm.service.impl.SyAffirmEmailServiceImpl.getPendingApprovalCounts(SyAffirmEmailServiceImpl.java:111) | rowsReturned=1 | took=2690 ms
2026-08-31 15:54:59.033 INFO  [c.a.config.SqlOnlyInterceptor] SQL Execute | mapper=com.ait.sy.syAffirm.mapper.SyAffirmEmailMapper.countPendingApprovals | caller=com.ait.sy.syAffirm.service.impl.SyAffirmEmailServiceImpl.getPendingApprovalCounts(SyAffirmEmailServiceImpl.java:114) | command=SELECT | params=[adminID='11111111', applyTypeCodeSearch='218197'] | sql=SELECT COUNT(1) FROM SY_AFFIRM_EMAIL EM WHERE ACTIVITY = 0 AND AFFIRM_PERSON_ID = '11111111' AND APPLY_AFFIRM_FLAG NOT IN ('14014310', '14014309', '14014308') AND APPLY_TYPE_CODE = '218197' AND NOT EXISTS (SELECT 1 FROM ESS_LEAVE_APPLY_TB TB WHERE TB.APPLY_NO = EM.APPLY_NO AND TB.BATCH_YN = 2) AND NOT EXISTS (SELECT 1 FROM ESS_APPLY_OT OT WHERE OT.APPLY_NO = EM.APPLY_NO AND OT.BATCH_YN = 2)
2026-08-31 15:55:00.687 INFO  [c.a.config.SqlOnlyInterceptor] SQL Result  | mapper=com.ait.sy.syAffirm.mapper.SyAffirmEmailMapper.countPendingApprovals | caller=com.ait.sy.syAffirm.service.impl.SyAffirmEmailServiceImpl.getPendingApprovalCounts(SyAffirmEmailServiceImpl.java:114) | rowsReturned=1 | took=1654 ms
2026-08-31 16:01:57.031 INFO  [c.a.config.SqlOnlyInterceptor] SQL Execute | mapper=com.ait.sy.syAffirm.mapper.SyAffirmEmailMapper.countPendingApprovals | caller=com.ait.sy.syAffirm.service.impl.SyAffirmEmailServiceImpl.getPendingApprovalCounts(SyAffirmEmailServiceImpl.java:105) | command=SELECT | params=[adminID='11111111'] | sql=SELECT COUNT(1) FROM SY_AFFIRM_EMAIL EM WHERE ACTIVITY = 0 AND AFFIRM_PERSON_ID = '11111111' AND APPLY_AFFIRM_FLAG NOT IN ('14014310', '14014309', '14014308') AND NOT EXISTS (SELECT 1 FROM ESS_LEAVE_APPLY_TB TB WHERE TB.APPLY_NO = EM.APPLY_NO AND TB.BATCH_YN = 2) AND NOT EXISTS (SELECT 1 FROM ESS_APPLY_OT OT WHERE OT.APPLY_NO = EM.APPLY_NO AND OT.BATCH_YN = 2)
2026-08-31 16:01:59.303 INFO  [c.a.config.SqlOnlyInterceptor] SQL Result  | mapper=com.ait.sy.syAffirm.mapper.SyAffirmEmailMapper.countPendingApprovals | caller=com.ait.sy.syAffirm.service.impl.SyAffirmEmailServiceImpl.getPendingApprovalCounts(SyAffirmEmailServiceImpl.java:105) | rowsReturned=1 | took=2272 ms
2026-08-31 16:01:59.304 INFO  [c.a.config.SqlOnlyInterceptor] SQL Execute | mapper=com.ait.sy.syAffirm.mapper.SyAffirmEmailMapper.countPendingApprovals | caller=com.ait.sy.syAffirm.service.impl.SyAffirmEmailServiceImpl.getPendingApprovalCounts(SyAffirmEmailServiceImpl.java:108) | command=SELECT | params=[adminID='11111111', applyTypeCodeSearch='21'] | sql=SELECT COUNT(1) FROM SY_AFFIRM_EMAIL EM WHERE ACTIVITY = 0 AND AFFIRM_PERSON_ID = '11111111' AND APPLY_AFFIRM_FLAG NOT IN ('14014310', '14014309', '14014308') AND APPLY_TYPE_CODE = '21' AND NOT EXISTS (SELECT 1 FROM ESS_LEAVE_APPLY_TB TB WHERE TB.APPLY_NO = EM.APPLY_NO AND TB.BATCH_YN = 2) AND NOT EXISTS (SELECT 1 FROM ESS_APPLY_OT OT WHERE OT.APPLY_NO = EM.APPLY_NO AND OT.BATCH_YN = 2)
2026-08-31 16:02:01.597 INFO  [c.a.config.SqlOnlyInterceptor] SQL Result  | mapper=com.ait.sy.syAffirm.mapper.SyAffirmEmailMapper.countPendingApprovals | caller=com.ait.sy.syAffirm.service.impl.SyAffirmEmailServiceImpl.getPendingApprovalCounts(SyAffirmEmailServiceImpl.java:108) | rowsReturned=1 | took=2293 ms
2026-08-31 16:02:01.600 INFO  [c.a.config.SqlOnlyInterceptor] SQL Execute | mapper=com.ait.sy.syAffirm.mapper.SyAffirmEmailMapper.countPendingApprovals | caller=com.ait.sy.syAffirm.service.impl.SyAffirmEmailServiceImpl.getPendingApprovalCounts(SyAffirmEmailServiceImpl.java:111) | command=SELECT | params=[adminID='11111111', applyTypeCodeSearch='31'] | sql=SELECT COUNT(1) FROM SY_AFFIRM_EMAIL EM WHERE ACTIVITY = 0 AND AFFIRM_PERSON_ID = '11111111' AND APPLY_AFFIRM_FLAG NOT IN ('14014310', '14014309', '14014308') AND APPLY_TYPE_CODE = '31' AND NOT EXISTS (SELECT 1 FROM ESS_LEAVE_APPLY_TB TB WHERE TB.APPLY_NO = EM.APPLY_NO AND TB.BATCH_YN = 2) AND NOT EXISTS (SELECT 1 FROM ESS_APPLY_OT OT WHERE OT.APPLY_NO = EM.APPLY_NO AND OT.BATCH_YN = 2)
2026-08-31 16:02:02.729 INFO  [c.a.config.SqlOnlyInterceptor] SQL Result  | mapper=com.ait.sy.syAffirm.mapper.SyAffirmEmailMapper.countPendingApprovals | caller=com.ait.sy.syAffirm.service.impl.SyAffirmEmailServiceImpl.getPendingApprovalCounts(SyAffirmEmailServiceImpl.java:111) | rowsReturned=1 | took=1132 ms
2026-08-31 16:02:02.734 INFO  [c.a.config.SqlOnlyInterceptor] SQL Execute | mapper=com.ait.sy.syAffirm.mapper.SyAffirmEmailMapper.countPendingApprovals | caller=com.ait.sy.syAffirm.service.impl.SyAffirmEmailServiceImpl.getPendingApprovalCounts(SyAffirmEmailServiceImpl.java:114) | command=SELECT | params=[adminID='11111111', applyTypeCodeSearch='218197'] | sql=SELECT COUNT(1) FROM SY_AFFIRM_EMAIL EM WHERE ACTIVITY = 0 AND AFFIRM_PERSON_ID = '11111111' AND APPLY_AFFIRM_FLAG NOT IN ('14014310', '14014309', '14014308') AND APPLY_TYPE_CODE = '218197' AND NOT EXISTS (SELECT 1 FROM ESS_LEAVE_APPLY_TB TB WHERE TB.APPLY_NO = EM.APPLY_NO AND TB.BATCH_YN = 2) AND NOT EXISTS (SELECT 1 FROM ESS_APPLY_OT OT WHERE OT.APPLY_NO = EM.APPLY_NO AND OT.BATCH_YN = 2)
2026-08-31 16:02:05.181 INFO  [c.a.config.SqlOnlyInterceptor] SQL Result  | mapper=com.ait.sy.syAffirm.mapper.SyAffirmEmailMapper.countPendingApprovals | caller=com.ait.sy.syAffirm.service.impl.SyAffirmEmailServiceImpl.getPendingApprovalCounts(SyAffirmEmailServiceImpl.java:114) | rowsReturned=1 | took=2447 ms
2026-08-31 16:03:53.278 INFO  [c.a.config.SqlOnlyInterceptor] SQL Execute | mapper=com.ait.sy.syAffirm.mapper.SyAffirmEmailMapper.countPendingApprovals | caller=com.ait.sy.syAffirm.service.impl.SyAffirmEmailServiceImpl.getPendingApprovalCounts(SyAffirmEmailServiceImpl.java:105) | command=SELECT | params=[adminID='11111111'] | sql=SELECT COUNT(1) FROM SY_AFFIRM_EMAIL EM WHERE ACTIVITY = 0 AND AFFIRM_PERSON_ID = '11111111' AND APPLY_AFFIRM_FLAG NOT IN ('14014310', '14014309', '14014308') AND NOT EXISTS (SELECT 1 FROM ESS_LEAVE_APPLY_TB TB WHERE TB.APPLY_NO = EM.APPLY_NO AND TB.BATCH_YN = 2) AND NOT EXISTS (SELECT 1 FROM ESS_APPLY_OT OT WHERE OT.APPLY_NO = EM.APPLY_NO AND OT.BATCH_YN = 2)
2026-08-31 16:03:54.485 INFO  [c.a.config.SqlOnlyInterceptor] SQL Result  | mapper=com.ait.sy.syAffirm.mapper.SyAffirmEmailMapper.countPendingApprovals | caller=com.ait.sy.syAffirm.service.impl.SyAffirmEmailServiceImpl.getPendingApprovalCounts(SyAffirmEmailServiceImpl.java:105) | rowsReturned=1 | took=1207 ms
2026-08-31 16:03:54.488 INFO  [c.a.config.SqlOnlyInterceptor] SQL Execute | mapper=com.ait.sy.syAffirm.mapper.SyAffirmEmailMapper.countPendingApprovals | caller=com.ait.sy.syAffirm.service.impl.SyAffirmEmailServiceImpl.getPendingApprovalCounts(SyAffirmEmailServiceImpl.java:108) | command=SELECT | params=[adminID='11111111', applyTypeCodeSearch='21'] | sql=SELECT COUNT(1) FROM SY_AFFIRM_EMAIL EM WHERE ACTIVITY = 0 AND AFFIRM_PERSON_ID = '11111111' AND APPLY_AFFIRM_FLAG NOT IN ('14014310', '14014309', '14014308') AND APPLY_TYPE_CODE = '21' AND NOT EXISTS (SELECT 1 FROM ESS_LEAVE_APPLY_TB TB WHERE TB.APPLY_NO = EM.APPLY_NO AND TB.BATCH_YN = 2) AND NOT EXISTS (SELECT 1 FROM ESS_APPLY_OT OT WHERE OT.APPLY_NO = EM.APPLY_NO AND OT.BATCH_YN = 2)
2026-08-31 16:03:55.244 INFO  [c.a.config.SqlOnlyInterceptor] SQL Result  | mapper=com.ait.sy.syAffirm.mapper.SyAffirmEmailMapper.countPendingApprovals | caller=com.ait.sy.syAffirm.service.impl.SyAffirmEmailServiceImpl.getPendingApprovalCounts(SyAffirmEmailServiceImpl.java:108) | rowsReturned=1 | took=756 ms
2026-08-31 16:03:55.245 INFO  [c.a.config.SqlOnlyInterceptor] SQL Execute | mapper=com.ait.sy.syAffirm.mapper.SyAffirmEmailMapper.countPendingApprovals | caller=com.ait.sy.syAffirm.service.impl.SyAffirmEmailServiceImpl.getPendingApprovalCounts(SyAffirmEmailServiceImpl.java:111) | command=SELECT | params=[adminID='11111111', applyTypeCodeSearch='31'] | sql=SELECT COUNT(1) FROM SY_AFFIRM_EMAIL EM WHERE ACTIVITY = 0 AND AFFIRM_PERSON_ID = '11111111' AND APPLY_AFFIRM_FLAG NOT IN ('14014310', '14014309', '14014308') AND APPLY_TYPE_CODE = '31' AND NOT EXISTS (SELECT 1 FROM ESS_LEAVE_APPLY_TB TB WHERE TB.APPLY_NO = EM.APPLY_NO AND TB.BATCH_YN = 2) AND NOT EXISTS (SELECT 1 FROM ESS_APPLY_OT OT WHERE OT.APPLY_NO = EM.APPLY_NO AND OT.BATCH_YN = 2)
2026-08-31 16:03:56.274 INFO  [c.a.config.SqlOnlyInterceptor] SQL Result  | mapper=com.ait.sy.syAffirm.mapper.SyAffirmEmailMapper.countPendingApprovals | caller=com.ait.sy.syAffirm.service.impl.SyAffirmEmailServiceImpl.getPendingApprovalCounts(SyAffirmEmailServiceImpl.java:111) | rowsReturned=1 | took=1029 ms
2026-08-31 16:03:56.277 INFO  [c.a.config.SqlOnlyInterceptor] SQL Execute | mapper=com.ait.sy.syAffirm.mapper.SyAffirmEmailMapper.countPendingApprovals | caller=com.ait.sy.syAffirm.service.impl.SyAffirmEmailServiceImpl.getPendingApprovalCounts(SyAffirmEmailServiceImpl.java:114) | command=SELECT | params=[adminID='11111111', applyTypeCodeSearch='218197'] | sql=SELECT COUNT(1) FROM SY_AFFIRM_EMAIL EM WHERE ACTIVITY = 0 AND AFFIRM_PERSON_ID = '11111111' AND APPLY_AFFIRM_FLAG NOT IN ('14014310', '14014309', '14014308') AND APPLY_TYPE_CODE = '218197' AND NOT EXISTS (SELECT 1 FROM ESS_LEAVE_APPLY_TB TB WHERE TB.APPLY_NO = EM.APPLY_NO AND TB.BATCH_YN = 2) AND NOT EXISTS (SELECT 1 FROM ESS_APPLY_OT OT WHERE OT.APPLY_NO = EM.APPLY_NO AND OT.BATCH_YN = 2)
2026-08-31 16:03:57.532 INFO  [c.a.config.SqlOnlyInterceptor] SQL Result  | mapper=com.ait.sy.syAffirm.mapper.SyAffirmEmailMapper.countPendingApprovals | caller=com.ait.sy.syAffirm.service.impl.SyAffirmEmailServiceImpl.getPendingApprovalCounts(SyAffirmEmailServiceImpl.java:114) | rowsReturned=1 | took=1256 ms
2026-08-31 16:05:00.007 INFO  [c.a.a.a.s.ArCardRecordScheduler] [AutoImport] Bắt đầu tự động đọc dữ liệu quẹt thẻ: fromDate=2026-08-29, toDate=2026-08-31
2026-08-31 16:05:00.019 INFO  [c.a.a.a.s.i.ArCardRecordServiceImpl] [importFromDevice] Bắt đầu đọc dữ liệu quẹt thẻ từ máy chủ, fromDate=2026-08-29, toDate=2026-08-31
2026-08-31 16:05:30.024 ERROR [c.a.a.a.s.i.ArCardRecordServiceImpl] [importFromDevice] Lỗi kết nối hoặc xử lý dữ liệu
com.microsoft.sqlserver.jdbc.SQLServerException: The TCP/IP connection to the host 10.43.7.249, port 1433 has failed. Error: "Connect timed out. Verify the connection properties. Make sure that an instance of SQL Server is running on the host and accepting TCP/IP connections at the port. Make sure that TCP connections to the port are not blocked by a firewall.".
	at at com.microsoft.sqlserver.jdbc.SQLServerException.makeFromDriverError(SQLServerException.java:231)
2026-08-31 16:05:30.025 ERROR [c.a.a.a.s.ArCardRecordScheduler] [AutoImport] Thất bại: Lỗi kết nối máy chủ quẹt thẻ: The TCP/IP connection to the host 10.43.7.249, port 1433 has failed. Error: "Connect timed out. Verify the connection properties. Make sure that an instance of SQL Server is running on the host and accepting TCP/IP connections at the port. Make sure that TCP connections to the port are not blocked by a firewall.".
2026-08-31 16:06:53.276 INFO  [c.a.config.SqlOnlyInterceptor] SQL Execute | mapper=com.ait.sy.syAffirm.mapper.SyAffirmEmailMapper.countPendingApprovals | caller=com.ait.sy.syAffirm.service.impl.SyAffirmEmailServiceImpl.getPendingApprovalCounts(SyAffirmEmailServiceImpl.java:105) | command=SELECT | params=[adminID='11111111'] | sql=SELECT COUNT(1) FROM SY_AFFIRM_EMAIL EM WHERE ACTIVITY = 0 AND AFFIRM_PERSON_ID = '11111111' AND APPLY_AFFIRM_FLAG NOT IN ('14014310', '14014309', '14014308') AND NOT EXISTS (SELECT 1 FROM ESS_LEAVE_APPLY_TB TB WHERE TB.APPLY_NO = EM.APPLY_NO AND TB.BATCH_YN = 2) AND NOT EXISTS (SELECT 1 FROM ESS_APPLY_OT OT WHERE OT.APPLY_NO = EM.APPLY_NO AND OT.BATCH_YN = 2)
2026-08-31 16:06:54.963 INFO  [c.a.config.SqlOnlyInterceptor] SQL Result  | mapper=com.ait.sy.syAffirm.mapper.SyAffirmEmailMapper.countPendingApprovals | caller=com.ait.sy.syAffirm.service.impl.SyAffirmEmailServiceImpl.getPendingApprovalCounts(SyAffirmEmailServiceImpl.java:105) | rowsReturned=1 | took=1687 ms
2026-08-31 16:06:54.965 INFO  [c.a.config.SqlOnlyInterceptor] SQL Execute | mapper=com.ait.sy.syAffirm.mapper.SyAffirmEmailMapper.countPendingApprovals | caller=com.ait.sy.syAffirm.service.impl.SyAffirmEmailServiceImpl.getPendingApprovalCounts(SyAffirmEmailServiceImpl.java:108) | command=SELECT | params=[adminID='11111111', applyTypeCodeSearch='21'] | sql=SELECT COUNT(1) FROM SY_AFFIRM_EMAIL EM WHERE ACTIVITY = 0 AND AFFIRM_PERSON_ID = '11111111' AND APPLY_AFFIRM_FLAG NOT IN ('14014310', '14014309', '14014308') AND APPLY_TYPE_CODE = '21' AND NOT EXISTS (SELECT 1 FROM ESS_LEAVE_APPLY_TB TB WHERE TB.APPLY_NO = EM.APPLY_NO AND TB.BATCH_YN = 2) AND NOT EXISTS (SELECT 1 FROM ESS_APPLY_OT OT WHERE OT.APPLY_NO = EM.APPLY_NO AND OT.BATCH_YN = 2)
2026-08-31 16:06:56.416 INFO  [c.a.config.SqlOnlyInterceptor] SQL Result  | mapper=com.ait.sy.syAffirm.mapper.SyAffirmEmailMapper.countPendingApprovals | caller=com.ait.sy.syAffirm.service.impl.SyAffirmEmailServiceImpl.getPendingApprovalCounts(SyAffirmEmailServiceImpl.java:108) | rowsReturned=1 | took=1451 ms
2026-08-31 16:06:56.419 INFO  [c.a.config.SqlOnlyInterceptor] SQL Execute | mapper=com.ait.sy.syAffirm.mapper.SyAffirmEmailMapper.countPendingApprovals | caller=com.ait.sy.syAffirm.service.impl.SyAffirmEmailServiceImpl.getPendingApprovalCounts(SyAffirmEmailServiceImpl.java:111) | command=SELECT | params=[adminID='11111111', applyTypeCodeSearch='31'] | sql=SELECT COUNT(1) FROM SY_AFFIRM_EMAIL EM WHERE ACTIVITY = 0 AND AFFIRM_PERSON_ID = '11111111' AND APPLY_AFFIRM_FLAG NOT IN ('14014310', '14014309', '14014308') AND APPLY_TYPE_CODE = '31' AND NOT EXISTS (SELECT 1 FROM ESS_LEAVE_APPLY_TB TB WHERE TB.APPLY_NO = EM.APPLY_NO AND TB.BATCH_YN = 2) AND NOT EXISTS (SELECT 1 FROM ESS_APPLY_OT OT WHERE OT.APPLY_NO = EM.APPLY_NO AND OT.BATCH_YN = 2)
2026-08-31 16:06:57.929 INFO  [c.a.config.SqlOnlyInterceptor] SQL Result  | mapper=com.ait.sy.syAffirm.mapper.SyAffirmEmailMapper.countPendingApprovals | caller=com.ait.sy.syAffirm.service.impl.SyAffirmEmailServiceImpl.getPendingApprovalCounts(SyAffirmEmailServiceImpl.java:111) | rowsReturned=1 | took=1512 ms
2026-08-31 16:06:57.932 INFO  [c.a.config.SqlOnlyInterceptor] SQL Execute | mapper=com.ait.sy.syAffirm.mapper.SyAffirmEmailMapper.countPendingApprovals | caller=com.ait.sy.syAffirm.service.impl.SyAffirmEmailServiceImpl.getPendingApprovalCounts(SyAffirmEmailServiceImpl.java:114) | command=SELECT | params=[adminID='11111111', applyTypeCodeSearch='218197'] | sql=SELECT COUNT(1) FROM SY_AFFIRM_EMAIL EM WHERE ACTIVITY = 0 AND AFFIRM_PERSON_ID = '11111111' AND APPLY_AFFIRM_FLAG NOT IN ('14014310', '14014309', '14014308') AND APPLY_TYPE_CODE = '218197' AND NOT EXISTS (SELECT 1 FROM ESS_LEAVE_APPLY_TB TB WHERE TB.APPLY_NO = EM.APPLY_NO AND TB.BATCH_YN = 2) AND NOT EXISTS (SELECT 1 FROM ESS_APPLY_OT OT WHERE OT.APPLY_NO = EM.APPLY_NO AND OT.BATCH_YN = 2)
2026-08-31 16:07:00.157 INFO  [c.a.config.SqlOnlyInterceptor] SQL Result  | mapper=com.ait.sy.syAffirm.mapper.SyAffirmEmailMapper.countPendingApprovals | caller=com.ait.sy.syAffirm.service.impl.SyAffirmEmailServiceImpl.getPendingApprovalCounts(SyAffirmEmailServiceImpl.java:114) | rowsReturned=1 | took=2225 ms
2026-08-31 16:07:42.950 WARN  [o.s.w.s.m.m.a.ExceptionHandlerExceptionResolver] Resolved [org.springframework.web.servlet.resource.NoResourceFoundException: No static resource js/quill.min.js.map.]
2026-08-31 16:07:44.547 WARN  [o.s.w.s.m.m.a.ExceptionHandlerExceptionResolver] Resolved [org.springframework.web.servlet.resource.NoResourceFoundException: No static resource plugins/moment/moment.min.js.map.]
2026-08-31 16:09:53.283 INFO  [c.a.config.SqlOnlyInterceptor] SQL Execute | mapper=com.ait.sy.syAffirm.mapper.SyAffirmEmailMapper.countPendingApprovals | caller=com.ait.sy.syAffirm.service.impl.SyAffirmEmailServiceImpl.getPendingApprovalCounts(SyAffirmEmailServiceImpl.java:105) | command=SELECT | params=[adminID='11111111'] | sql=SELECT COUNT(1) FROM SY_AFFIRM_EMAIL EM WHERE ACTIVITY = 0 AND AFFIRM_PERSON_ID = '11111111' AND APPLY_AFFIRM_FLAG NOT IN ('14014310', '14014309', '14014308') AND NOT EXISTS (SELECT 1 FROM ESS_LEAVE_APPLY_TB TB WHERE TB.APPLY_NO = EM.APPLY_NO AND TB.BATCH_YN = 2) AND NOT EXISTS (SELECT 1 FROM ESS_APPLY_OT OT WHERE OT.APPLY_NO = EM.APPLY_NO AND OT.BATCH_YN = 2)
2026-08-31 16:09:54.570 INFO  [c.a.config.SqlOnlyInterceptor] SQL Result  | mapper=com.ait.sy.syAffirm.mapper.SyAffirmEmailMapper.countPendingApprovals | caller=com.ait.sy.syAffirm.service.impl.SyAffirmEmailServiceImpl.getPendingApprovalCounts(SyAffirmEmailServiceImpl.java:105) | rowsReturned=1 | took=1287 ms
2026-08-31 16:09:54.572 INFO  [c.a.config.SqlOnlyInterceptor] SQL Execute | mapper=com.ait.sy.syAffirm.mapper.SyAffirmEmailMapper.countPendingApprovals | caller=com.ait.sy.syAffirm.service.impl.SyAffirmEmailServiceImpl.getPendingApprovalCounts(SyAffirmEmailServiceImpl.java:108) | command=SELECT | params=[adminID='11111111', applyTypeCodeSearch='21'] | sql=SELECT COUNT(1) FROM SY_AFFIRM_EMAIL EM WHERE ACTIVITY = 0 AND AFFIRM_PERSON_ID = '11111111' AND APPLY_AFFIRM_FLAG NOT IN ('14014310', '14014309', '14014308') AND APPLY_TYPE_CODE = '21' AND NOT EXISTS (SELECT 1 FROM ESS_LEAVE_APPLY_TB TB WHERE TB.APPLY_NO = EM.APPLY_NO AND TB.BATCH_YN = 2) AND NOT EXISTS (SELECT 1 FROM ESS_APPLY_OT OT WHERE OT.APPLY_NO = EM.APPLY_NO AND OT.BATCH_YN = 2)
2026-08-31 16:09:55.497 INFO  [c.a.config.SqlOnlyInterceptor] SQL Result  | mapper=com.ait.sy.syAffirm.mapper.SyAffirmEmailMapper.countPendingApprovals | caller=com.ait.sy.syAffirm.service.impl.SyAffirmEmailServiceImpl.getPendingApprovalCounts(SyAffirmEmailServiceImpl.java:108) | rowsReturned=1 | took=926 ms
2026-08-31 16:09:55.498 INFO  [c.a.config.SqlOnlyInterceptor] SQL Execute | mapper=com.ait.sy.syAffirm.mapper.SyAffirmEmailMapper.countPendingApprovals | caller=com.ait.sy.syAffirm.service.impl.SyAffirmEmailServiceImpl.getPendingApprovalCounts(SyAffirmEmailServiceImpl.java:111) | command=SELECT | params=[adminID='11111111', applyTypeCodeSearch='31'] | sql=SELECT COUNT(1) FROM SY_AFFIRM_EMAIL EM WHERE ACTIVITY = 0 AND AFFIRM_PERSON_ID = '11111111' AND APPLY_AFFIRM_FLAG NOT IN ('14014310', '14014309', '14014308') AND APPLY_TYPE_CODE = '31' AND NOT EXISTS (SELECT 1 FROM ESS_LEAVE_APPLY_TB TB WHERE TB.APPLY_NO = EM.APPLY_NO AND TB.BATCH_YN = 2) AND NOT EXISTS (SELECT 1 FROM ESS_APPLY_OT OT WHERE OT.APPLY_NO = EM.APPLY_NO AND OT.BATCH_YN = 2)
2026-08-31 16:09:56.765 INFO  [c.a.config.SqlOnlyInterceptor] SQL Result  | mapper=com.ait.sy.syAffirm.mapper.SyAffirmEmailMapper.countPendingApprovals | caller=com.ait.sy.syAffirm.service.impl.SyAffirmEmailServiceImpl.getPendingApprovalCounts(SyAffirmEmailServiceImpl.java:111) | rowsReturned=1 | took=1267 ms
2026-08-31 16:09:56.766 INFO  [c.a.config.SqlOnlyInterceptor] SQL Execute | mapper=com.ait.sy.syAffirm.mapper.SyAffirmEmailMapper.countPendingApprovals | caller=com.ait.sy.syAffirm.service.impl.SyAffirmEmailServiceImpl.getPendingApprovalCounts(SyAffirmEmailServiceImpl.java:114) | command=SELECT | params=[adminID='11111111', applyTypeCodeSearch='218197'] | sql=SELECT COUNT(1) FROM SY_AFFIRM_EMAIL EM WHERE ACTIVITY = 0 AND AFFIRM_PERSON_ID = '11111111' AND APPLY_AFFIRM_FLAG NOT IN ('14014310', '14014309', '14014308') AND APPLY_TYPE_CODE = '218197' AND NOT EXISTS (SELECT 1 FROM ESS_LEAVE_APPLY_TB TB WHERE TB.APPLY_NO = EM.APPLY_NO AND TB.BATCH_YN = 2) AND NOT EXISTS (SELECT 1 FROM ESS_APPLY_OT OT WHERE OT.APPLY_NO = EM.APPLY_NO AND OT.BATCH_YN = 2)
2026-08-31 16:09:57.818 INFO  [c.a.config.SqlOnlyInterceptor] SQL Result  | mapper=com.ait.sy.syAffirm.mapper.SyAffirmEmailMapper.countPendingApprovals | caller=com.ait.sy.syAffirm.service.impl.SyAffirmEmailServiceImpl.getPendingApprovalCounts(SyAffirmEmailServiceImpl.java:114) | rowsReturned=1 | took=1052 ms
2026-08-31 16:12:53.277 INFO  [c.a.config.SqlOnlyInterceptor] SQL Execute | mapper=com.ait.sy.syAffirm.mapper.SyAffirmEmailMapper.countPendingApprovals | caller=com.ait.sy.syAffirm.service.impl.SyAffirmEmailServiceImpl.getPendingApprovalCounts(SyAffirmEmailServiceImpl.java:105) | command=SELECT | params=[adminID='11111111'] | sql=SELECT COUNT(1) FROM SY_AFFIRM_EMAIL EM WHERE ACTIVITY = 0 AND AFFIRM_PERSON_ID = '11111111' AND APPLY_AFFIRM_FLAG NOT IN ('14014310', '14014309', '14014308') AND NOT EXISTS (SELECT 1 FROM ESS_LEAVE_APPLY_TB TB WHERE TB.APPLY_NO = EM.APPLY_NO AND TB.BATCH_YN = 2) AND NOT EXISTS (SELECT 1 FROM ESS_APPLY_OT OT WHERE OT.APPLY_NO = EM.APPLY_NO AND OT.BATCH_YN = 2)
2026-08-31 16:12:54.584 INFO  [c.a.config.SqlOnlyInterceptor] SQL Result  | mapper=com.ait.sy.syAffirm.mapper.SyAffirmEmailMapper.countPendingApprovals | caller=com.ait.sy.syAffirm.service.impl.SyAffirmEmailServiceImpl.getPendingApprovalCounts(SyAffirmEmailServiceImpl.java:105) | rowsReturned=1 | took=1307 ms
2026-08-31 16:12:54.586 INFO  [c.a.config.SqlOnlyInterceptor] SQL Execute | mapper=com.ait.sy.syAffirm.mapper.SyAffirmEmailMapper.countPendingApprovals | caller=com.ait.sy.syAffirm.service.impl.SyAffirmEmailServiceImpl.getPendingApprovalCounts(SyAffirmEmailServiceImpl.java:108) | command=SELECT | params=[adminID='11111111', applyTypeCodeSearch='21'] | sql=SELECT COUNT(1) FROM SY_AFFIRM_EMAIL EM WHERE ACTIVITY = 0 AND AFFIRM_PERSON_ID = '11111111' AND APPLY_AFFIRM_FLAG NOT IN ('14014310', '14014309', '14014308') AND APPLY_TYPE_CODE = '21' AND NOT EXISTS (SELECT 1 FROM ESS_LEAVE_APPLY_TB TB WHERE TB.APPLY_NO = EM.APPLY_NO AND TB.BATCH_YN = 2) AND NOT EXISTS (SELECT 1 FROM ESS_APPLY_OT OT WHERE OT.APPLY_NO = EM.APPLY_NO AND OT.BATCH_YN = 2)
2026-08-31 16:12:55.790 INFO  [c.a.config.SqlOnlyInterceptor] SQL Result  | mapper=com.ait.sy.syAffirm.mapper.SyAffirmEmailMapper.countPendingApprovals | caller=com.ait.sy.syAffirm.service.impl.SyAffirmEmailServiceImpl.getPendingApprovalCounts(SyAffirmEmailServiceImpl.java:108) | rowsReturned=1 | took=1204 ms
2026-08-31 16:12:55.793 INFO  [c.a.config.SqlOnlyInterceptor] SQL Execute | mapper=com.ait.sy.syAffirm.mapper.SyAffirmEmailMapper.countPendingApprovals | caller=com.ait.sy.syAffirm.service.impl.SyAffirmEmailServiceImpl.getPendingApprovalCounts(SyAffirmEmailServiceImpl.java:111) | command=SELECT | params=[adminID='11111111', applyTypeCodeSearch='31'] | sql=SELECT COUNT(1) FROM SY_AFFIRM_EMAIL EM WHERE ACTIVITY = 0 AND AFFIRM_PERSON_ID = '11111111' AND APPLY_AFFIRM_FLAG NOT IN ('14014310', '14014309', '14014308') AND APPLY_TYPE_CODE = '31' AND NOT EXISTS (SELECT 1 FROM ESS_LEAVE_APPLY_TB TB WHERE TB.APPLY_NO = EM.APPLY_NO AND TB.BATCH_YN = 2) AND NOT EXISTS (SELECT 1 FROM ESS_APPLY_OT OT WHERE OT.APPLY_NO = EM.APPLY_NO AND OT.BATCH_YN = 2)
2026-08-31 16:12:57.037 INFO  [c.a.config.SqlOnlyInterceptor] SQL Result  | mapper=com.ait.sy.syAffirm.mapper.SyAffirmEmailMapper.countPendingApprovals | caller=com.ait.sy.syAffirm.service.impl.SyAffirmEmailServiceImpl.getPendingApprovalCounts(SyAffirmEmailServiceImpl.java:111) | rowsReturned=1 | took=1244 ms
2026-08-31 16:12:57.039 INFO  [c.a.config.SqlOnlyInterceptor] SQL Execute | mapper=com.ait.sy.syAffirm.mapper.SyAffirmEmailMapper.countPendingApprovals | caller=com.ait.sy.syAffirm.service.impl.SyAffirmEmailServiceImpl.getPendingApprovalCounts(SyAffirmEmailServiceImpl.java:114) | command=SELECT | params=[adminID='11111111', applyTypeCodeSearch='218197'] | sql=SELECT COUNT(1) FROM SY_AFFIRM_EMAIL EM WHERE ACTIVITY = 0 AND AFFIRM_PERSON_ID = '11111111' AND APPLY_AFFIRM_FLAG NOT IN ('14014310', '14014309', '14014308') AND APPLY_TYPE_CODE = '218197' AND NOT EXISTS (SELECT 1 FROM ESS_LEAVE_APPLY_TB TB WHERE TB.APPLY_NO = EM.APPLY_NO AND TB.BATCH_YN = 2) AND NOT EXISTS (SELECT 1 FROM ESS_APPLY_OT OT WHERE OT.APPLY_NO = EM.APPLY_NO AND OT.BATCH_YN = 2)
2026-08-31 16:12:58.646 INFO  [c.a.config.SqlOnlyInterceptor] SQL Result  | mapper=com.ait.sy.syAffirm.mapper.SyAffirmEmailMapper.countPendingApprovals | caller=com.ait.sy.syAffirm.service.impl.SyAffirmEmailServiceImpl.getPendingApprovalCounts(SyAffirmEmailServiceImpl.java:114) | rowsReturned=1 | took=1607 ms
2026-08-31 16:15:53.281 INFO  [c.a.config.SqlOnlyInterceptor] SQL Execute | mapper=com.ait.sy.syAffirm.mapper.SyAffirmEmailMapper.countPendingApprovals | caller=com.ait.sy.syAffirm.service.impl.SyAffirmEmailServiceImpl.getPendingApprovalCounts(SyAffirmEmailServiceImpl.java:105) | command=SELECT | params=[adminID='11111111'] | sql=SELECT COUNT(1) FROM SY_AFFIRM_EMAIL EM WHERE ACTIVITY = 0 AND AFFIRM_PERSON_ID = '11111111' AND APPLY_AFFIRM_FLAG NOT IN ('14014310', '14014309', '14014308') AND NOT EXISTS (SELECT 1 FROM ESS_LEAVE_APPLY_TB TB WHERE TB.APPLY_NO = EM.APPLY_NO AND TB.BATCH_YN = 2) AND NOT EXISTS (SELECT 1 FROM ESS_APPLY_OT OT WHERE OT.APPLY_NO = EM.APPLY_NO AND OT.BATCH_YN = 2)
2026-08-31 16:15:54.413 INFO  [c.a.config.SqlOnlyInterceptor] SQL Result  | mapper=com.ait.sy.syAffirm.mapper.SyAffirmEmailMapper.countPendingApprovals | caller=com.ait.sy.syAffirm.service.impl.SyAffirmEmailServiceImpl.getPendingApprovalCounts(SyAffirmEmailServiceImpl.java:105) | rowsReturned=1 | took=1133 ms
2026-08-31 16:15:54.417 INFO  [c.a.config.SqlOnlyInterceptor] SQL Execute | mapper=com.ait.sy.syAffirm.mapper.SyAffirmEmailMapper.countPendingApprovals | caller=com.ait.sy.syAffirm.service.impl.SyAffirmEmailServiceImpl.getPendingApprovalCounts(SyAffirmEmailServiceImpl.java:108) | command=SELECT | params=[adminID='11111111', applyTypeCodeSearch='21'] | sql=SELECT COUNT(1) FROM SY_AFFIRM_EMAIL EM WHERE ACTIVITY = 0 AND AFFIRM_PERSON_ID = '11111111' AND APPLY_AFFIRM_FLAG NOT IN ('14014310', '14014309', '14014308') AND APPLY_TYPE_CODE = '21' AND NOT EXISTS (SELECT 1 FROM ESS_LEAVE_APPLY_TB TB WHERE TB.APPLY_NO = EM.APPLY_NO AND TB.BATCH_YN = 2) AND NOT EXISTS (SELECT 1 FROM ESS_APPLY_OT OT WHERE OT.APPLY_NO = EM.APPLY_NO AND OT.BATCH_YN = 2)
2026-08-31 16:15:55.268 INFO  [c.a.config.SqlOnlyInterceptor] SQL Result  | mapper=com.ait.sy.syAffirm.mapper.SyAffirmEmailMapper.countPendingApprovals | caller=com.ait.sy.syAffirm.service.impl.SyAffirmEmailServiceImpl.getPendingApprovalCounts(SyAffirmEmailServiceImpl.java:108) | rowsReturned=1 | took=851 ms
2026-08-31 16:15:55.270 INFO  [c.a.config.SqlOnlyInterceptor] SQL Execute | mapper=com.ait.sy.syAffirm.mapper.SyAffirmEmailMapper.countPendingApprovals | caller=com.ait.sy.syAffirm.service.impl.SyAffirmEmailServiceImpl.getPendingApprovalCounts(SyAffirmEmailServiceImpl.java:111) | command=SELECT | params=[adminID='11111111', applyTypeCodeSearch='31'] | sql=SELECT COUNT(1) FROM SY_AFFIRM_EMAIL EM WHERE ACTIVITY = 0 AND AFFIRM_PERSON_ID = '11111111' AND APPLY_AFFIRM_FLAG NOT IN ('14014310', '14014309', '14014308') AND APPLY_TYPE_CODE = '31' AND NOT EXISTS (SELECT 1 FROM ESS_LEAVE_APPLY_TB TB WHERE TB.APPLY_NO = EM.APPLY_NO AND TB.BATCH_YN = 2) AND NOT EXISTS (SELECT 1 FROM ESS_APPLY_OT OT WHERE OT.APPLY_NO = EM.APPLY_NO AND OT.BATCH_YN = 2)
2026-08-31 16:15:56.224 INFO  [c.a.config.SqlOnlyInterceptor] SQL Result  | mapper=com.ait.sy.syAffirm.mapper.SyAffirmEmailMapper.countPendingApprovals | caller=com.ait.sy.syAffirm.service.impl.SyAffirmEmailServiceImpl.getPendingApprovalCounts(SyAffirmEmailServiceImpl.java:111) | rowsReturned=1 | took=954 ms
2026-08-31 16:15:56.227 INFO  [c.a.config.SqlOnlyInterceptor] SQL Execute | mapper=com.ait.sy.syAffirm.mapper.SyAffirmEmailMapper.countPendingApprovals | caller=com.ait.sy.syAffirm.service.impl.SyAffirmEmailServiceImpl.getPendingApprovalCounts(SyAffirmEmailServiceImpl.java:114) | command=SELECT | params=[adminID='11111111', applyTypeCodeSearch='218197'] | sql=SELECT COUNT(1) FROM SY_AFFIRM_EMAIL EM WHERE ACTIVITY = 0 AND AFFIRM_PERSON_ID = '11111111' AND APPLY_AFFIRM_FLAG NOT IN ('14014310', '14014309', '14014308') AND APPLY_TYPE_CODE = '218197' AND NOT EXISTS (SELECT 1 FROM ESS_LEAVE_APPLY_TB TB WHERE TB.APPLY_NO = EM.APPLY_NO AND TB.BATCH_YN = 2) AND NOT EXISTS (SELECT 1 FROM ESS_APPLY_OT OT WHERE OT.APPLY_NO = EM.APPLY_NO AND OT.BATCH_YN = 2)
2026-08-31 16:15:57.234 INFO  [c.a.config.SqlOnlyInterceptor] SQL Result  | mapper=com.ait.sy.syAffirm.mapper.SyAffirmEmailMapper.countPendingApprovals | caller=com.ait.sy.syAffirm.service.impl.SyAffirmEmailServiceImpl.getPendingApprovalCounts(SyAffirmEmailServiceImpl.java:114) | rowsReturned=1 | took=1008 ms
2026-08-31 16:18:53.285 INFO  [c.a.config.SqlOnlyInterceptor] SQL Execute | mapper=com.ait.sy.syAffirm.mapper.SyAffirmEmailMapper.countPendingApprovals | caller=com.ait.sy.syAffirm.service.impl.SyAffirmEmailServiceImpl.getPendingApprovalCounts(SyAffirmEmailServiceImpl.java:105) | command=SELECT | params=[adminID='11111111'] | sql=SELECT COUNT(1) FROM SY_AFFIRM_EMAIL EM WHERE ACTIVITY = 0 AND AFFIRM_PERSON_ID = '11111111' AND APPLY_AFFIRM_FLAG NOT IN ('14014310', '14014309', '14014308') AND NOT EXISTS (SELECT 1 FROM ESS_LEAVE_APPLY_TB TB WHERE TB.APPLY_NO = EM.APPLY_NO AND TB.BATCH_YN = 2) AND NOT EXISTS (SELECT 1 FROM ESS_APPLY_OT OT WHERE OT.APPLY_NO = EM.APPLY_NO AND OT.BATCH_YN = 2)
2026-08-31 16:18:54.984 INFO  [c.a.config.SqlOnlyInterceptor] SQL Result  | mapper=com.ait.sy.syAffirm.mapper.SyAffirmEmailMapper.countPendingApprovals | caller=com.ait.sy.syAffirm.service.impl.SyAffirmEmailServiceImpl.getPendingApprovalCounts(SyAffirmEmailServiceImpl.java:105) | rowsReturned=1 | took=1699 ms
2026-08-31 16:18:54.985 INFO  [c.a.config.SqlOnlyInterceptor] SQL Execute | mapper=com.ait.sy.syAffirm.mapper.SyAffirmEmailMapper.countPendingApprovals | caller=com.ait.sy.syAffirm.service.impl.SyAffirmEmailServiceImpl.getPendingApprovalCounts(SyAffirmEmailServiceImpl.java:108) | command=SELECT | params=[adminID='11111111', applyTypeCodeSearch='21'] | sql=SELECT COUNT(1) FROM SY_AFFIRM_EMAIL EM WHERE ACTIVITY = 0 AND AFFIRM_PERSON_ID = '11111111' AND APPLY_AFFIRM_FLAG NOT IN ('14014310', '14014309', '14014308') AND APPLY_TYPE_CODE = '21' AND NOT EXISTS (SELECT 1 FROM ESS_LEAVE_APPLY_TB TB WHERE TB.APPLY_NO = EM.APPLY_NO AND TB.BATCH_YN = 2) AND NOT EXISTS (SELECT 1 FROM ESS_APPLY_OT OT WHERE OT.APPLY_NO = EM.APPLY_NO AND OT.BATCH_YN = 2)
2026-08-31 16:18:56.367 INFO  [c.a.config.SqlOnlyInterceptor] SQL Result  | mapper=com.ait.sy.syAffirm.mapper.SyAffirmEmailMapper.countPendingApprovals | caller=com.ait.sy.syAffirm.service.impl.SyAffirmEmailServiceImpl.getPendingApprovalCounts(SyAffirmEmailServiceImpl.java:108) | rowsReturned=1 | took=1382 ms
2026-08-31 16:18:56.368 INFO  [c.a.config.SqlOnlyInterceptor] SQL Execute | mapper=com.ait.sy.syAffirm.mapper.SyAffirmEmailMapper.countPendingApprovals | caller=com.ait.sy.syAffirm.service.impl.SyAffirmEmailServiceImpl.getPendingApprovalCounts(SyAffirmEmailServiceImpl.java:111) | command=SELECT | params=[adminID='11111111', applyTypeCodeSearch='31'] | sql=SELECT COUNT(1) FROM SY_AFFIRM_EMAIL EM WHERE ACTIVITY = 0 AND AFFIRM_PERSON_ID = '11111111' AND APPLY_AFFIRM_FLAG NOT IN ('14014310', '14014309', '14014308') AND APPLY_TYPE_CODE = '31' AND NOT EXISTS (SELECT 1 FROM ESS_LEAVE_APPLY_TB TB WHERE TB.APPLY_NO = EM.APPLY_NO AND TB.BATCH_YN = 2) AND NOT EXISTS (SELECT 1 FROM ESS_APPLY_OT OT WHERE OT.APPLY_NO = EM.APPLY_NO AND OT.BATCH_YN = 2)
2026-08-31 16:18:57.598 INFO  [c.a.config.SqlOnlyInterceptor] SQL Result  | mapper=com.ait.sy.syAffirm.mapper.SyAffirmEmailMapper.countPendingApprovals | caller=com.ait.sy.syAffirm.service.impl.SyAffirmEmailServiceImpl.getPendingApprovalCounts(SyAffirmEmailServiceImpl.java:111) | rowsReturned=1 | took=1230 ms
2026-08-31 16:18:57.600 INFO  [c.a.config.SqlOnlyInterceptor] SQL Execute | mapper=com.ait.sy.syAffirm.mapper.SyAffirmEmailMapper.countPendingApprovals | caller=com.ait.sy.syAffirm.service.impl.SyAffirmEmailServiceImpl.getPendingApprovalCounts(SyAffirmEmailServiceImpl.java:114) | command=SELECT | params=[adminID='11111111', applyTypeCodeSearch='218197'] | sql=SELECT COUNT(1) FROM SY_AFFIRM_EMAIL EM WHERE ACTIVITY = 0 AND AFFIRM_PERSON_ID = '11111111' AND APPLY_AFFIRM_FLAG NOT IN ('14014310', '14014309', '14014308') AND APPLY_TYPE_CODE = '218197' AND NOT EXISTS (SELECT 1 FROM ESS_LEAVE_APPLY_TB TB WHERE TB.APPLY_NO = EM.APPLY_NO AND TB.BATCH_YN = 2) AND NOT EXISTS (SELECT 1 FROM ESS_APPLY_OT OT WHERE OT.APPLY_NO = EM.APPLY_NO AND OT.BATCH_YN = 2)
2026-08-31 16:18:58.363 INFO  [c.a.config.SqlOnlyInterceptor] SQL Result  | mapper=com.ait.sy.syAffirm.mapper.SyAffirmEmailMapper.countPendingApprovals | caller=com.ait.sy.syAffirm.service.impl.SyAffirmEmailServiceImpl.getPendingApprovalCounts(SyAffirmEmailServiceImpl.java:114) | rowsReturned=1 | took=764 ms
2026-08-31 16:21:53.716 INFO  [c.a.config.SqlOnlyInterceptor] SQL Execute | mapper=com.ait.sy.syAffirm.mapper.SyAffirmEmailMapper.countPendingApprovals | caller=com.ait.sy.syAffirm.service.impl.SyAffirmEmailServiceImpl.getPendingApprovalCounts(SyAffirmEmailServiceImpl.java:105) | command=SELECT | params=[adminID='11111111'] | sql=SELECT COUNT(1) FROM SY_AFFIRM_EMAIL EM WHERE ACTIVITY = 0 AND AFFIRM_PERSON_ID = '11111111' AND APPLY_AFFIRM_FLAG NOT IN ('14014310', '14014309', '14014308') AND NOT EXISTS (SELECT 1 FROM ESS_LEAVE_APPLY_TB TB WHERE TB.APPLY_NO = EM.APPLY_NO AND TB.BATCH_YN = 2) AND NOT EXISTS (SELECT 1 FROM ESS_APPLY_OT OT WHERE OT.APPLY_NO = EM.APPLY_NO AND OT.BATCH_YN = 2)
2026-08-31 16:21:55.806 INFO  [c.a.config.SqlOnlyInterceptor] SQL Result  | mapper=com.ait.sy.syAffirm.mapper.SyAffirmEmailMapper.countPendingApprovals | caller=com.ait.sy.syAffirm.service.impl.SyAffirmEmailServiceImpl.getPendingApprovalCounts(SyAffirmEmailServiceImpl.java:105) | rowsReturned=1 | took=2090 ms
2026-08-31 16:21:55.808 INFO  [c.a.config.SqlOnlyInterceptor] SQL Execute | mapper=com.ait.sy.syAffirm.mapper.SyAffirmEmailMapper.countPendingApprovals | caller=com.ait.sy.syAffirm.service.impl.SyAffirmEmailServiceImpl.getPendingApprovalCounts(SyAffirmEmailServiceImpl.java:108) | command=SELECT | params=[adminID='11111111', applyTypeCodeSearch='21'] | sql=SELECT COUNT(1) FROM SY_AFFIRM_EMAIL EM WHERE ACTIVITY = 0 AND AFFIRM_PERSON_ID = '11111111' AND APPLY_AFFIRM_FLAG NOT IN ('14014310', '14014309', '14014308') AND APPLY_TYPE_CODE = '21' AND NOT EXISTS (SELECT 1 FROM ESS_LEAVE_APPLY_TB TB WHERE TB.APPLY_NO = EM.APPLY_NO AND TB.BATCH_YN = 2) AND NOT EXISTS (SELECT 1 FROM ESS_APPLY_OT OT WHERE OT.APPLY_NO = EM.APPLY_NO AND OT.BATCH_YN = 2)
2026-08-31 16:21:58.357 INFO  [c.a.config.SqlOnlyInterceptor] SQL Result  | mapper=com.ait.sy.syAffirm.mapper.SyAffirmEmailMapper.countPendingApprovals | caller=com.ait.sy.syAffirm.service.impl.SyAffirmEmailServiceImpl.getPendingApprovalCounts(SyAffirmEmailServiceImpl.java:108) | rowsReturned=1 | took=2549 ms
2026-08-31 16:21:58.359 INFO  [c.a.config.SqlOnlyInterceptor] SQL Execute | mapper=com.ait.sy.syAffirm.mapper.SyAffirmEmailMapper.countPendingApprovals | caller=com.ait.sy.syAffirm.service.impl.SyAffirmEmailServiceImpl.getPendingApprovalCounts(SyAffirmEmailServiceImpl.java:111) | command=SELECT | params=[adminID='11111111', applyTypeCodeSearch='31'] | sql=SELECT COUNT(1) FROM SY_AFFIRM_EMAIL EM WHERE ACTIVITY = 0 AND AFFIRM_PERSON_ID = '11111111' AND APPLY_AFFIRM_FLAG NOT IN ('14014310', '14014309', '14014308') AND APPLY_TYPE_CODE = '31' AND NOT EXISTS (SELECT 1 FROM ESS_LEAVE_APPLY_TB TB WHERE TB.APPLY_NO = EM.APPLY_NO AND TB.BATCH_YN = 2) AND NOT EXISTS (SELECT 1 FROM ESS_APPLY_OT OT WHERE OT.APPLY_NO = EM.APPLY_NO AND OT.BATCH_YN = 2)
2026-08-31 16:22:00.227 INFO  [c.a.config.SqlOnlyInterceptor] SQL Result  | mapper=com.ait.sy.syAffirm.mapper.SyAffirmEmailMapper.countPendingApprovals | caller=com.ait.sy.syAffirm.service.impl.SyAffirmEmailServiceImpl.getPendingApprovalCounts(SyAffirmEmailServiceImpl.java:111) | rowsReturned=1 | took=1868 ms
2026-08-31 16:22:00.230 INFO  [c.a.config.SqlOnlyInterceptor] SQL Execute | mapper=com.ait.sy.syAffirm.mapper.SyAffirmEmailMapper.countPendingApprovals | caller=com.ait.sy.syAffirm.service.impl.SyAffirmEmailServiceImpl.getPendingApprovalCounts(SyAffirmEmailServiceImpl.java:114) | command=SELECT | params=[adminID='11111111', applyTypeCodeSearch='218197'] | sql=SELECT COUNT(1) FROM SY_AFFIRM_EMAIL EM WHERE ACTIVITY = 0 AND AFFIRM_PERSON_ID = '11111111' AND APPLY_AFFIRM_FLAG NOT IN ('14014310', '14014309', '14014308') AND APPLY_TYPE_CODE = '218197' AND NOT EXISTS (SELECT 1 FROM ESS_LEAVE_APPLY_TB TB WHERE TB.APPLY_NO = EM.APPLY_NO AND TB.BATCH_YN = 2) AND NOT EXISTS (SELECT 1 FROM ESS_APPLY_OT OT WHERE OT.APPLY_NO = EM.APPLY_NO AND OT.BATCH_YN = 2)
2026-08-31 16:22:01.259 INFO  [c.a.config.SqlOnlyInterceptor] SQL Result  | mapper=com.ait.sy.syAffirm.mapper.SyAffirmEmailMapper.countPendingApprovals | caller=com.ait.sy.syAffirm.service.impl.SyAffirmEmailServiceImpl.getPendingApprovalCounts(SyAffirmEmailServiceImpl.java:114) | rowsReturned=1 | took=1030 ms
2026-08-31 16:24:53.726 INFO  [c.a.config.SqlOnlyInterceptor] SQL Execute | mapper=com.ait.sy.syAffirm.mapper.SyAffirmEmailMapper.countPendingApprovals | caller=com.ait.sy.syAffirm.service.impl.SyAffirmEmailServiceImpl.getPendingApprovalCounts(SyAffirmEmailServiceImpl.java:105) | command=SELECT | params=[adminID='11111111'] | sql=SELECT COUNT(1) FROM SY_AFFIRM_EMAIL EM WHERE ACTIVITY = 0 AND AFFIRM_PERSON_ID = '11111111' AND APPLY_AFFIRM_FLAG NOT IN ('14014310', '14014309', '14014308') AND NOT EXISTS (SELECT 1 FROM ESS_LEAVE_APPLY_TB TB WHERE TB.APPLY_NO = EM.APPLY_NO AND TB.BATCH_YN = 2) AND NOT EXISTS (SELECT 1 FROM ESS_APPLY_OT OT WHERE OT.APPLY_NO = EM.APPLY_NO AND OT.BATCH_YN = 2)
2026-08-31 16:24:54.648 INFO  [c.a.config.SqlOnlyInterceptor] SQL Result  | mapper=com.ait.sy.syAffirm.mapper.SyAffirmEmailMapper.countPendingApprovals | caller=com.ait.sy.syAffirm.service.impl.SyAffirmEmailServiceImpl.getPendingApprovalCounts(SyAffirmEmailServiceImpl.java:105) | rowsReturned=1 | took=923 ms
2026-08-31 16:24:54.649 INFO  [c.a.config.SqlOnlyInterceptor] SQL Execute | mapper=com.ait.sy.syAffirm.mapper.SyAffirmEmailMapper.countPendingApprovals | caller=com.ait.sy.syAffirm.service.impl.SyAffirmEmailServiceImpl.getPendingApprovalCounts(SyAffirmEmailServiceImpl.java:108) | command=SELECT | params=[adminID='11111111', applyTypeCodeSearch='21'] | sql=SELECT COUNT(1) FROM SY_AFFIRM_EMAIL EM WHERE ACTIVITY = 0 AND AFFIRM_PERSON_ID = '11111111' AND APPLY_AFFIRM_FLAG NOT IN ('14014310', '14014309', '14014308') AND APPLY_TYPE_CODE = '21' AND NOT EXISTS (SELECT 1 FROM ESS_LEAVE_APPLY_TB TB WHERE TB.APPLY_NO = EM.APPLY_NO AND TB.BATCH_YN = 2) AND NOT EXISTS (SELECT 1 FROM ESS_APPLY_OT OT WHERE OT.APPLY_NO = EM.APPLY_NO AND OT.BATCH_YN = 2)
2026-08-31 16:24:56.481 INFO  [c.a.config.SqlOnlyInterceptor] SQL Result  | mapper=com.ait.sy.syAffirm.mapper.SyAffirmEmailMapper.countPendingApprovals | caller=com.ait.sy.syAffirm.service.impl.SyAffirmEmailServiceImpl.getPendingApprovalCounts(SyAffirmEmailServiceImpl.java:108) | rowsReturned=1 | took=1832 ms
2026-08-31 16:24:56.482 INFO  [c.a.config.SqlOnlyInterceptor] SQL Execute | mapper=com.ait.sy.syAffirm.mapper.SyAffirmEmailMapper.countPendingApprovals | caller=com.ait.sy.syAffirm.service.impl.SyAffirmEmailServiceImpl.getPendingApprovalCounts(SyAffirmEmailServiceImpl.java:111) | command=SELECT | params=[adminID='11111111', applyTypeCodeSearch='31'] | sql=SELECT COUNT(1) FROM SY_AFFIRM_EMAIL EM WHERE ACTIVITY = 0 AND AFFIRM_PERSON_ID = '11111111' AND APPLY_AFFIRM_FLAG NOT IN ('14014310', '14014309', '14014308') AND APPLY_TYPE_CODE = '31' AND NOT EXISTS (SELECT 1 FROM ESS_LEAVE_APPLY_TB TB WHERE TB.APPLY_NO = EM.APPLY_NO AND TB.BATCH_YN = 2) AND NOT EXISTS (SELECT 1 FROM ESS_APPLY_OT OT WHERE OT.APPLY_NO = EM.APPLY_NO AND OT.BATCH_YN = 2)
2026-08-31 16:24:57.694 INFO  [c.a.config.SqlOnlyInterceptor] SQL Result  | mapper=com.ait.sy.syAffirm.mapper.SyAffirmEmailMapper.countPendingApprovals | caller=com.ait.sy.syAffirm.service.impl.SyAffirmEmailServiceImpl.getPendingApprovalCounts(SyAffirmEmailServiceImpl.java:111) | rowsReturned=1 | took=1212 ms
2026-08-31 16:24:57.696 INFO  [c.a.config.SqlOnlyInterceptor] SQL Execute | mapper=com.ait.sy.syAffirm.mapper.SyAffirmEmailMapper.countPendingApprovals | caller=com.ait.sy.syAffirm.service.impl.SyAffirmEmailServiceImpl.getPendingApprovalCounts(SyAffirmEmailServiceImpl.java:114) | command=SELECT | params=[adminID='11111111', applyTypeCodeSearch='218197'] | sql=SELECT COUNT(1) FROM SY_AFFIRM_EMAIL EM WHERE ACTIVITY = 0 AND AFFIRM_PERSON_ID = '11111111' AND APPLY_AFFIRM_FLAG NOT IN ('14014310', '14014309', '14014308') AND APPLY_TYPE_CODE = '218197' AND NOT EXISTS (SELECT 1 FROM ESS_LEAVE_APPLY_TB TB WHERE TB.APPLY_NO = EM.APPLY_NO AND TB.BATCH_YN = 2) AND NOT EXISTS (SELECT 1 FROM ESS_APPLY_OT OT WHERE OT.APPLY_NO = EM.APPLY_NO AND OT.BATCH_YN = 2)
2026-08-31 16:24:59.184 INFO  [c.a.config.SqlOnlyInterceptor] SQL Result  | mapper=com.ait.sy.syAffirm.mapper.SyAffirmEmailMapper.countPendingApprovals | caller=com.ait.sy.syAffirm.service.impl.SyAffirmEmailServiceImpl.getPendingApprovalCounts(SyAffirmEmailServiceImpl.java:114) | rowsReturned=1 | took=1488 ms
2026-08-31 16:27:53.717 INFO  [c.a.config.SqlOnlyInterceptor] SQL Execute | mapper=com.ait.sy.syAffirm.mapper.SyAffirmEmailMapper.countPendingApprovals | caller=com.ait.sy.syAffirm.service.impl.SyAffirmEmailServiceImpl.getPendingApprovalCounts(SyAffirmEmailServiceImpl.java:105) | command=SELECT | params=[adminID='11111111'] | sql=SELECT COUNT(1) FROM SY_AFFIRM_EMAIL EM WHERE ACTIVITY = 0 AND AFFIRM_PERSON_ID = '11111111' AND APPLY_AFFIRM_FLAG NOT IN ('14014310', '14014309', '14014308') AND NOT EXISTS (SELECT 1 FROM ESS_LEAVE_APPLY_TB TB WHERE TB.APPLY_NO = EM.APPLY_NO AND TB.BATCH_YN = 2) AND NOT EXISTS (SELECT 1 FROM ESS_APPLY_OT OT WHERE OT.APPLY_NO = EM.APPLY_NO AND OT.BATCH_YN = 2)
2026-08-31 16:27:54.961 INFO  [c.a.config.SqlOnlyInterceptor] SQL Result  | mapper=com.ait.sy.syAffirm.mapper.SyAffirmEmailMapper.countPendingApprovals | caller=com.ait.sy.syAffirm.service.impl.SyAffirmEmailServiceImpl.getPendingApprovalCounts(SyAffirmEmailServiceImpl.java:105) | rowsReturned=1 | took=1243 ms
2026-08-31 16:27:54.961 INFO  [c.a.config.SqlOnlyInterceptor] SQL Execute | mapper=com.ait.sy.syAffirm.mapper.SyAffirmEmailMapper.countPendingApprovals | caller=com.ait.sy.syAffirm.service.impl.SyAffirmEmailServiceImpl.getPendingApprovalCounts(SyAffirmEmailServiceImpl.java:108) | command=SELECT | params=[adminID='11111111', applyTypeCodeSearch='21'] | sql=SELECT COUNT(1) FROM SY_AFFIRM_EMAIL EM WHERE ACTIVITY = 0 AND AFFIRM_PERSON_ID = '11111111' AND APPLY_AFFIRM_FLAG NOT IN ('14014310', '14014309', '14014308') AND APPLY_TYPE_CODE = '21' AND NOT EXISTS (SELECT 1 FROM ESS_LEAVE_APPLY_TB TB WHERE TB.APPLY_NO = EM.APPLY_NO AND TB.BATCH_YN = 2) AND NOT EXISTS (SELECT 1 FROM ESS_APPLY_OT OT WHERE OT.APPLY_NO = EM.APPLY_NO AND OT.BATCH_YN = 2)
2026-08-31 16:27:56.610 INFO  [c.a.config.SqlOnlyInterceptor] SQL Result  | mapper=com.ait.sy.syAffirm.mapper.SyAffirmEmailMapper.countPendingApprovals | caller=com.ait.sy.syAffirm.service.impl.SyAffirmEmailServiceImpl.getPendingApprovalCounts(SyAffirmEmailServiceImpl.java:108) | rowsReturned=1 | took=1649 ms
2026-08-31 16:27:56.611 INFO  [c.a.config.SqlOnlyInterceptor] SQL Execute | mapper=com.ait.sy.syAffirm.mapper.SyAffirmEmailMapper.countPendingApprovals | caller=com.ait.sy.syAffirm.service.impl.SyAffirmEmailServiceImpl.getPendingApprovalCounts(SyAffirmEmailServiceImpl.java:111) | command=SELECT | params=[adminID='11111111', applyTypeCodeSearch='31'] | sql=SELECT COUNT(1) FROM SY_AFFIRM_EMAIL EM WHERE ACTIVITY = 0 AND AFFIRM_PERSON_ID = '11111111' AND APPLY_AFFIRM_FLAG NOT IN ('14014310', '14014309', '14014308') AND APPLY_TYPE_CODE = '31' AND NOT EXISTS (SELECT 1 FROM ESS_LEAVE_APPLY_TB TB WHERE TB.APPLY_NO = EM.APPLY_NO AND TB.BATCH_YN = 2) AND NOT EXISTS (SELECT 1 FROM ESS_APPLY_OT OT WHERE OT.APPLY_NO = EM.APPLY_NO AND OT.BATCH_YN = 2)
2026-08-31 16:27:58.455 INFO  [c.a.config.SqlOnlyInterceptor] SQL Result  | mapper=com.ait.sy.syAffirm.mapper.SyAffirmEmailMapper.countPendingApprovals | caller=com.ait.sy.syAffirm.service.impl.SyAffirmEmailServiceImpl.getPendingApprovalCounts(SyAffirmEmailServiceImpl.java:111) | rowsReturned=1 | took=1844 ms
2026-08-31 16:27:58.456 INFO  [c.a.config.SqlOnlyInterceptor] SQL Execute | mapper=com.ait.sy.syAffirm.mapper.SyAffirmEmailMapper.countPendingApprovals | caller=com.ait.sy.syAffirm.service.impl.SyAffirmEmailServiceImpl.getPendingApprovalCounts(SyAffirmEmailServiceImpl.java:114) | command=SELECT | params=[adminID='11111111', applyTypeCodeSearch='218197'] | sql=SELECT COUNT(1) FROM SY_AFFIRM_EMAIL EM WHERE ACTIVITY = 0 AND AFFIRM_PERSON_ID = '11111111' AND APPLY_AFFIRM_FLAG NOT IN ('14014310', '14014309', '14014308') AND APPLY_TYPE_CODE = '218197' AND NOT EXISTS (SELECT 1 FROM ESS_LEAVE_APPLY_TB TB WHERE TB.APPLY_NO = EM.APPLY_NO AND TB.BATCH_YN = 2) AND NOT EXISTS (SELECT 1 FROM ESS_APPLY_OT OT WHERE OT.APPLY_NO = EM.APPLY_NO AND OT.BATCH_YN = 2)
2026-08-31 16:27:59.586 INFO  [c.a.config.SqlOnlyInterceptor] SQL Result  | mapper=com.ait.sy.syAffirm.mapper.SyAffirmEmailMapper.countPendingApprovals | caller=com.ait.sy.syAffirm.service.impl.SyAffirmEmailServiceImpl.getPendingApprovalCounts(SyAffirmEmailServiceImpl.java:114) | rowsReturned=1 | took=1130 ms
2026-08-31 16:30:53.711 INFO  [c.a.config.SqlOnlyInterceptor] SQL Execute | mapper=com.ait.sy.syAffirm.mapper.SyAffirmEmailMapper.countPendingApprovals | caller=com.ait.sy.syAffirm.service.impl.SyAffirmEmailServiceImpl.getPendingApprovalCounts(SyAffirmEmailServiceImpl.java:105) | command=SELECT | params=[adminID='11111111'] | sql=SELECT COUNT(1) FROM SY_AFFIRM_EMAIL EM WHERE ACTIVITY = 0 AND AFFIRM_PERSON_ID = '11111111' AND APPLY_AFFIRM_FLAG NOT IN ('14014310', '14014309', '14014308') AND NOT EXISTS (SELECT 1 FROM ESS_LEAVE_APPLY_TB TB WHERE TB.APPLY_NO = EM.APPLY_NO AND TB.BATCH_YN = 2) AND NOT EXISTS (SELECT 1 FROM ESS_APPLY_OT OT WHERE OT.APPLY_NO = EM.APPLY_NO AND OT.BATCH_YN = 2)
2026-08-31 16:30:54.657 INFO  [c.a.config.SqlOnlyInterceptor] SQL Result  | mapper=com.ait.sy.syAffirm.mapper.SyAffirmEmailMapper.countPendingApprovals | caller=com.ait.sy.syAffirm.service.impl.SyAffirmEmailServiceImpl.getPendingApprovalCounts(SyAffirmEmailServiceImpl.java:105) | rowsReturned=1 | took=946 ms
2026-08-31 16:30:54.658 INFO  [c.a.config.SqlOnlyInterceptor] SQL Execute | mapper=com.ait.sy.syAffirm.mapper.SyAffirmEmailMapper.countPendingApprovals | caller=com.ait.sy.syAffirm.service.impl.SyAffirmEmailServiceImpl.getPendingApprovalCounts(SyAffirmEmailServiceImpl.java:108) | command=SELECT | params=[adminID='11111111', applyTypeCodeSearch='21'] | sql=SELECT COUNT(1) FROM SY_AFFIRM_EMAIL EM WHERE ACTIVITY = 0 AND AFFIRM_PERSON_ID = '11111111' AND APPLY_AFFIRM_FLAG NOT IN ('14014310', '14014309', '14014308') AND APPLY_TYPE_CODE = '21' AND NOT EXISTS (SELECT 1 FROM ESS_LEAVE_APPLY_TB TB WHERE TB.APPLY_NO = EM.APPLY_NO AND TB.BATCH_YN = 2) AND NOT EXISTS (SELECT 1 FROM ESS_APPLY_OT OT WHERE OT.APPLY_NO = EM.APPLY_NO AND OT.BATCH_YN = 2)
2026-08-31 16:30:55.906 INFO  [c.a.config.SqlOnlyInterceptor] SQL Result  | mapper=com.ait.sy.syAffirm.mapper.SyAffirmEmailMapper.countPendingApprovals | caller=com.ait.sy.syAffirm.service.impl.SyAffirmEmailServiceImpl.getPendingApprovalCounts(SyAffirmEmailServiceImpl.java:108) | rowsReturned=1 | took=1248 ms
2026-08-31 16:30:55.907 INFO  [c.a.config.SqlOnlyInterceptor] SQL Execute | mapper=com.ait.sy.syAffirm.mapper.SyAffirmEmailMapper.countPendingApprovals | caller=com.ait.sy.syAffirm.service.impl.SyAffirmEmailServiceImpl.getPendingApprovalCounts(SyAffirmEmailServiceImpl.java:111) | command=SELECT | params=[adminID='11111111', applyTypeCodeSearch='31'] | sql=SELECT COUNT(1) FROM SY_AFFIRM_EMAIL EM WHERE ACTIVITY = 0 AND AFFIRM_PERSON_ID = '11111111' AND APPLY_AFFIRM_FLAG NOT IN ('14014310', '14014309', '14014308') AND APPLY_TYPE_CODE = '31' AND NOT EXISTS (SELECT 1 FROM ESS_LEAVE_APPLY_TB TB WHERE TB.APPLY_NO = EM.APPLY_NO AND TB.BATCH_YN = 2) AND NOT EXISTS (SELECT 1 FROM ESS_APPLY_OT OT WHERE OT.APPLY_NO = EM.APPLY_NO AND OT.BATCH_YN = 2)
2026-08-31 16:30:57.608 INFO  [c.a.config.SqlOnlyInterceptor] SQL Result  | mapper=com.ait.sy.syAffirm.mapper.SyAffirmEmailMapper.countPendingApprovals | caller=com.ait.sy.syAffirm.service.impl.SyAffirmEmailServiceImpl.getPendingApprovalCounts(SyAffirmEmailServiceImpl.java:111) | rowsReturned=1 | took=1701 ms
2026-08-31 16:30:57.609 INFO  [c.a.config.SqlOnlyInterceptor] SQL Execute | mapper=com.ait.sy.syAffirm.mapper.SyAffirmEmailMapper.countPendingApprovals | caller=com.ait.sy.syAffirm.service.impl.SyAffirmEmailServiceImpl.getPendingApprovalCounts(SyAffirmEmailServiceImpl.java:114) | command=SELECT | params=[adminID='11111111', applyTypeCodeSearch='218197'] | sql=SELECT COUNT(1) FROM SY_AFFIRM_EMAIL EM WHERE ACTIVITY = 0 AND AFFIRM_PERSON_ID = '11111111' AND APPLY_AFFIRM_FLAG NOT IN ('14014310', '14014309', '14014308') AND APPLY_TYPE_CODE = '218197' AND NOT EXISTS (SELECT 1 FROM ESS_LEAVE_APPLY_TB TB WHERE TB.APPLY_NO = EM.APPLY_NO AND TB.BATCH_YN = 2) AND NOT EXISTS (SELECT 1 FROM ESS_APPLY_OT OT WHERE OT.APPLY_NO = EM.APPLY_NO AND OT.BATCH_YN = 2)
2026-08-31 16:30:59.024 INFO  [c.a.config.SqlOnlyInterceptor] SQL Result  | mapper=com.ait.sy.syAffirm.mapper.SyAffirmEmailMapper.countPendingApprovals | caller=com.ait.sy.syAffirm.service.impl.SyAffirmEmailServiceImpl.getPendingApprovalCounts(SyAffirmEmailServiceImpl.java:114) | rowsReturned=1 | took=1415 ms
2026-08-31 16:33:53.719 INFO  [c.a.config.SqlOnlyInterceptor] SQL Execute | mapper=com.ait.sy.syAffirm.mapper.SyAffirmEmailMapper.countPendingApprovals | caller=com.ait.sy.syAffirm.service.impl.SyAffirmEmailServiceImpl.getPendingApprovalCounts(SyAffirmEmailServiceImpl.java:105) | command=SELECT | params=[adminID='11111111'] | sql=SELECT COUNT(1) FROM SY_AFFIRM_EMAIL EM WHERE ACTIVITY = 0 AND AFFIRM_PERSON_ID = '11111111' AND APPLY_AFFIRM_FLAG NOT IN ('14014310', '14014309', '14014308') AND NOT EXISTS (SELECT 1 FROM ESS_LEAVE_APPLY_TB TB WHERE TB.APPLY_NO = EM.APPLY_NO AND TB.BATCH_YN = 2) AND NOT EXISTS (SELECT 1 FROM ESS_APPLY_OT OT WHERE OT.APPLY_NO = EM.APPLY_NO AND OT.BATCH_YN = 2)
2026-08-31 16:33:55.432 INFO  [c.a.config.SqlOnlyInterceptor] SQL Result  | mapper=com.ait.sy.syAffirm.mapper.SyAffirmEmailMapper.countPendingApprovals | caller=com.ait.sy.syAffirm.service.impl.SyAffirmEmailServiceImpl.getPendingApprovalCounts(SyAffirmEmailServiceImpl.java:105) | rowsReturned=1 | took=1715 ms
2026-08-31 16:33:55.433 INFO  [c.a.config.SqlOnlyInterceptor] SQL Execute | mapper=com.ait.sy.syAffirm.mapper.SyAffirmEmailMapper.countPendingApprovals | caller=com.ait.sy.syAffirm.service.impl.SyAffirmEmailServiceImpl.getPendingApprovalCounts(SyAffirmEmailServiceImpl.java:108) | command=SELECT | params=[adminID='11111111', applyTypeCodeSearch='21'] | sql=SELECT COUNT(1) FROM SY_AFFIRM_EMAIL EM WHERE ACTIVITY = 0 AND AFFIRM_PERSON_ID = '11111111' AND APPLY_AFFIRM_FLAG NOT IN ('14014310', '14014309', '14014308') AND APPLY_TYPE_CODE = '21' AND NOT EXISTS (SELECT 1 FROM ESS_LEAVE_APPLY_TB TB WHERE TB.APPLY_NO = EM.APPLY_NO AND TB.BATCH_YN = 2) AND NOT EXISTS (SELECT 1 FROM ESS_APPLY_OT OT WHERE OT.APPLY_NO = EM.APPLY_NO AND OT.BATCH_YN = 2)
2026-08-31 16:33:57.145 INFO  [c.a.config.SqlOnlyInterceptor] SQL Result  | mapper=com.ait.sy.syAffirm.mapper.SyAffirmEmailMapper.countPendingApprovals | caller=com.ait.sy.syAffirm.service.impl.SyAffirmEmailServiceImpl.getPendingApprovalCounts(SyAffirmEmailServiceImpl.java:108) | rowsReturned=1 | took=1712 ms
2026-08-31 16:33:57.147 INFO  [c.a.config.SqlOnlyInterceptor] SQL Execute | mapper=com.ait.sy.syAffirm.mapper.SyAffirmEmailMapper.countPendingApprovals | caller=com.ait.sy.syAffirm.service.impl.SyAffirmEmailServiceImpl.getPendingApprovalCounts(SyAffirmEmailServiceImpl.java:111) | command=SELECT | params=[adminID='11111111', applyTypeCodeSearch='31'] | sql=SELECT COUNT(1) FROM SY_AFFIRM_EMAIL EM WHERE ACTIVITY = 0 AND AFFIRM_PERSON_ID = '11111111' AND APPLY_AFFIRM_FLAG NOT IN ('14014310', '14014309', '14014308') AND APPLY_TYPE_CODE = '31' AND NOT EXISTS (SELECT 1 FROM ESS_LEAVE_APPLY_TB TB WHERE TB.APPLY_NO = EM.APPLY_NO AND TB.BATCH_YN = 2) AND NOT EXISTS (SELECT 1 FROM ESS_APPLY_OT OT WHERE OT.APPLY_NO = EM.APPLY_NO AND OT.BATCH_YN = 2)
2026-08-31 16:33:58.078 INFO  [c.a.config.SqlOnlyInterceptor] SQL Result  | mapper=com.ait.sy.syAffirm.mapper.SyAffirmEmailMapper.countPendingApprovals | caller=com.ait.sy.syAffirm.service.impl.SyAffirmEmailServiceImpl.getPendingApprovalCounts(SyAffirmEmailServiceImpl.java:111) | rowsReturned=1 | took=932 ms
2026-08-31 16:33:58.079 INFO  [c.a.config.SqlOnlyInterceptor] SQL Execute | mapper=com.ait.sy.syAffirm.mapper.SyAffirmEmailMapper.countPendingApprovals | caller=com.ait.sy.syAffirm.service.impl.SyAffirmEmailServiceImpl.getPendingApprovalCounts(SyAffirmEmailServiceImpl.java:114) | command=SELECT | params=[adminID='11111111', applyTypeCodeSearch='218197'] | sql=SELECT COUNT(1) FROM SY_AFFIRM_EMAIL EM WHERE ACTIVITY = 0 AND AFFIRM_PERSON_ID = '11111111' AND APPLY_AFFIRM_FLAG NOT IN ('14014310', '14014309', '14014308') AND APPLY_TYPE_CODE = '218197' AND NOT EXISTS (SELECT 1 FROM ESS_LEAVE_APPLY_TB TB WHERE TB.APPLY_NO = EM.APPLY_NO AND TB.BATCH_YN = 2) AND NOT EXISTS (SELECT 1 FROM ESS_APPLY_OT OT WHERE OT.APPLY_NO = EM.APPLY_NO AND OT.BATCH_YN = 2)
2026-08-31 16:33:59.397 INFO  [c.a.config.SqlOnlyInterceptor] SQL Result  | mapper=com.ait.sy.syAffirm.mapper.SyAffirmEmailMapper.countPendingApprovals | caller=com.ait.sy.syAffirm.service.impl.SyAffirmEmailServiceImpl.getPendingApprovalCounts(SyAffirmEmailServiceImpl.java:114) | rowsReturned=1 | took=1318 ms
2026-08-31 16:46:05.495 INFO  [c.a.config.SqlOnlyInterceptor] SQL Execute | mapper=com.ait.sy.syAffirm.mapper.SyAffirmEmailMapper.countPendingApprovals | caller=com.ait.sy.syAffirm.service.impl.SyAffirmEmailServiceImpl.getPendingApprovalCounts(SyAffirmEmailServiceImpl.java:105) | command=SELECT | params=[adminID='11111111'] | sql=SELECT COUNT(1) FROM SY_AFFIRM_EMAIL EM WHERE ACTIVITY = 0 AND AFFIRM_PERSON_ID = '11111111' AND APPLY_AFFIRM_FLAG NOT IN ('14014310', '14014309', '14014308') AND NOT EXISTS (SELECT 1 FROM ESS_LEAVE_APPLY_TB TB WHERE TB.APPLY_NO = EM.APPLY_NO AND TB.BATCH_YN = 2) AND NOT EXISTS (SELECT 1 FROM ESS_APPLY_OT OT WHERE OT.APPLY_NO = EM.APPLY_NO AND OT.BATCH_YN = 2)
2026-08-31 16:46:05.501 WARN  [o.s.w.s.m.m.a.ExceptionHandlerExceptionResolver] Resolved [org.springframework.web.servlet.resource.NoResourceFoundException: No static resource dummy-avatar.jpg.]
2026-08-31 16:46:07.571 INFO  [c.a.config.SqlOnlyInterceptor] SQL Result  | mapper=com.ait.sy.syAffirm.mapper.SyAffirmEmailMapper.countPendingApprovals | caller=com.ait.sy.syAffirm.service.impl.SyAffirmEmailServiceImpl.getPendingApprovalCounts(SyAffirmEmailServiceImpl.java:105) | rowsReturned=1 | took=2075 ms
2026-08-31 16:46:07.573 INFO  [c.a.config.SqlOnlyInterceptor] SQL Execute | mapper=com.ait.sy.syAffirm.mapper.SyAffirmEmailMapper.countPendingApprovals | caller=com.ait.sy.syAffirm.service.impl.SyAffirmEmailServiceImpl.getPendingApprovalCounts(SyAffirmEmailServiceImpl.java:108) | command=SELECT | params=[adminID='11111111', applyTypeCodeSearch='21'] | sql=SELECT COUNT(1) FROM SY_AFFIRM_EMAIL EM WHERE ACTIVITY = 0 AND AFFIRM_PERSON_ID = '11111111' AND APPLY_AFFIRM_FLAG NOT IN ('14014310', '14014309', '14014308') AND APPLY_TYPE_CODE = '21' AND NOT EXISTS (SELECT 1 FROM ESS_LEAVE_APPLY_TB TB WHERE TB.APPLY_NO = EM.APPLY_NO AND TB.BATCH_YN = 2) AND NOT EXISTS (SELECT 1 FROM ESS_APPLY_OT OT WHERE OT.APPLY_NO = EM.APPLY_NO AND OT.BATCH_YN = 2)
2026-08-31 16:46:09.179 INFO  [c.a.config.SqlOnlyInterceptor] SQL Result  | mapper=com.ait.sy.syAffirm.mapper.SyAffirmEmailMapper.countPendingApprovals | caller=com.ait.sy.syAffirm.service.impl.SyAffirmEmailServiceImpl.getPendingApprovalCounts(SyAffirmEmailServiceImpl.java:108) | rowsReturned=1 | took=1606 ms
2026-08-31 16:46:09.180 INFO  [c.a.config.SqlOnlyInterceptor] SQL Execute | mapper=com.ait.sy.syAffirm.mapper.SyAffirmEmailMapper.countPendingApprovals | caller=com.ait.sy.syAffirm.service.impl.SyAffirmEmailServiceImpl.getPendingApprovalCounts(SyAffirmEmailServiceImpl.java:111) | command=SELECT | params=[adminID='11111111', applyTypeCodeSearch='31'] | sql=SELECT COUNT(1) FROM SY_AFFIRM_EMAIL EM WHERE ACTIVITY = 0 AND AFFIRM_PERSON_ID = '11111111' AND APPLY_AFFIRM_FLAG NOT IN ('14014310', '14014309', '14014308') AND APPLY_TYPE_CODE = '31' AND NOT EXISTS (SELECT 1 FROM ESS_LEAVE_APPLY_TB TB WHERE TB.APPLY_NO = EM.APPLY_NO AND TB.BATCH_YN = 2) AND NOT EXISTS (SELECT 1 FROM ESS_APPLY_OT OT WHERE OT.APPLY_NO = EM.APPLY_NO AND OT.BATCH_YN = 2)
2026-08-31 16:46:10.408 INFO  [c.a.config.SqlOnlyInterceptor] SQL Result  | mapper=com.ait.sy.syAffirm.mapper.SyAffirmEmailMapper.countPendingApprovals | caller=com.ait.sy.syAffirm.service.impl.SyAffirmEmailServiceImpl.getPendingApprovalCounts(SyAffirmEmailServiceImpl.java:111) | rowsReturned=1 | took=1228 ms
2026-08-31 16:46:10.410 INFO  [c.a.config.SqlOnlyInterceptor] SQL Execute | mapper=com.ait.sy.syAffirm.mapper.SyAffirmEmailMapper.countPendingApprovals | caller=com.ait.sy.syAffirm.service.impl.SyAffirmEmailServiceImpl.getPendingApprovalCounts(SyAffirmEmailServiceImpl.java:114) | command=SELECT | params=[adminID='11111111', applyTypeCodeSearch='218197'] | sql=SELECT COUNT(1) FROM SY_AFFIRM_EMAIL EM WHERE ACTIVITY = 0 AND AFFIRM_PERSON_ID = '11111111' AND APPLY_AFFIRM_FLAG NOT IN ('14014310', '14014309', '14014308') AND APPLY_TYPE_CODE = '218197' AND NOT EXISTS (SELECT 1 FROM ESS_LEAVE_APPLY_TB TB WHERE TB.APPLY_NO = EM.APPLY_NO AND TB.BATCH_YN = 2) AND NOT EXISTS (SELECT 1 FROM ESS_APPLY_OT OT WHERE OT.APPLY_NO = EM.APPLY_NO AND OT.BATCH_YN = 2)
2026-08-31 16:46:11.528 INFO  [c.a.config.SqlOnlyInterceptor] SQL Result  | mapper=com.ait.sy.syAffirm.mapper.SyAffirmEmailMapper.countPendingApprovals | caller=com.ait.sy.syAffirm.service.impl.SyAffirmEmailServiceImpl.getPendingApprovalCounts(SyAffirmEmailServiceImpl.java:114) | rowsReturned=1 | took=1118 ms
2026-08-31 16:48:53.709 INFO  [c.a.config.SqlOnlyInterceptor] SQL Execute | mapper=com.ait.sy.syAffirm.mapper.SyAffirmEmailMapper.countPendingApprovals | caller=com.ait.sy.syAffirm.service.impl.SyAffirmEmailServiceImpl.getPendingApprovalCounts(SyAffirmEmailServiceImpl.java:105) | command=SELECT | params=[adminID='11111111'] | sql=SELECT COUNT(1) FROM SY_AFFIRM_EMAIL EM WHERE ACTIVITY = 0 AND AFFIRM_PERSON_ID = '11111111' AND APPLY_AFFIRM_FLAG NOT IN ('14014310', '14014309', '14014308') AND NOT EXISTS (SELECT 1 FROM ESS_LEAVE_APPLY_TB TB WHERE TB.APPLY_NO = EM.APPLY_NO AND TB.BATCH_YN = 2) AND NOT EXISTS (SELECT 1 FROM ESS_APPLY_OT OT WHERE OT.APPLY_NO = EM.APPLY_NO AND OT.BATCH_YN = 2)
2026-08-31 16:48:54.634 INFO  [c.a.config.SqlOnlyInterceptor] SQL Result  | mapper=com.ait.sy.syAffirm.mapper.SyAffirmEmailMapper.countPendingApprovals | caller=com.ait.sy.syAffirm.service.impl.SyAffirmEmailServiceImpl.getPendingApprovalCounts(SyAffirmEmailServiceImpl.java:105) | rowsReturned=1 | took=925 ms
2026-08-31 16:48:54.637 INFO  [c.a.config.SqlOnlyInterceptor] SQL Execute | mapper=com.ait.sy.syAffirm.mapper.SyAffirmEmailMapper.countPendingApprovals | caller=com.ait.sy.syAffirm.service.impl.SyAffirmEmailServiceImpl.getPendingApprovalCounts(SyAffirmEmailServiceImpl.java:108) | command=SELECT | params=[adminID='11111111', applyTypeCodeSearch='21'] | sql=SELECT COUNT(1) FROM SY_AFFIRM_EMAIL EM WHERE ACTIVITY = 0 AND AFFIRM_PERSON_ID = '11111111' AND APPLY_AFFIRM_FLAG NOT IN ('14014310', '14014309', '14014308') AND APPLY_TYPE_CODE = '21' AND NOT EXISTS (SELECT 1 FROM ESS_LEAVE_APPLY_TB TB WHERE TB.APPLY_NO = EM.APPLY_NO AND TB.BATCH_YN = 2) AND NOT EXISTS (SELECT 1 FROM ESS_APPLY_OT OT WHERE OT.APPLY_NO = EM.APPLY_NO AND OT.BATCH_YN = 2)
2026-08-31 16:48:55.872 INFO  [c.a.config.SqlOnlyInterceptor] SQL Result  | mapper=com.ait.sy.syAffirm.mapper.SyAffirmEmailMapper.countPendingApprovals | caller=com.ait.sy.syAffirm.service.impl.SyAffirmEmailServiceImpl.getPendingApprovalCounts(SyAffirmEmailServiceImpl.java:108) | rowsReturned=1 | took=1236 ms
2026-08-31 16:48:55.874 INFO  [c.a.config.SqlOnlyInterceptor] SQL Execute | mapper=com.ait.sy.syAffirm.mapper.SyAffirmEmailMapper.countPendingApprovals | caller=com.ait.sy.syAffirm.service.impl.SyAffirmEmailServiceImpl.getPendingApprovalCounts(SyAffirmEmailServiceImpl.java:111) | command=SELECT | params=[adminID='11111111', applyTypeCodeSearch='31'] | sql=SELECT COUNT(1) FROM SY_AFFIRM_EMAIL EM WHERE ACTIVITY = 0 AND AFFIRM_PERSON_ID = '11111111' AND APPLY_AFFIRM_FLAG NOT IN ('14014310', '14014309', '14014308') AND APPLY_TYPE_CODE = '31' AND NOT EXISTS (SELECT 1 FROM ESS_LEAVE_APPLY_TB TB WHERE TB.APPLY_NO = EM.APPLY_NO AND TB.BATCH_YN = 2) AND NOT EXISTS (SELECT 1 FROM ESS_APPLY_OT OT WHERE OT.APPLY_NO = EM.APPLY_NO AND OT.BATCH_YN = 2)
2026-08-31 16:48:57.332 INFO  [c.a.config.SqlOnlyInterceptor] SQL Result  | mapper=com.ait.sy.syAffirm.mapper.SyAffirmEmailMapper.countPendingApprovals | caller=com.ait.sy.syAffirm.service.impl.SyAffirmEmailServiceImpl.getPendingApprovalCounts(SyAffirmEmailServiceImpl.java:111) | rowsReturned=1 | took=1458 ms
2026-08-31 16:48:57.335 INFO  [c.a.config.SqlOnlyInterceptor] SQL Execute | mapper=com.ait.sy.syAffirm.mapper.SyAffirmEmailMapper.countPendingApprovals | caller=com.ait.sy.syAffirm.service.impl.SyAffirmEmailServiceImpl.getPendingApprovalCounts(SyAffirmEmailServiceImpl.java:114) | command=SELECT | params=[adminID='11111111', applyTypeCodeSearch='218197'] | sql=SELECT COUNT(1) FROM SY_AFFIRM_EMAIL EM WHERE ACTIVITY = 0 AND AFFIRM_PERSON_ID = '11111111' AND APPLY_AFFIRM_FLAG NOT IN ('14014310', '14014309', '14014308') AND APPLY_TYPE_CODE = '218197' AND NOT EXISTS (SELECT 1 FROM ESS_LEAVE_APPLY_TB TB WHERE TB.APPLY_NO = EM.APPLY_NO AND TB.BATCH_YN = 2) AND NOT EXISTS (SELECT 1 FROM ESS_APPLY_OT OT WHERE OT.APPLY_NO = EM.APPLY_NO AND OT.BATCH_YN = 2)
2026-08-31 16:48:58.660 INFO  [c.a.config.SqlOnlyInterceptor] SQL Result  | mapper=com.ait.sy.syAffirm.mapper.SyAffirmEmailMapper.countPendingApprovals | caller=com.ait.sy.syAffirm.service.impl.SyAffirmEmailServiceImpl.getPendingApprovalCounts(SyAffirmEmailServiceImpl.java:114) | rowsReturned=1 | took=1325 ms
2026-08-31 16:51:53.277 INFO  [c.a.config.SqlOnlyInterceptor] SQL Execute | mapper=com.ait.sy.syAffirm.mapper.SyAffirmEmailMapper.countPendingApprovals | caller=com.ait.sy.syAffirm.service.impl.SyAffirmEmailServiceImpl.getPendingApprovalCounts(SyAffirmEmailServiceImpl.java:105) | command=SELECT | params=[adminID='11111111'] | sql=SELECT COUNT(1) FROM SY_AFFIRM_EMAIL EM WHERE ACTIVITY = 0 AND AFFIRM_PERSON_ID = '11111111' AND APPLY_AFFIRM_FLAG NOT IN ('14014310', '14014309', '14014308') AND NOT EXISTS (SELECT 1 FROM ESS_LEAVE_APPLY_TB TB WHERE TB.APPLY_NO = EM.APPLY_NO AND TB.BATCH_YN = 2) AND NOT EXISTS (SELECT 1 FROM ESS_APPLY_OT OT WHERE OT.APPLY_NO = EM.APPLY_NO AND OT.BATCH_YN = 2)
2026-08-31 16:51:55.163 INFO  [c.a.config.SqlOnlyInterceptor] SQL Result  | mapper=com.ait.sy.syAffirm.mapper.SyAffirmEmailMapper.countPendingApprovals | caller=com.ait.sy.syAffirm.service.impl.SyAffirmEmailServiceImpl.getPendingApprovalCounts(SyAffirmEmailServiceImpl.java:105) | rowsReturned=1 | took=1886 ms
2026-08-31 16:51:55.165 INFO  [c.a.config.SqlOnlyInterceptor] SQL Execute | mapper=com.ait.sy.syAffirm.mapper.SyAffirmEmailMapper.countPendingApprovals | caller=com.ait.sy.syAffirm.service.impl.SyAffirmEmailServiceImpl.getPendingApprovalCounts(SyAffirmEmailServiceImpl.java:108) | command=SELECT | params=[adminID='11111111', applyTypeCodeSearch='21'] | sql=SELECT COUNT(1) FROM SY_AFFIRM_EMAIL EM WHERE ACTIVITY = 0 AND AFFIRM_PERSON_ID = '11111111' AND APPLY_AFFIRM_FLAG NOT IN ('14014310', '14014309', '14014308') AND APPLY_TYPE_CODE = '21' AND NOT EXISTS (SELECT 1 FROM ESS_LEAVE_APPLY_TB TB WHERE TB.APPLY_NO = EM.APPLY_NO AND TB.BATCH_YN = 2) AND NOT EXISTS (SELECT 1 FROM ESS_APPLY_OT OT WHERE OT.APPLY_NO = EM.APPLY_NO AND OT.BATCH_YN = 2)
2026-08-31 16:51:56.371 INFO  [c.a.config.SqlOnlyInterceptor] SQL Result  | mapper=com.ait.sy.syAffirm.mapper.SyAffirmEmailMapper.countPendingApprovals | caller=com.ait.sy.syAffirm.service.impl.SyAffirmEmailServiceImpl.getPendingApprovalCounts(SyAffirmEmailServiceImpl.java:108) | rowsReturned=1 | took=1206 ms
2026-08-31 16:51:56.373 INFO  [c.a.config.SqlOnlyInterceptor] SQL Execute | mapper=com.ait.sy.syAffirm.mapper.SyAffirmEmailMapper.countPendingApprovals | caller=com.ait.sy.syAffirm.service.impl.SyAffirmEmailServiceImpl.getPendingApprovalCounts(SyAffirmEmailServiceImpl.java:111) | command=SELECT | params=[adminID='11111111', applyTypeCodeSearch='31'] | sql=SELECT COUNT(1) FROM SY_AFFIRM_EMAIL EM WHERE ACTIVITY = 0 AND AFFIRM_PERSON_ID = '11111111' AND APPLY_AFFIRM_FLAG NOT IN ('14014310', '14014309', '14014308') AND APPLY_TYPE_CODE = '31' AND NOT EXISTS (SELECT 1 FROM ESS_LEAVE_APPLY_TB TB WHERE TB.APPLY_NO = EM.APPLY_NO AND TB.BATCH_YN = 2) AND NOT EXISTS (SELECT 1 FROM ESS_APPLY_OT OT WHERE OT.APPLY_NO = EM.APPLY_NO AND OT.BATCH_YN = 2)
2026-08-31 16:51:57.844 INFO  [c.a.config.SqlOnlyInterceptor] SQL Result  | mapper=com.ait.sy.syAffirm.mapper.SyAffirmEmailMapper.countPendingApprovals | caller=com.ait.sy.syAffirm.service.impl.SyAffirmEmailServiceImpl.getPendingApprovalCounts(SyAffirmEmailServiceImpl.java:111) | rowsReturned=1 | took=1471 ms
2026-08-31 16:51:57.846 INFO  [c.a.config.SqlOnlyInterceptor] SQL Execute | mapper=com.ait.sy.syAffirm.mapper.SyAffirmEmailMapper.countPendingApprovals | caller=com.ait.sy.syAffirm.service.impl.SyAffirmEmailServiceImpl.getPendingApprovalCounts(SyAffirmEmailServiceImpl.java:114) | command=SELECT | params=[adminID='11111111', applyTypeCodeSearch='218197'] | sql=SELECT COUNT(1) FROM SY_AFFIRM_EMAIL EM WHERE ACTIVITY = 0 AND AFFIRM_PERSON_ID = '11111111' AND APPLY_AFFIRM_FLAG NOT IN ('14014310', '14014309', '14014308') AND APPLY_TYPE_CODE = '218197' AND NOT EXISTS (SELECT 1 FROM ESS_LEAVE_APPLY_TB TB WHERE TB.APPLY_NO = EM.APPLY_NO AND TB.BATCH_YN = 2) AND NOT EXISTS (SELECT 1 FROM ESS_APPLY_OT OT WHERE OT.APPLY_NO = EM.APPLY_NO AND OT.BATCH_YN = 2)
2026-08-31 16:51:58.791 INFO  [c.a.config.SqlOnlyInterceptor] SQL Result  | mapper=com.ait.sy.syAffirm.mapper.SyAffirmEmailMapper.countPendingApprovals | caller=com.ait.sy.syAffirm.service.impl.SyAffirmEmailServiceImpl.getPendingApprovalCounts(SyAffirmEmailServiceImpl.java:114) | rowsReturned=1 | took=945 ms
2026-08-31 16:54:53.719 INFO  [c.a.config.SqlOnlyInterceptor] SQL Execute | mapper=com.ait.sy.syAffirm.mapper.SyAffirmEmailMapper.countPendingApprovals | caller=com.ait.sy.syAffirm.service.impl.SyAffirmEmailServiceImpl.getPendingApprovalCounts(SyAffirmEmailServiceImpl.java:105) | command=SELECT | params=[adminID='11111111'] | sql=SELECT COUNT(1) FROM SY_AFFIRM_EMAIL EM WHERE ACTIVITY = 0 AND AFFIRM_PERSON_ID = '11111111' AND APPLY_AFFIRM_FLAG NOT IN ('14014310', '14014309', '14014308') AND NOT EXISTS (SELECT 1 FROM ESS_LEAVE_APPLY_TB TB WHERE TB.APPLY_NO = EM.APPLY_NO AND TB.BATCH_YN = 2) AND NOT EXISTS (SELECT 1 FROM ESS_APPLY_OT OT WHERE OT.APPLY_NO = EM.APPLY_NO AND OT.BATCH_YN = 2)
2026-08-31 16:54:54.804 INFO  [c.a.config.SqlOnlyInterceptor] SQL Result  | mapper=com.ait.sy.syAffirm.mapper.SyAffirmEmailMapper.countPendingApprovals | caller=com.ait.sy.syAffirm.service.impl.SyAffirmEmailServiceImpl.getPendingApprovalCounts(SyAffirmEmailServiceImpl.java:105) | rowsReturned=1 | took=1086 ms
2026-08-31 16:54:54.808 INFO  [c.a.config.SqlOnlyInterceptor] SQL Execute | mapper=com.ait.sy.syAffirm.mapper.SyAffirmEmailMapper.countPendingApprovals | caller=com.ait.sy.syAffirm.service.impl.SyAffirmEmailServiceImpl.getPendingApprovalCounts(SyAffirmEmailServiceImpl.java:108) | command=SELECT | params=[adminID='11111111', applyTypeCodeSearch='21'] | sql=SELECT COUNT(1) FROM SY_AFFIRM_EMAIL EM WHERE ACTIVITY = 0 AND AFFIRM_PERSON_ID = '11111111' AND APPLY_AFFIRM_FLAG NOT IN ('14014310', '14014309', '14014308') AND APPLY_TYPE_CODE = '21' AND NOT EXISTS (SELECT 1 FROM ESS_LEAVE_APPLY_TB TB WHERE TB.APPLY_NO = EM.APPLY_NO AND TB.BATCH_YN = 2) AND NOT EXISTS (SELECT 1 FROM ESS_APPLY_OT OT WHERE OT.APPLY_NO = EM.APPLY_NO AND OT.BATCH_YN = 2)
2026-08-31 16:54:55.718 INFO  [c.a.config.SqlOnlyInterceptor] SQL Result  | mapper=com.ait.sy.syAffirm.mapper.SyAffirmEmailMapper.countPendingApprovals | caller=com.ait.sy.syAffirm.service.impl.SyAffirmEmailServiceImpl.getPendingApprovalCounts(SyAffirmEmailServiceImpl.java:108) | rowsReturned=1 | took=911 ms
2026-08-31 16:54:55.721 INFO  [c.a.config.SqlOnlyInterceptor] SQL Execute | mapper=com.ait.sy.syAffirm.mapper.SyAffirmEmailMapper.countPendingApprovals | caller=com.ait.sy.syAffirm.service.impl.SyAffirmEmailServiceImpl.getPendingApprovalCounts(SyAffirmEmailServiceImpl.java:111) | command=SELECT | params=[adminID='11111111', applyTypeCodeSearch='31'] | sql=SELECT COUNT(1) FROM SY_AFFIRM_EMAIL EM WHERE ACTIVITY = 0 AND AFFIRM_PERSON_ID = '11111111' AND APPLY_AFFIRM_FLAG NOT IN ('14014310', '14014309', '14014308') AND APPLY_TYPE_CODE = '31' AND NOT EXISTS (SELECT 1 FROM ESS_LEAVE_APPLY_TB TB WHERE TB.APPLY_NO = EM.APPLY_NO AND TB.BATCH_YN = 2) AND NOT EXISTS (SELECT 1 FROM ESS_APPLY_OT OT WHERE OT.APPLY_NO = EM.APPLY_NO AND OT.BATCH_YN = 2)
2026-08-31 16:54:57.464 INFO  [c.a.config.SqlOnlyInterceptor] SQL Result  | mapper=com.ait.sy.syAffirm.mapper.SyAffirmEmailMapper.countPendingApprovals | caller=com.ait.sy.syAffirm.service.impl.SyAffirmEmailServiceImpl.getPendingApprovalCounts(SyAffirmEmailServiceImpl.java:111) | rowsReturned=1 | took=1743 ms
2026-08-31 16:54:57.466 INFO  [c.a.config.SqlOnlyInterceptor] SQL Execute | mapper=com.ait.sy.syAffirm.mapper.SyAffirmEmailMapper.countPendingApprovals | caller=com.ait.sy.syAffirm.service.impl.SyAffirmEmailServiceImpl.getPendingApprovalCounts(SyAffirmEmailServiceImpl.java:114) | command=SELECT | params=[adminID='11111111', applyTypeCodeSearch='218197'] | sql=SELECT COUNT(1) FROM SY_AFFIRM_EMAIL EM WHERE ACTIVITY = 0 AND AFFIRM_PERSON_ID = '11111111' AND APPLY_AFFIRM_FLAG NOT IN ('14014310', '14014309', '14014308') AND APPLY_TYPE_CODE = '218197' AND NOT EXISTS (SELECT 1 FROM ESS_LEAVE_APPLY_TB TB WHERE TB.APPLY_NO = EM.APPLY_NO AND TB.BATCH_YN = 2) AND NOT EXISTS (SELECT 1 FROM ESS_APPLY_OT OT WHERE OT.APPLY_NO = EM.APPLY_NO AND OT.BATCH_YN = 2)
2026-08-31 16:54:58.859 INFO  [c.a.config.SqlOnlyInterceptor] SQL Result  | mapper=com.ait.sy.syAffirm.mapper.SyAffirmEmailMapper.countPendingApprovals | caller=com.ait.sy.syAffirm.service.impl.SyAffirmEmailServiceImpl.getPendingApprovalCounts(SyAffirmEmailServiceImpl.java:114) | rowsReturned=1 | took=1394 ms
2026-08-31 16:57:53.711 INFO  [c.a.config.SqlOnlyInterceptor] SQL Execute | mapper=com.ait.sy.syAffirm.mapper.SyAffirmEmailMapper.countPendingApprovals | caller=com.ait.sy.syAffirm.service.impl.SyAffirmEmailServiceImpl.getPendingApprovalCounts(SyAffirmEmailServiceImpl.java:105) | command=SELECT | params=[adminID='11111111'] | sql=SELECT COUNT(1) FROM SY_AFFIRM_EMAIL EM WHERE ACTIVITY = 0 AND AFFIRM_PERSON_ID = '11111111' AND APPLY_AFFIRM_FLAG NOT IN ('14014310', '14014309', '14014308') AND NOT EXISTS (SELECT 1 FROM ESS_LEAVE_APPLY_TB TB WHERE TB.APPLY_NO = EM.APPLY_NO AND TB.BATCH_YN = 2) AND NOT EXISTS (SELECT 1 FROM ESS_APPLY_OT OT WHERE OT.APPLY_NO = EM.APPLY_NO AND OT.BATCH_YN = 2)
2026-08-31 16:57:55.012 INFO  [c.a.config.SqlOnlyInterceptor] SQL Result  | mapper=com.ait.sy.syAffirm.mapper.SyAffirmEmailMapper.countPendingApprovals | caller=com.ait.sy.syAffirm.service.impl.SyAffirmEmailServiceImpl.getPendingApprovalCounts(SyAffirmEmailServiceImpl.java:105) | rowsReturned=1 | took=1302 ms
2026-08-31 16:57:55.015 INFO  [c.a.config.SqlOnlyInterceptor] SQL Execute | mapper=com.ait.sy.syAffirm.mapper.SyAffirmEmailMapper.countPendingApprovals | caller=com.ait.sy.syAffirm.service.impl.SyAffirmEmailServiceImpl.getPendingApprovalCounts(SyAffirmEmailServiceImpl.java:108) | command=SELECT | params=[adminID='11111111', applyTypeCodeSearch='21'] | sql=SELECT COUNT(1) FROM SY_AFFIRM_EMAIL EM WHERE ACTIVITY = 0 AND AFFIRM_PERSON_ID = '11111111' AND APPLY_AFFIRM_FLAG NOT IN ('14014310', '14014309', '14014308') AND APPLY_TYPE_CODE = '21' AND NOT EXISTS (SELECT 1 FROM ESS_LEAVE_APPLY_TB TB WHERE TB.APPLY_NO = EM.APPLY_NO AND TB.BATCH_YN = 2) AND NOT EXISTS (SELECT 1 FROM ESS_APPLY_OT OT WHERE OT.APPLY_NO = EM.APPLY_NO AND OT.BATCH_YN = 2)
2026-08-31 16:57:55.778 INFO  [c.a.config.SqlOnlyInterceptor] SQL Result  | mapper=com.ait.sy.syAffirm.mapper.SyAffirmEmailMapper.countPendingApprovals | caller=com.ait.sy.syAffirm.service.impl.SyAffirmEmailServiceImpl.getPendingApprovalCounts(SyAffirmEmailServiceImpl.java:108) | rowsReturned=1 | took=764 ms
2026-08-31 16:57:55.780 INFO  [c.a.config.SqlOnlyInterceptor] SQL Execute | mapper=com.ait.sy.syAffirm.mapper.SyAffirmEmailMapper.countPendingApprovals | caller=com.ait.sy.syAffirm.service.impl.SyAffirmEmailServiceImpl.getPendingApprovalCounts(SyAffirmEmailServiceImpl.java:111) | command=SELECT | params=[adminID='11111111', applyTypeCodeSearch='31'] | sql=SELECT COUNT(1) FROM SY_AFFIRM_EMAIL EM WHERE ACTIVITY = 0 AND AFFIRM_PERSON_ID = '11111111' AND APPLY_AFFIRM_FLAG NOT IN ('14014310', '14014309', '14014308') AND APPLY_TYPE_CODE = '31' AND NOT EXISTS (SELECT 1 FROM ESS_LEAVE_APPLY_TB TB WHERE TB.APPLY_NO = EM.APPLY_NO AND TB.BATCH_YN = 2) AND NOT EXISTS (SELECT 1 FROM ESS_APPLY_OT OT WHERE OT.APPLY_NO = EM.APPLY_NO AND OT.BATCH_YN = 2)
2026-08-31 16:57:56.521 INFO  [c.a.config.SqlOnlyInterceptor] SQL Result  | mapper=com.ait.sy.syAffirm.mapper.SyAffirmEmailMapper.countPendingApprovals | caller=com.ait.sy.syAffirm.service.impl.SyAffirmEmailServiceImpl.getPendingApprovalCounts(SyAffirmEmailServiceImpl.java:111) | rowsReturned=1 | took=741 ms
2026-08-31 16:57:56.525 INFO  [c.a.config.SqlOnlyInterceptor] SQL Execute | mapper=com.ait.sy.syAffirm.mapper.SyAffirmEmailMapper.countPendingApprovals | caller=com.ait.sy.syAffirm.service.impl.SyAffirmEmailServiceImpl.getPendingApprovalCounts(SyAffirmEmailServiceImpl.java:114) | command=SELECT | params=[adminID='11111111', applyTypeCodeSearch='218197'] | sql=SELECT COUNT(1) FROM SY_AFFIRM_EMAIL EM WHERE ACTIVITY = 0 AND AFFIRM_PERSON_ID = '11111111' AND APPLY_AFFIRM_FLAG NOT IN ('14014310', '14014309', '14014308') AND APPLY_TYPE_CODE = '218197' AND NOT EXISTS (SELECT 1 FROM ESS_LEAVE_APPLY_TB TB WHERE TB.APPLY_NO = EM.APPLY_NO AND TB.BATCH_YN = 2) AND NOT EXISTS (SELECT 1 FROM ESS_APPLY_OT OT WHERE OT.APPLY_NO = EM.APPLY_NO AND OT.BATCH_YN = 2)
2026-08-31 16:57:57.543 INFO  [c.a.config.SqlOnlyInterceptor] SQL Result  | mapper=com.ait.sy.syAffirm.mapper.SyAffirmEmailMapper.countPendingApprovals | caller=com.ait.sy.syAffirm.service.impl.SyAffirmEmailServiceImpl.getPendingApprovalCounts(SyAffirmEmailServiceImpl.java:114) | rowsReturned=1 | took=1020 ms
2026-08-31 17:00:53.279 INFO  [c.a.config.SqlOnlyInterceptor] SQL Execute | mapper=com.ait.sy.syAffirm.mapper.SyAffirmEmailMapper.countPendingApprovals | caller=com.ait.sy.syAffirm.service.impl.SyAffirmEmailServiceImpl.getPendingApprovalCounts(SyAffirmEmailServiceImpl.java:105) | command=SELECT | params=[adminID='11111111'] | sql=SELECT COUNT(1) FROM SY_AFFIRM_EMAIL EM WHERE ACTIVITY = 0 AND AFFIRM_PERSON_ID = '11111111' AND APPLY_AFFIRM_FLAG NOT IN ('14014310', '14014309', '14014308') AND NOT EXISTS (SELECT 1 FROM ESS_LEAVE_APPLY_TB TB WHERE TB.APPLY_NO = EM.APPLY_NO AND TB.BATCH_YN = 2) AND NOT EXISTS (SELECT 1 FROM ESS_APPLY_OT OT WHERE OT.APPLY_NO = EM.APPLY_NO AND OT.BATCH_YN = 2)
2026-08-31 17:00:54.650 INFO  [c.a.config.SqlOnlyInterceptor] SQL Result  | mapper=com.ait.sy.syAffirm.mapper.SyAffirmEmailMapper.countPendingApprovals | caller=com.ait.sy.syAffirm.service.impl.SyAffirmEmailServiceImpl.getPendingApprovalCounts(SyAffirmEmailServiceImpl.java:105) | rowsReturned=1 | took=1372 ms
2026-08-31 17:00:54.652 INFO  [c.a.config.SqlOnlyInterceptor] SQL Execute | mapper=com.ait.sy.syAffirm.mapper.SyAffirmEmailMapper.countPendingApprovals | caller=com.ait.sy.syAffirm.service.impl.SyAffirmEmailServiceImpl.getPendingApprovalCounts(SyAffirmEmailServiceImpl.java:108) | command=SELECT | params=[adminID='11111111', applyTypeCodeSearch='21'] | sql=SELECT COUNT(1) FROM SY_AFFIRM_EMAIL EM WHERE ACTIVITY = 0 AND AFFIRM_PERSON_ID = '11111111' AND APPLY_AFFIRM_FLAG NOT IN ('14014310', '14014309', '14014308') AND APPLY_TYPE_CODE = '21' AND NOT EXISTS (SELECT 1 FROM ESS_LEAVE_APPLY_TB TB WHERE TB.APPLY_NO = EM.APPLY_NO AND TB.BATCH_YN = 2) AND NOT EXISTS (SELECT 1 FROM ESS_APPLY_OT OT WHERE OT.APPLY_NO = EM.APPLY_NO AND OT.BATCH_YN = 2)
2026-08-31 17:00:56.265 INFO  [c.a.config.SqlOnlyInterceptor] SQL Result  | mapper=com.ait.sy.syAffirm.mapper.SyAffirmEmailMapper.countPendingApprovals | caller=com.ait.sy.syAffirm.service.impl.SyAffirmEmailServiceImpl.getPendingApprovalCounts(SyAffirmEmailServiceImpl.java:108) | rowsReturned=1 | took=1613 ms
2026-08-31 17:00:56.268 INFO  [c.a.config.SqlOnlyInterceptor] SQL Execute | mapper=com.ait.sy.syAffirm.mapper.SyAffirmEmailMapper.countPendingApprovals | caller=com.ait.sy.syAffirm.service.impl.SyAffirmEmailServiceImpl.getPendingApprovalCounts(SyAffirmEmailServiceImpl.java:111) | command=SELECT | params=[adminID='11111111', applyTypeCodeSearch='31'] | sql=SELECT COUNT(1) FROM SY_AFFIRM_EMAIL EM WHERE ACTIVITY = 0 AND AFFIRM_PERSON_ID = '11111111' AND APPLY_AFFIRM_FLAG NOT IN ('14014310', '14014309', '14014308') AND APPLY_TYPE_CODE = '31' AND NOT EXISTS (SELECT 1 FROM ESS_LEAVE_APPLY_TB TB WHERE TB.APPLY_NO = EM.APPLY_NO AND TB.BATCH_YN = 2) AND NOT EXISTS (SELECT 1 FROM ESS_APPLY_OT OT WHERE OT.APPLY_NO = EM.APPLY_NO AND OT.BATCH_YN = 2)
2026-08-31 17:00:57.358 INFO  [c.a.config.SqlOnlyInterceptor] SQL Result  | mapper=com.ait.sy.syAffirm.mapper.SyAffirmEmailMapper.countPendingApprovals | caller=com.ait.sy.syAffirm.service.impl.SyAffirmEmailServiceImpl.getPendingApprovalCounts(SyAffirmEmailServiceImpl.java:111) | rowsReturned=1 | took=1090 ms
2026-08-31 17:00:57.361 INFO  [c.a.config.SqlOnlyInterceptor] SQL Execute | mapper=com.ait.sy.syAffirm.mapper.SyAffirmEmailMapper.countPendingApprovals | caller=com.ait.sy.syAffirm.service.impl.SyAffirmEmailServiceImpl.getPendingApprovalCounts(SyAffirmEmailServiceImpl.java:114) | command=SELECT | params=[adminID='11111111', applyTypeCodeSearch='218197'] | sql=SELECT COUNT(1) FROM SY_AFFIRM_EMAIL EM WHERE ACTIVITY = 0 AND AFFIRM_PERSON_ID = '11111111' AND APPLY_AFFIRM_FLAG NOT IN ('14014310', '14014309', '14014308') AND APPLY_TYPE_CODE = '218197' AND NOT EXISTS (SELECT 1 FROM ESS_LEAVE_APPLY_TB TB WHERE TB.APPLY_NO = EM.APPLY_NO AND TB.BATCH_YN = 2) AND NOT EXISTS (SELECT 1 FROM ESS_APPLY_OT OT WHERE OT.APPLY_NO = EM.APPLY_NO AND OT.BATCH_YN = 2)
2026-08-31 17:00:59.289 INFO  [c.a.config.SqlOnlyInterceptor] SQL Result  | mapper=com.ait.sy.syAffirm.mapper.SyAffirmEmailMapper.countPendingApprovals | caller=com.ait.sy.syAffirm.service.impl.SyAffirmEmailServiceImpl.getPendingApprovalCounts(SyAffirmEmailServiceImpl.java:114) | rowsReturned=1 | took=1928 ms
2026-08-31 17:03:53.272 INFO  [c.a.config.SqlOnlyInterceptor] SQL Execute | mapper=com.ait.sy.syAffirm.mapper.SyAffirmEmailMapper.countPendingApprovals | caller=com.ait.sy.syAffirm.service.impl.SyAffirmEmailServiceImpl.getPendingApprovalCounts(SyAffirmEmailServiceImpl.java:105) | command=SELECT | params=[adminID='11111111'] | sql=SELECT COUNT(1) FROM SY_AFFIRM_EMAIL EM WHERE ACTIVITY = 0 AND AFFIRM_PERSON_ID = '11111111' AND APPLY_AFFIRM_FLAG NOT IN ('14014310', '14014309', '14014308') AND NOT EXISTS (SELECT 1 FROM ESS_LEAVE_APPLY_TB TB WHERE TB.APPLY_NO = EM.APPLY_NO AND TB.BATCH_YN = 2) AND NOT EXISTS (SELECT 1 FROM ESS_APPLY_OT OT WHERE OT.APPLY_NO = EM.APPLY_NO AND OT.BATCH_YN = 2)
2026-08-31 17:03:54.568 INFO  [c.a.config.SqlOnlyInterceptor] SQL Result  | mapper=com.ait.sy.syAffirm.mapper.SyAffirmEmailMapper.countPendingApprovals | caller=com.ait.sy.syAffirm.service.impl.SyAffirmEmailServiceImpl.getPendingApprovalCounts(SyAffirmEmailServiceImpl.java:105) | rowsReturned=1 | took=1297 ms
2026-08-31 17:03:54.570 INFO  [c.a.config.SqlOnlyInterceptor] SQL Execute | mapper=com.ait.sy.syAffirm.mapper.SyAffirmEmailMapper.countPendingApprovals | caller=com.ait.sy.syAffirm.service.impl.SyAffirmEmailServiceImpl.getPendingApprovalCounts(SyAffirmEmailServiceImpl.java:108) | command=SELECT | params=[adminID='11111111', applyTypeCodeSearch='21'] | sql=SELECT COUNT(1) FROM SY_AFFIRM_EMAIL EM WHERE ACTIVITY = 0 AND AFFIRM_PERSON_ID = '11111111' AND APPLY_AFFIRM_FLAG NOT IN ('14014310', '14014309', '14014308') AND APPLY_TYPE_CODE = '21' AND NOT EXISTS (SELECT 1 FROM ESS_LEAVE_APPLY_TB TB WHERE TB.APPLY_NO = EM.APPLY_NO AND TB.BATCH_YN = 2) AND NOT EXISTS (SELECT 1 FROM ESS_APPLY_OT OT WHERE OT.APPLY_NO = EM.APPLY_NO AND OT.BATCH_YN = 2)
2026-08-31 17:03:55.591 INFO  [c.a.config.SqlOnlyInterceptor] SQL Result  | mapper=com.ait.sy.syAffirm.mapper.SyAffirmEmailMapper.countPendingApprovals | caller=com.ait.sy.syAffirm.service.impl.SyAffirmEmailServiceImpl.getPendingApprovalCounts(SyAffirmEmailServiceImpl.java:108) | rowsReturned=1 | took=1022 ms
2026-08-31 17:03:55.593 INFO  [c.a.config.SqlOnlyInterceptor] SQL Execute | mapper=com.ait.sy.syAffirm.mapper.SyAffirmEmailMapper.countPendingApprovals | caller=com.ait.sy.syAffirm.service.impl.SyAffirmEmailServiceImpl.getPendingApprovalCounts(SyAffirmEmailServiceImpl.java:111) | command=SELECT | params=[adminID='11111111', applyTypeCodeSearch='31'] | sql=SELECT COUNT(1) FROM SY_AFFIRM_EMAIL EM WHERE ACTIVITY = 0 AND AFFIRM_PERSON_ID = '11111111' AND APPLY_AFFIRM_FLAG NOT IN ('14014310', '14014309', '14014308') AND APPLY_TYPE_CODE = '31' AND NOT EXISTS (SELECT 1 FROM ESS_LEAVE_APPLY_TB TB WHERE TB.APPLY_NO = EM.APPLY_NO AND TB.BATCH_YN = 2) AND NOT EXISTS (SELECT 1 FROM ESS_APPLY_OT OT WHERE OT.APPLY_NO = EM.APPLY_NO AND OT.BATCH_YN = 2)
2026-08-31 17:03:56.594 INFO  [c.a.config.SqlOnlyInterceptor] SQL Result  | mapper=com.ait.sy.syAffirm.mapper.SyAffirmEmailMapper.countPendingApprovals | caller=com.ait.sy.syAffirm.service.impl.SyAffirmEmailServiceImpl.getPendingApprovalCounts(SyAffirmEmailServiceImpl.java:111) | rowsReturned=1 | took=1001 ms
2026-08-31 17:03:56.597 INFO  [c.a.config.SqlOnlyInterceptor] SQL Execute | mapper=com.ait.sy.syAffirm.mapper.SyAffirmEmailMapper.countPendingApprovals | caller=com.ait.sy.syAffirm.service.impl.SyAffirmEmailServiceImpl.getPendingApprovalCounts(SyAffirmEmailServiceImpl.java:114) | command=SELECT | params=[adminID='11111111', applyTypeCodeSearch='218197'] | sql=SELECT COUNT(1) FROM SY_AFFIRM_EMAIL EM WHERE ACTIVITY = 0 AND AFFIRM_PERSON_ID = '11111111' AND APPLY_AFFIRM_FLAG NOT IN ('14014310', '14014309', '14014308') AND APPLY_TYPE_CODE = '218197' AND NOT EXISTS (SELECT 1 FROM ESS_LEAVE_APPLY_TB TB WHERE TB.APPLY_NO = EM.APPLY_NO AND TB.BATCH_YN = 2) AND NOT EXISTS (SELECT 1 FROM ESS_APPLY_OT OT WHERE OT.APPLY_NO = EM.APPLY_NO AND OT.BATCH_YN = 2)
2026-08-31 17:03:58.080 INFO  [c.a.config.SqlOnlyInterceptor] SQL Result  | mapper=com.ait.sy.syAffirm.mapper.SyAffirmEmailMapper.countPendingApprovals | caller=com.ait.sy.syAffirm.service.impl.SyAffirmEmailServiceImpl.getPendingApprovalCounts(SyAffirmEmailServiceImpl.java:114) | rowsReturned=1 | took=1483 ms
2026-08-31 17:05:00.017 INFO  [c.a.a.a.s.ArCardRecordScheduler] [AutoImport] Bắt đầu tự động đọc dữ liệu quẹt thẻ: fromDate=2026-08-29, toDate=2026-08-31
2026-08-31 17:05:00.034 INFO  [c.a.a.a.s.i.ArCardRecordServiceImpl] [importFromDevice] Bắt đầu đọc dữ liệu quẹt thẻ từ máy chủ, fromDate=2026-08-29, toDate=2026-08-31
2026-08-31 17:05:30.045 ERROR [c.a.a.a.s.i.ArCardRecordServiceImpl] [importFromDevice] Lỗi kết nối hoặc xử lý dữ liệu
com.microsoft.sqlserver.jdbc.SQLServerException: The TCP/IP connection to the host 10.43.7.249, port 1433 has failed. Error: "Connect timed out. Verify the connection properties. Make sure that an instance of SQL Server is running on the host and accepting TCP/IP connections at the port. Make sure that TCP connections to the port are not blocked by a firewall.".
	at at com.microsoft.sqlserver.jdbc.SQLServerException.makeFromDriverError(SQLServerException.java:231)
2026-08-31 17:05:30.046 ERROR [c.a.a.a.s.ArCardRecordScheduler] [AutoImport] Thất bại: Lỗi kết nối máy chủ quẹt thẻ: The TCP/IP connection to the host 10.43.7.249, port 1433 has failed. Error: "Connect timed out. Verify the connection properties. Make sure that an instance of SQL Server is running on the host and accepting TCP/IP connections at the port. Make sure that TCP connections to the port are not blocked by a firewall.".
2026-08-31 17:06:53.288 INFO  [c.a.config.SqlOnlyInterceptor] SQL Execute | mapper=com.ait.sy.syAffirm.mapper.SyAffirmEmailMapper.countPendingApprovals | caller=com.ait.sy.syAffirm.service.impl.SyAffirmEmailServiceImpl.getPendingApprovalCounts(SyAffirmEmailServiceImpl.java:105) | command=SELECT | params=[adminID='11111111'] | sql=SELECT COUNT(1) FROM SY_AFFIRM_EMAIL EM WHERE ACTIVITY = 0 AND AFFIRM_PERSON_ID = '11111111' AND APPLY_AFFIRM_FLAG NOT IN ('14014310', '14014309', '14014308') AND NOT EXISTS (SELECT 1 FROM ESS_LEAVE_APPLY_TB TB WHERE TB.APPLY_NO = EM.APPLY_NO AND TB.BATCH_YN = 2) AND NOT EXISTS (SELECT 1 FROM ESS_APPLY_OT OT WHERE OT.APPLY_NO = EM.APPLY_NO AND OT.BATCH_YN = 2)
2026-08-31 17:06:55.352 INFO  [c.a.config.SqlOnlyInterceptor] SQL Result  | mapper=com.ait.sy.syAffirm.mapper.SyAffirmEmailMapper.countPendingApprovals | caller=com.ait.sy.syAffirm.service.impl.SyAffirmEmailServiceImpl.getPendingApprovalCounts(SyAffirmEmailServiceImpl.java:105) | rowsReturned=1 | took=2065 ms
2026-08-31 17:06:55.356 INFO  [c.a.config.SqlOnlyInterceptor] SQL Execute | mapper=com.ait.sy.syAffirm.mapper.SyAffirmEmailMapper.countPendingApprovals | caller=com.ait.sy.syAffirm.service.impl.SyAffirmEmailServiceImpl.getPendingApprovalCounts(SyAffirmEmailServiceImpl.java:108) | command=SELECT | params=[adminID='11111111', applyTypeCodeSearch='21'] | sql=SELECT COUNT(1) FROM SY_AFFIRM_EMAIL EM WHERE ACTIVITY = 0 AND AFFIRM_PERSON_ID = '11111111' AND APPLY_AFFIRM_FLAG NOT IN ('14014310', '14014309', '14014308') AND APPLY_TYPE_CODE = '21' AND NOT EXISTS (SELECT 1 FROM ESS_LEAVE_APPLY_TB TB WHERE TB.APPLY_NO = EM.APPLY_NO AND TB.BATCH_YN = 2) AND NOT EXISTS (SELECT 1 FROM ESS_APPLY_OT OT WHERE OT.APPLY_NO = EM.APPLY_NO AND OT.BATCH_YN = 2)
2026-08-31 17:06:57.028 INFO  [c.a.config.SqlOnlyInterceptor] SQL Result  | mapper=com.ait.sy.syAffirm.mapper.SyAffirmEmailMapper.countPendingApprovals | caller=com.ait.sy.syAffirm.service.impl.SyAffirmEmailServiceImpl.getPendingApprovalCounts(SyAffirmEmailServiceImpl.java:108) | rowsReturned=1 | took=1673 ms
2026-08-31 17:06:57.031 INFO  [c.a.config.SqlOnlyInterceptor] SQL Execute | mapper=com.ait.sy.syAffirm.mapper.SyAffirmEmailMapper.countPendingApprovals | caller=com.ait.sy.syAffirm.service.impl.SyAffirmEmailServiceImpl.getPendingApprovalCounts(SyAffirmEmailServiceImpl.java:111) | command=SELECT | params=[adminID='11111111', applyTypeCodeSearch='31'] | sql=SELECT COUNT(1) FROM SY_AFFIRM_EMAIL EM WHERE ACTIVITY = 0 AND AFFIRM_PERSON_ID = '11111111' AND APPLY_AFFIRM_FLAG NOT IN ('14014310', '14014309', '14014308') AND APPLY_TYPE_CODE = '31' AND NOT EXISTS (SELECT 1 FROM ESS_LEAVE_APPLY_TB TB WHERE TB.APPLY_NO = EM.APPLY_NO AND TB.BATCH_YN = 2) AND NOT EXISTS (SELECT 1 FROM ESS_APPLY_OT OT WHERE OT.APPLY_NO = EM.APPLY_NO AND OT.BATCH_YN = 2)
2026-08-31 17:06:57.956 INFO  [c.a.config.SqlOnlyInterceptor] SQL Result  | mapper=com.ait.sy.syAffirm.mapper.SyAffirmEmailMapper.countPendingApprovals | caller=com.ait.sy.syAffirm.service.impl.SyAffirmEmailServiceImpl.getPendingApprovalCounts(SyAffirmEmailServiceImpl.java:111) | rowsReturned=1 | took=926 ms
2026-08-31 17:06:57.957 INFO  [c.a.config.SqlOnlyInterceptor] SQL Execute | mapper=com.ait.sy.syAffirm.mapper.SyAffirmEmailMapper.countPendingApprovals | caller=com.ait.sy.syAffirm.service.impl.SyAffirmEmailServiceImpl.getPendingApprovalCounts(SyAffirmEmailServiceImpl.java:114) | command=SELECT | params=[adminID='11111111', applyTypeCodeSearch='218197'] | sql=SELECT COUNT(1) FROM SY_AFFIRM_EMAIL EM WHERE ACTIVITY = 0 AND AFFIRM_PERSON_ID = '11111111' AND APPLY_AFFIRM_FLAG NOT IN ('14014310', '14014309', '14014308') AND APPLY_TYPE_CODE = '218197' AND NOT EXISTS (SELECT 1 FROM ESS_LEAVE_APPLY_TB TB WHERE TB.APPLY_NO = EM.APPLY_NO AND TB.BATCH_YN = 2) AND NOT EXISTS (SELECT 1 FROM ESS_APPLY_OT OT WHERE OT.APPLY_NO = EM.APPLY_NO AND OT.BATCH_YN = 2)
2026-08-31 17:06:58.990 INFO  [c.a.config.SqlOnlyInterceptor] SQL Result  | mapper=com.ait.sy.syAffirm.mapper.SyAffirmEmailMapper.countPendingApprovals | caller=com.ait.sy.syAffirm.service.impl.SyAffirmEmailServiceImpl.getPendingApprovalCounts(SyAffirmEmailServiceImpl.java:114) | rowsReturned=1 | took=1033 ms
2026-08-31 17:09:53.287 INFO  [c.a.config.SqlOnlyInterceptor] SQL Execute | mapper=com.ait.sy.syAffirm.mapper.SyAffirmEmailMapper.countPendingApprovals | caller=com.ait.sy.syAffirm.service.impl.SyAffirmEmailServiceImpl.getPendingApprovalCounts(SyAffirmEmailServiceImpl.java:105) | command=SELECT | params=[adminID='11111111'] | sql=SELECT COUNT(1) FROM SY_AFFIRM_EMAIL EM WHERE ACTIVITY = 0 AND AFFIRM_PERSON_ID = '11111111' AND APPLY_AFFIRM_FLAG NOT IN ('14014310', '14014309', '14014308') AND NOT EXISTS (SELECT 1 FROM ESS_LEAVE_APPLY_TB TB WHERE TB.APPLY_NO = EM.APPLY_NO AND TB.BATCH_YN = 2) AND NOT EXISTS (SELECT 1 FROM ESS_APPLY_OT OT WHERE OT.APPLY_NO = EM.APPLY_NO AND OT.BATCH_YN = 2)
2026-08-31 17:09:54.290 INFO  [c.a.config.SqlOnlyInterceptor] SQL Result  | mapper=com.ait.sy.syAffirm.mapper.SyAffirmEmailMapper.countPendingApprovals | caller=com.ait.sy.syAffirm.service.impl.SyAffirmEmailServiceImpl.getPendingApprovalCounts(SyAffirmEmailServiceImpl.java:105) | rowsReturned=1 | took=1004 ms
2026-08-31 17:09:54.292 INFO  [c.a.config.SqlOnlyInterceptor] SQL Execute | mapper=com.ait.sy.syAffirm.mapper.SyAffirmEmailMapper.countPendingApprovals | caller=com.ait.sy.syAffirm.service.impl.SyAffirmEmailServiceImpl.getPendingApprovalCounts(SyAffirmEmailServiceImpl.java:108) | command=SELECT | params=[adminID='11111111', applyTypeCodeSearch='21'] | sql=SELECT COUNT(1) FROM SY_AFFIRM_EMAIL EM WHERE ACTIVITY = 0 AND AFFIRM_PERSON_ID = '11111111' AND APPLY_AFFIRM_FLAG NOT IN ('14014310', '14014309', '14014308') AND APPLY_TYPE_CODE = '21' AND NOT EXISTS (SELECT 1 FROM ESS_LEAVE_APPLY_TB TB WHERE TB.APPLY_NO = EM.APPLY_NO AND TB.BATCH_YN = 2) AND NOT EXISTS (SELECT 1 FROM ESS_APPLY_OT OT WHERE OT.APPLY_NO = EM.APPLY_NO AND OT.BATCH_YN = 2)
2026-08-31 17:09:55.764 INFO  [c.a.config.SqlOnlyInterceptor] SQL Result  | mapper=com.ait.sy.syAffirm.mapper.SyAffirmEmailMapper.countPendingApprovals | caller=com.ait.sy.syAffirm.service.impl.SyAffirmEmailServiceImpl.getPendingApprovalCounts(SyAffirmEmailServiceImpl.java:108) | rowsReturned=1 | took=1472 ms
2026-08-31 17:09:55.766 INFO  [c.a.config.SqlOnlyInterceptor] SQL Execute | mapper=com.ait.sy.syAffirm.mapper.SyAffirmEmailMapper.countPendingApprovals | caller=com.ait.sy.syAffirm.service.impl.SyAffirmEmailServiceImpl.getPendingApprovalCounts(SyAffirmEmailServiceImpl.java:111) | command=SELECT | params=[adminID='11111111', applyTypeCodeSearch='31'] | sql=SELECT COUNT(1) FROM SY_AFFIRM_EMAIL EM WHERE ACTIVITY = 0 AND AFFIRM_PERSON_ID = '11111111' AND APPLY_AFFIRM_FLAG NOT IN ('14014310', '14014309', '14014308') AND APPLY_TYPE_CODE = '31' AND NOT EXISTS (SELECT 1 FROM ESS_LEAVE_APPLY_TB TB WHERE TB.APPLY_NO = EM.APPLY_NO AND TB.BATCH_YN = 2) AND NOT EXISTS (SELECT 1 FROM ESS_APPLY_OT OT WHERE OT.APPLY_NO = EM.APPLY_NO AND OT.BATCH_YN = 2)
2026-08-31 17:09:57.504 INFO  [c.a.config.SqlOnlyInterceptor] SQL Result  | mapper=com.ait.sy.syAffirm.mapper.SyAffirmEmailMapper.countPendingApprovals | caller=com.ait.sy.syAffirm.service.impl.SyAffirmEmailServiceImpl.getPendingApprovalCounts(SyAffirmEmailServiceImpl.java:111) | rowsReturned=1 | took=1738 ms
2026-08-31 17:09:57.505 INFO  [c.a.config.SqlOnlyInterceptor] SQL Execute | mapper=com.ait.sy.syAffirm.mapper.SyAffirmEmailMapper.countPendingApprovals | caller=com.ait.sy.syAffirm.service.impl.SyAffirmEmailServiceImpl.getPendingApprovalCounts(SyAffirmEmailServiceImpl.java:114) | command=SELECT | params=[adminID='11111111', applyTypeCodeSearch='218197'] | sql=SELECT COUNT(1) FROM SY_AFFIRM_EMAIL EM WHERE ACTIVITY = 0 AND AFFIRM_PERSON_ID = '11111111' AND APPLY_AFFIRM_FLAG NOT IN ('14014310', '14014309', '14014308') AND APPLY_TYPE_CODE = '218197' AND NOT EXISTS (SELECT 1 FROM ESS_LEAVE_APPLY_TB TB WHERE TB.APPLY_NO = EM.APPLY_NO AND TB.BATCH_YN = 2) AND NOT EXISTS (SELECT 1 FROM ESS_APPLY_OT OT WHERE OT.APPLY_NO = EM.APPLY_NO AND OT.BATCH_YN = 2)
2026-08-31 17:09:59.416 INFO  [c.a.config.SqlOnlyInterceptor] SQL Result  | mapper=com.ait.sy.syAffirm.mapper.SyAffirmEmailMapper.countPendingApprovals | caller=com.ait.sy.syAffirm.service.impl.SyAffirmEmailServiceImpl.getPendingApprovalCounts(SyAffirmEmailServiceImpl.java:114) | rowsReturned=1 | took=1911 ms
2026-08-31 17:12:53.283 INFO  [c.a.config.SqlOnlyInterceptor] SQL Execute | mapper=com.ait.sy.syAffirm.mapper.SyAffirmEmailMapper.countPendingApprovals | caller=com.ait.sy.syAffirm.service.impl.SyAffirmEmailServiceImpl.getPendingApprovalCounts(SyAffirmEmailServiceImpl.java:105) | command=SELECT | params=[adminID='11111111'] | sql=SELECT COUNT(1) FROM SY_AFFIRM_EMAIL EM WHERE ACTIVITY = 0 AND AFFIRM_PERSON_ID = '11111111' AND APPLY_AFFIRM_FLAG NOT IN ('14014310', '14014309', '14014308') AND NOT EXISTS (SELECT 1 FROM ESS_LEAVE_APPLY_TB TB WHERE TB.APPLY_NO = EM.APPLY_NO AND TB.BATCH_YN = 2) AND NOT EXISTS (SELECT 1 FROM ESS_APPLY_OT OT WHERE OT.APPLY_NO = EM.APPLY_NO AND OT.BATCH_YN = 2)
2026-08-31 17:12:54.619 INFO  [c.a.config.SqlOnlyInterceptor] SQL Result  | mapper=com.ait.sy.syAffirm.mapper.SyAffirmEmailMapper.countPendingApprovals | caller=com.ait.sy.syAffirm.service.impl.SyAffirmEmailServiceImpl.getPendingApprovalCounts(SyAffirmEmailServiceImpl.java:105) | rowsReturned=1 | took=1336 ms
2026-08-31 17:12:54.621 INFO  [c.a.config.SqlOnlyInterceptor] SQL Execute | mapper=com.ait.sy.syAffirm.mapper.SyAffirmEmailMapper.countPendingApprovals | caller=com.ait.sy.syAffirm.service.impl.SyAffirmEmailServiceImpl.getPendingApprovalCounts(SyAffirmEmailServiceImpl.java:108) | command=SELECT | params=[adminID='11111111', applyTypeCodeSearch='21'] | sql=SELECT COUNT(1) FROM SY_AFFIRM_EMAIL EM WHERE ACTIVITY = 0 AND AFFIRM_PERSON_ID = '11111111' AND APPLY_AFFIRM_FLAG NOT IN ('14014310', '14014309', '14014308') AND APPLY_TYPE_CODE = '21' AND NOT EXISTS (SELECT 1 FROM ESS_LEAVE_APPLY_TB TB WHERE TB.APPLY_NO = EM.APPLY_NO AND TB.BATCH_YN = 2) AND NOT EXISTS (SELECT 1 FROM ESS_APPLY_OT OT WHERE OT.APPLY_NO = EM.APPLY_NO AND OT.BATCH_YN = 2)
2026-08-31 17:12:55.751 INFO  [c.a.config.SqlOnlyInterceptor] SQL Result  | mapper=com.ait.sy.syAffirm.mapper.SyAffirmEmailMapper.countPendingApprovals | caller=com.ait.sy.syAffirm.service.impl.SyAffirmEmailServiceImpl.getPendingApprovalCounts(SyAffirmEmailServiceImpl.java:108) | rowsReturned=1 | took=1131 ms
2026-08-31 17:12:55.753 INFO  [c.a.config.SqlOnlyInterceptor] SQL Execute | mapper=com.ait.sy.syAffirm.mapper.SyAffirmEmailMapper.countPendingApprovals | caller=com.ait.sy.syAffirm.service.impl.SyAffirmEmailServiceImpl.getPendingApprovalCounts(SyAffirmEmailServiceImpl.java:111) | command=SELECT | params=[adminID='11111111', applyTypeCodeSearch='31'] | sql=SELECT COUNT(1) FROM SY_AFFIRM_EMAIL EM WHERE ACTIVITY = 0 AND AFFIRM_PERSON_ID = '11111111' AND APPLY_AFFIRM_FLAG NOT IN ('14014310', '14014309', '14014308') AND APPLY_TYPE_CODE = '31' AND NOT EXISTS (SELECT 1 FROM ESS_LEAVE_APPLY_TB TB WHERE TB.APPLY_NO = EM.APPLY_NO AND TB.BATCH_YN = 2) AND NOT EXISTS (SELECT 1 FROM ESS_APPLY_OT OT WHERE OT.APPLY_NO = EM.APPLY_NO AND OT.BATCH_YN = 2)
2026-08-31 17:12:57.974 INFO  [c.a.config.SqlOnlyInterceptor] SQL Result  | mapper=com.ait.sy.syAffirm.mapper.SyAffirmEmailMapper.countPendingApprovals | caller=com.ait.sy.syAffirm.service.impl.SyAffirmEmailServiceImpl.getPendingApprovalCounts(SyAffirmEmailServiceImpl.java:111) | rowsReturned=1 | took=2222 ms
2026-08-31 17:12:57.976 INFO  [c.a.config.SqlOnlyInterceptor] SQL Execute | mapper=com.ait.sy.syAffirm.mapper.SyAffirmEmailMapper.countPendingApprovals | caller=com.ait.sy.syAffirm.service.impl.SyAffirmEmailServiceImpl.getPendingApprovalCounts(SyAffirmEmailServiceImpl.java:114) | command=SELECT | params=[adminID='11111111', applyTypeCodeSearch='218197'] | sql=SELECT COUNT(1) FROM SY_AFFIRM_EMAIL EM WHERE ACTIVITY = 0 AND AFFIRM_PERSON_ID = '11111111' AND APPLY_AFFIRM_FLAG NOT IN ('14014310', '14014309', '14014308') AND APPLY_TYPE_CODE = '218197' AND NOT EXISTS (SELECT 1 FROM ESS_LEAVE_APPLY_TB TB WHERE TB.APPLY_NO = EM.APPLY_NO AND TB.BATCH_YN = 2) AND NOT EXISTS (SELECT 1 FROM ESS_APPLY_OT OT WHERE OT.APPLY_NO = EM.APPLY_NO AND OT.BATCH_YN = 2)
2026-08-31 17:12:59.448 INFO  [c.a.config.SqlOnlyInterceptor] SQL Result  | mapper=com.ait.sy.syAffirm.mapper.SyAffirmEmailMapper.countPendingApprovals | caller=com.ait.sy.syAffirm.service.impl.SyAffirmEmailServiceImpl.getPendingApprovalCounts(SyAffirmEmailServiceImpl.java:114) | rowsReturned=1 | took=1472 ms
2026-08-31 17:15:53.282 INFO  [c.a.config.SqlOnlyInterceptor] SQL Execute | mapper=com.ait.sy.syAffirm.mapper.SyAffirmEmailMapper.countPendingApprovals | caller=com.ait.sy.syAffirm.service.impl.SyAffirmEmailServiceImpl.getPendingApprovalCounts(SyAffirmEmailServiceImpl.java:105) | command=SELECT | params=[adminID='11111111'] | sql=SELECT COUNT(1) FROM SY_AFFIRM_EMAIL EM WHERE ACTIVITY = 0 AND AFFIRM_PERSON_ID = '11111111' AND APPLY_AFFIRM_FLAG NOT IN ('14014310', '14014309', '14014308') AND NOT EXISTS (SELECT 1 FROM ESS_LEAVE_APPLY_TB TB WHERE TB.APPLY_NO = EM.APPLY_NO AND TB.BATCH_YN = 2) AND NOT EXISTS (SELECT 1 FROM ESS_APPLY_OT OT WHERE OT.APPLY_NO = EM.APPLY_NO AND OT.BATCH_YN = 2)
2026-08-31 17:15:54.857 INFO  [c.a.config.SqlOnlyInterceptor] SQL Result  | mapper=com.ait.sy.syAffirm.mapper.SyAffirmEmailMapper.countPendingApprovals | caller=com.ait.sy.syAffirm.service.impl.SyAffirmEmailServiceImpl.getPendingApprovalCounts(SyAffirmEmailServiceImpl.java:105) | rowsReturned=1 | took=1578 ms
2026-08-31 17:15:54.861 INFO  [c.a.config.SqlOnlyInterceptor] SQL Execute | mapper=com.ait.sy.syAffirm.mapper.SyAffirmEmailMapper.countPendingApprovals | caller=com.ait.sy.syAffirm.service.impl.SyAffirmEmailServiceImpl.getPendingApprovalCounts(SyAffirmEmailServiceImpl.java:108) | command=SELECT | params=[adminID='11111111', applyTypeCodeSearch='21'] | sql=SELECT COUNT(1) FROM SY_AFFIRM_EMAIL EM WHERE ACTIVITY = 0 AND AFFIRM_PERSON_ID = '11111111' AND APPLY_AFFIRM_FLAG NOT IN ('14014310', '14014309', '14014308') AND APPLY_TYPE_CODE = '21' AND NOT EXISTS (SELECT 1 FROM ESS_LEAVE_APPLY_TB TB WHERE TB.APPLY_NO = EM.APPLY_NO AND TB.BATCH_YN = 2) AND NOT EXISTS (SELECT 1 FROM ESS_APPLY_OT OT WHERE OT.APPLY_NO = EM.APPLY_NO AND OT.BATCH_YN = 2)
2026-08-31 17:15:56.561 INFO  [c.a.config.SqlOnlyInterceptor] SQL Result  | mapper=com.ait.sy.syAffirm.mapper.SyAffirmEmailMapper.countPendingApprovals | caller=com.ait.sy.syAffirm.service.impl.SyAffirmEmailServiceImpl.getPendingApprovalCounts(SyAffirmEmailServiceImpl.java:108) | rowsReturned=1 | took=1703 ms
2026-08-31 17:15:56.563 INFO  [c.a.config.SqlOnlyInterceptor] SQL Execute | mapper=com.ait.sy.syAffirm.mapper.SyAffirmEmailMapper.countPendingApprovals | caller=com.ait.sy.syAffirm.service.impl.SyAffirmEmailServiceImpl.getPendingApprovalCounts(SyAffirmEmailServiceImpl.java:111) | command=SELECT | params=[adminID='11111111', applyTypeCodeSearch='31'] | sql=SELECT COUNT(1) FROM SY_AFFIRM_EMAIL EM WHERE ACTIVITY = 0 AND AFFIRM_PERSON_ID = '11111111' AND APPLY_AFFIRM_FLAG NOT IN ('14014310', '14014309', '14014308') AND APPLY_TYPE_CODE = '31' AND NOT EXISTS (SELECT 1 FROM ESS_LEAVE_APPLY_TB TB WHERE TB.APPLY_NO = EM.APPLY_NO AND TB.BATCH_YN = 2) AND NOT EXISTS (SELECT 1 FROM ESS_APPLY_OT OT WHERE OT.APPLY_NO = EM.APPLY_NO AND OT.BATCH_YN = 2)
2026-08-31 17:15:58.069 INFO  [c.a.config.SqlOnlyInterceptor] SQL Result  | mapper=com.ait.sy.syAffirm.mapper.SyAffirmEmailMapper.countPendingApprovals | caller=com.ait.sy.syAffirm.service.impl.SyAffirmEmailServiceImpl.getPendingApprovalCounts(SyAffirmEmailServiceImpl.java:111) | rowsReturned=1 | took=1506 ms
2026-08-31 17:15:58.071 INFO  [c.a.config.SqlOnlyInterceptor] SQL Execute | mapper=com.ait.sy.syAffirm.mapper.SyAffirmEmailMapper.countPendingApprovals | caller=com.ait.sy.syAffirm.service.impl.SyAffirmEmailServiceImpl.getPendingApprovalCounts(SyAffirmEmailServiceImpl.java:114) | command=SELECT | params=[adminID='11111111', applyTypeCodeSearch='218197'] | sql=SELECT COUNT(1) FROM SY_AFFIRM_EMAIL EM WHERE ACTIVITY = 0 AND AFFIRM_PERSON_ID = '11111111' AND APPLY_AFFIRM_FLAG NOT IN ('14014310', '14014309', '14014308') AND APPLY_TYPE_CODE = '218197' AND NOT EXISTS (SELECT 1 FROM ESS_LEAVE_APPLY_TB TB WHERE TB.APPLY_NO = EM.APPLY_NO AND TB.BATCH_YN = 2) AND NOT EXISTS (SELECT 1 FROM ESS_APPLY_OT OT WHERE OT.APPLY_NO = EM.APPLY_NO AND OT.BATCH_YN = 2)
2026-08-31 17:15:59.888 INFO  [c.a.config.SqlOnlyInterceptor] SQL Result  | mapper=com.ait.sy.syAffirm.mapper.SyAffirmEmailMapper.countPendingApprovals | caller=com.ait.sy.syAffirm.service.impl.SyAffirmEmailServiceImpl.getPendingApprovalCounts(SyAffirmEmailServiceImpl.java:114) | rowsReturned=1 | took=1817 ms
2026-08-31 17:18:53.277 INFO  [c.a.config.SqlOnlyInterceptor] SQL Execute | mapper=com.ait.sy.syAffirm.mapper.SyAffirmEmailMapper.countPendingApprovals | caller=com.ait.sy.syAffirm.service.impl.SyAffirmEmailServiceImpl.getPendingApprovalCounts(SyAffirmEmailServiceImpl.java:105) | command=SELECT | params=[adminID='11111111'] | sql=SELECT COUNT(1) FROM SY_AFFIRM_EMAIL EM WHERE ACTIVITY = 0 AND AFFIRM_PERSON_ID = '11111111' AND APPLY_AFFIRM_FLAG NOT IN ('14014310', '14014309', '14014308') AND NOT EXISTS (SELECT 1 FROM ESS_LEAVE_APPLY_TB TB WHERE TB.APPLY_NO = EM.APPLY_NO AND TB.BATCH_YN = 2) AND NOT EXISTS (SELECT 1 FROM ESS_APPLY_OT OT WHERE OT.APPLY_NO = EM.APPLY_NO AND OT.BATCH_YN = 2)
2026-08-31 17:18:54.669 INFO  [c.a.config.SqlOnlyInterceptor] SQL Result  | mapper=com.ait.sy.syAffirm.mapper.SyAffirmEmailMapper.countPendingApprovals | caller=com.ait.sy.syAffirm.service.impl.SyAffirmEmailServiceImpl.getPendingApprovalCounts(SyAffirmEmailServiceImpl.java:105) | rowsReturned=1 | took=1393 ms
2026-08-31 17:18:54.671 INFO  [c.a.config.SqlOnlyInterceptor] SQL Execute | mapper=com.ait.sy.syAffirm.mapper.SyAffirmEmailMapper.countPendingApprovals | caller=com.ait.sy.syAffirm.service.impl.SyAffirmEmailServiceImpl.getPendingApprovalCounts(SyAffirmEmailServiceImpl.java:108) | command=SELECT | params=[adminID='11111111', applyTypeCodeSearch='21'] | sql=SELECT COUNT(1) FROM SY_AFFIRM_EMAIL EM WHERE ACTIVITY = 0 AND AFFIRM_PERSON_ID = '11111111' AND APPLY_AFFIRM_FLAG NOT IN ('14014310', '14014309', '14014308') AND APPLY_TYPE_CODE = '21' AND NOT EXISTS (SELECT 1 FROM ESS_LEAVE_APPLY_TB TB WHERE TB.APPLY_NO = EM.APPLY_NO AND TB.BATCH_YN = 2) AND NOT EXISTS (SELECT 1 FROM ESS_APPLY_OT OT WHERE OT.APPLY_NO = EM.APPLY_NO AND OT.BATCH_YN = 2)
2026-08-31 17:18:55.912 INFO  [c.a.config.SqlOnlyInterceptor] SQL Result  | mapper=com.ait.sy.syAffirm.mapper.SyAffirmEmailMapper.countPendingApprovals | caller=com.ait.sy.syAffirm.service.impl.SyAffirmEmailServiceImpl.getPendingApprovalCounts(SyAffirmEmailServiceImpl.java:108) | rowsReturned=1 | took=1242 ms
2026-08-31 17:18:55.914 INFO  [c.a.config.SqlOnlyInterceptor] SQL Execute | mapper=com.ait.sy.syAffirm.mapper.SyAffirmEmailMapper.countPendingApprovals | caller=com.ait.sy.syAffirm.service.impl.SyAffirmEmailServiceImpl.getPendingApprovalCounts(SyAffirmEmailServiceImpl.java:111) | command=SELECT | params=[adminID='11111111', applyTypeCodeSearch='31'] | sql=SELECT COUNT(1) FROM SY_AFFIRM_EMAIL EM WHERE ACTIVITY = 0 AND AFFIRM_PERSON_ID = '11111111' AND APPLY_AFFIRM_FLAG NOT IN ('14014310', '14014309', '14014308') AND APPLY_TYPE_CODE = '31' AND NOT EXISTS (SELECT 1 FROM ESS_LEAVE_APPLY_TB TB WHERE TB.APPLY_NO = EM.APPLY_NO AND TB.BATCH_YN = 2) AND NOT EXISTS (SELECT 1 FROM ESS_APPLY_OT OT WHERE OT.APPLY_NO = EM.APPLY_NO AND OT.BATCH_YN = 2)
2026-08-31 17:18:56.921 INFO  [c.a.config.SqlOnlyInterceptor] SQL Result  | mapper=com.ait.sy.syAffirm.mapper.SyAffirmEmailMapper.countPendingApprovals | caller=com.ait.sy.syAffirm.service.impl.SyAffirmEmailServiceImpl.getPendingApprovalCounts(SyAffirmEmailServiceImpl.java:111) | rowsReturned=1 | took=1008 ms
2026-08-31 17:18:56.923 INFO  [c.a.config.SqlOnlyInterceptor] SQL Execute | mapper=com.ait.sy.syAffirm.mapper.SyAffirmEmailMapper.countPendingApprovals | caller=com.ait.sy.syAffirm.service.impl.SyAffirmEmailServiceImpl.getPendingApprovalCounts(SyAffirmEmailServiceImpl.java:114) | command=SELECT | params=[adminID='11111111', applyTypeCodeSearch='218197'] | sql=SELECT COUNT(1) FROM SY_AFFIRM_EMAIL EM WHERE ACTIVITY = 0 AND AFFIRM_PERSON_ID = '11111111' AND APPLY_AFFIRM_FLAG NOT IN ('14014310', '14014309', '14014308') AND APPLY_TYPE_CODE = '218197' AND NOT EXISTS (SELECT 1 FROM ESS_LEAVE_APPLY_TB TB WHERE TB.APPLY_NO = EM.APPLY_NO AND TB.BATCH_YN = 2) AND NOT EXISTS (SELECT 1 FROM ESS_APPLY_OT OT WHERE OT.APPLY_NO = EM.APPLY_NO AND OT.BATCH_YN = 2)
2026-08-31 17:18:58.243 INFO  [c.a.config.SqlOnlyInterceptor] SQL Result  | mapper=com.ait.sy.syAffirm.mapper.SyAffirmEmailMapper.countPendingApprovals | caller=com.ait.sy.syAffirm.service.impl.SyAffirmEmailServiceImpl.getPendingApprovalCounts(SyAffirmEmailServiceImpl.java:114) | rowsReturned=1 | took=1321 ms
2026-08-31 17:21:53.279 INFO  [c.a.config.SqlOnlyInterceptor] SQL Execute | mapper=com.ait.sy.syAffirm.mapper.SyAffirmEmailMapper.countPendingApprovals | caller=com.ait.sy.syAffirm.service.impl.SyAffirmEmailServiceImpl.getPendingApprovalCounts(SyAffirmEmailServiceImpl.java:105) | command=SELECT | params=[adminID='11111111'] | sql=SELECT COUNT(1) FROM SY_AFFIRM_EMAIL EM WHERE ACTIVITY = 0 AND AFFIRM_PERSON_ID = '11111111' AND APPLY_AFFIRM_FLAG NOT IN ('14014310', '14014309', '14014308') AND NOT EXISTS (SELECT 1 FROM ESS_LEAVE_APPLY_TB TB WHERE TB.APPLY_NO = EM.APPLY_NO AND TB.BATCH_YN = 2) AND NOT EXISTS (SELECT 1 FROM ESS_APPLY_OT OT WHERE OT.APPLY_NO = EM.APPLY_NO AND OT.BATCH_YN = 2)
2026-08-31 17:21:54.564 INFO  [c.a.config.SqlOnlyInterceptor] SQL Result  | mapper=com.ait.sy.syAffirm.mapper.SyAffirmEmailMapper.countPendingApprovals | caller=com.ait.sy.syAffirm.service.impl.SyAffirmEmailServiceImpl.getPendingApprovalCounts(SyAffirmEmailServiceImpl.java:105) | rowsReturned=1 | took=1285 ms
2026-08-31 17:21:54.567 INFO  [c.a.config.SqlOnlyInterceptor] SQL Execute | mapper=com.ait.sy.syAffirm.mapper.SyAffirmEmailMapper.countPendingApprovals | caller=com.ait.sy.syAffirm.service.impl.SyAffirmEmailServiceImpl.getPendingApprovalCounts(SyAffirmEmailServiceImpl.java:108) | command=SELECT | params=[adminID='11111111', applyTypeCodeSearch='21'] | sql=SELECT COUNT(1) FROM SY_AFFIRM_EMAIL EM WHERE ACTIVITY = 0 AND AFFIRM_PERSON_ID = '11111111' AND APPLY_AFFIRM_FLAG NOT IN ('14014310', '14014309', '14014308') AND APPLY_TYPE_CODE = '21' AND NOT EXISTS (SELECT 1 FROM ESS_LEAVE_APPLY_TB TB WHERE TB.APPLY_NO = EM.APPLY_NO AND TB.BATCH_YN = 2) AND NOT EXISTS (SELECT 1 FROM ESS_APPLY_OT OT WHERE OT.APPLY_NO = EM.APPLY_NO AND OT.BATCH_YN = 2)
2026-08-31 17:21:56.459 INFO  [c.a.config.SqlOnlyInterceptor] SQL Result  | mapper=com.ait.sy.syAffirm.mapper.SyAffirmEmailMapper.countPendingApprovals | caller=com.ait.sy.syAffirm.service.impl.SyAffirmEmailServiceImpl.getPendingApprovalCounts(SyAffirmEmailServiceImpl.java:108) | rowsReturned=1 | took=1892 ms
2026-08-31 17:21:56.461 INFO  [c.a.config.SqlOnlyInterceptor] SQL Execute | mapper=com.ait.sy.syAffirm.mapper.SyAffirmEmailMapper.countPendingApprovals | caller=com.ait.sy.syAffirm.service.impl.SyAffirmEmailServiceImpl.getPendingApprovalCounts(SyAffirmEmailServiceImpl.java:111) | command=SELECT | params=[adminID='11111111', applyTypeCodeSearch='31'] | sql=SELECT COUNT(1) FROM SY_AFFIRM_EMAIL EM WHERE ACTIVITY = 0 AND AFFIRM_PERSON_ID = '11111111' AND APPLY_AFFIRM_FLAG NOT IN ('14014310', '14014309', '14014308') AND APPLY_TYPE_CODE = '31' AND NOT EXISTS (SELECT 1 FROM ESS_LEAVE_APPLY_TB TB WHERE TB.APPLY_NO = EM.APPLY_NO AND TB.BATCH_YN = 2) AND NOT EXISTS (SELECT 1 FROM ESS_APPLY_OT OT WHERE OT.APPLY_NO = EM.APPLY_NO AND OT.BATCH_YN = 2)
2026-08-31 17:21:57.674 INFO  [c.a.config.SqlOnlyInterceptor] SQL Result  | mapper=com.ait.sy.syAffirm.mapper.SyAffirmEmailMapper.countPendingApprovals | caller=com.ait.sy.syAffirm.service.impl.SyAffirmEmailServiceImpl.getPendingApprovalCounts(SyAffirmEmailServiceImpl.java:111) | rowsReturned=1 | took=1214 ms
2026-08-31 17:21:57.675 INFO  [c.a.config.SqlOnlyInterceptor] SQL Execute | mapper=com.ait.sy.syAffirm.mapper.SyAffirmEmailMapper.countPendingApprovals | caller=com.ait.sy.syAffirm.service.impl.SyAffirmEmailServiceImpl.getPendingApprovalCounts(SyAffirmEmailServiceImpl.java:114) | command=SELECT | params=[adminID='11111111', applyTypeCodeSearch='218197'] | sql=SELECT COUNT(1) FROM SY_AFFIRM_EMAIL EM WHERE ACTIVITY = 0 AND AFFIRM_PERSON_ID = '11111111' AND APPLY_AFFIRM_FLAG NOT IN ('14014310', '14014309', '14014308') AND APPLY_TYPE_CODE = '218197' AND NOT EXISTS (SELECT 1 FROM ESS_LEAVE_APPLY_TB TB WHERE TB.APPLY_NO = EM.APPLY_NO AND TB.BATCH_YN = 2) AND NOT EXISTS (SELECT 1 FROM ESS_APPLY_OT OT WHERE OT.APPLY_NO = EM.APPLY_NO AND OT.BATCH_YN = 2)
2026-08-31 17:21:59.157 INFO  [c.a.config.SqlOnlyInterceptor] SQL Result  | mapper=com.ait.sy.syAffirm.mapper.SyAffirmEmailMapper.countPendingApprovals | caller=com.ait.sy.syAffirm.service.impl.SyAffirmEmailServiceImpl.getPendingApprovalCounts(SyAffirmEmailServiceImpl.java:114) | rowsReturned=1 | took=1482 ms
2026-08-31 17:24:53.269 INFO  [c.a.config.SqlOnlyInterceptor] SQL Execute | mapper=com.ait.sy.syAffirm.mapper.SyAffirmEmailMapper.countPendingApprovals | caller=com.ait.sy.syAffirm.service.impl.SyAffirmEmailServiceImpl.getPendingApprovalCounts(SyAffirmEmailServiceImpl.java:105) | command=SELECT | params=[adminID='11111111'] | sql=SELECT COUNT(1) FROM SY_AFFIRM_EMAIL EM WHERE ACTIVITY = 0 AND AFFIRM_PERSON_ID = '11111111' AND APPLY_AFFIRM_FLAG NOT IN ('14014310', '14014309', '14014308') AND NOT EXISTS (SELECT 1 FROM ESS_LEAVE_APPLY_TB TB WHERE TB.APPLY_NO = EM.APPLY_NO AND TB.BATCH_YN = 2) AND NOT EXISTS (SELECT 1 FROM ESS_APPLY_OT OT WHERE OT.APPLY_NO = EM.APPLY_NO AND OT.BATCH_YN = 2)
2026-08-31 17:24:55.806 INFO  [c.a.config.SqlOnlyInterceptor] SQL Result  | mapper=com.ait.sy.syAffirm.mapper.SyAffirmEmailMapper.countPendingApprovals | caller=com.ait.sy.syAffirm.service.impl.SyAffirmEmailServiceImpl.getPendingApprovalCounts(SyAffirmEmailServiceImpl.java:105) | rowsReturned=1 | took=2537 ms
2026-08-31 17:24:55.808 INFO  [c.a.config.SqlOnlyInterceptor] SQL Execute | mapper=com.ait.sy.syAffirm.mapper.SyAffirmEmailMapper.countPendingApprovals | caller=com.ait.sy.syAffirm.service.impl.SyAffirmEmailServiceImpl.getPendingApprovalCounts(SyAffirmEmailServiceImpl.java:108) | command=SELECT | params=[adminID='11111111', applyTypeCodeSearch='21'] | sql=SELECT COUNT(1) FROM SY_AFFIRM_EMAIL EM WHERE ACTIVITY = 0 AND AFFIRM_PERSON_ID = '11111111' AND APPLY_AFFIRM_FLAG NOT IN ('14014310', '14014309', '14014308') AND APPLY_TYPE_CODE = '21' AND NOT EXISTS (SELECT 1 FROM ESS_LEAVE_APPLY_TB TB WHERE TB.APPLY_NO = EM.APPLY_NO AND TB.BATCH_YN = 2) AND NOT EXISTS (SELECT 1 FROM ESS_APPLY_OT OT WHERE OT.APPLY_NO = EM.APPLY_NO AND OT.BATCH_YN = 2)
2026-08-31 17:24:57.384 INFO  [c.a.config.SqlOnlyInterceptor] SQL Result  | mapper=com.ait.sy.syAffirm.mapper.SyAffirmEmailMapper.countPendingApprovals | caller=com.ait.sy.syAffirm.service.impl.SyAffirmEmailServiceImpl.getPendingApprovalCounts(SyAffirmEmailServiceImpl.java:108) | rowsReturned=1 | took=1576 ms
2026-08-31 17:24:57.384 INFO  [c.a.config.SqlOnlyInterceptor] SQL Execute | mapper=com.ait.sy.syAffirm.mapper.SyAffirmEmailMapper.countPendingApprovals | caller=com.ait.sy.syAffirm.service.impl.SyAffirmEmailServiceImpl.getPendingApprovalCounts(SyAffirmEmailServiceImpl.java:111) | command=SELECT | params=[adminID='11111111', applyTypeCodeSearch='31'] | sql=SELECT COUNT(1) FROM SY_AFFIRM_EMAIL EM WHERE ACTIVITY = 0 AND AFFIRM_PERSON_ID = '11111111' AND APPLY_AFFIRM_FLAG NOT IN ('14014310', '14014309', '14014308') AND APPLY_TYPE_CODE = '31' AND NOT EXISTS (SELECT 1 FROM ESS_LEAVE_APPLY_TB TB WHERE TB.APPLY_NO = EM.APPLY_NO AND TB.BATCH_YN = 2) AND NOT EXISTS (SELECT 1 FROM ESS_APPLY_OT OT WHERE OT.APPLY_NO = EM.APPLY_NO AND OT.BATCH_YN = 2)
2026-08-31 17:24:59.153 INFO  [c.a.config.SqlOnlyInterceptor] SQL Result  | mapper=com.ait.sy.syAffirm.mapper.SyAffirmEmailMapper.countPendingApprovals | caller=com.ait.sy.syAffirm.service.impl.SyAffirmEmailServiceImpl.getPendingApprovalCounts(SyAffirmEmailServiceImpl.java:111) | rowsReturned=1 | took=1769 ms
2026-08-31 17:24:59.155 INFO  [c.a.config.SqlOnlyInterceptor] SQL Execute | mapper=com.ait.sy.syAffirm.mapper.SyAffirmEmailMapper.countPendingApprovals | caller=com.ait.sy.syAffirm.service.impl.SyAffirmEmailServiceImpl.getPendingApprovalCounts(SyAffirmEmailServiceImpl.java:114) | command=SELECT | params=[adminID='11111111', applyTypeCodeSearch='218197'] | sql=SELECT COUNT(1) FROM SY_AFFIRM_EMAIL EM WHERE ACTIVITY = 0 AND AFFIRM_PERSON_ID = '11111111' AND APPLY_AFFIRM_FLAG NOT IN ('14014310', '14014309', '14014308') AND APPLY_TYPE_CODE = '218197' AND NOT EXISTS (SELECT 1 FROM ESS_LEAVE_APPLY_TB TB WHERE TB.APPLY_NO = EM.APPLY_NO AND TB.BATCH_YN = 2) AND NOT EXISTS (SELECT 1 FROM ESS_APPLY_OT OT WHERE OT.APPLY_NO = EM.APPLY_NO AND OT.BATCH_YN = 2)
2026-08-31 17:25:00.457 INFO  [c.a.config.SqlOnlyInterceptor] SQL Result  | mapper=com.ait.sy.syAffirm.mapper.SyAffirmEmailMapper.countPendingApprovals | caller=com.ait.sy.syAffirm.service.impl.SyAffirmEmailServiceImpl.getPendingApprovalCounts(SyAffirmEmailServiceImpl.java:114) | rowsReturned=1 | took=1303 ms
2026-08-31 17:27:53.284 INFO  [c.a.config.SqlOnlyInterceptor] SQL Execute | mapper=com.ait.sy.syAffirm.mapper.SyAffirmEmailMapper.countPendingApprovals | caller=com.ait.sy.syAffirm.service.impl.SyAffirmEmailServiceImpl.getPendingApprovalCounts(SyAffirmEmailServiceImpl.java:105) | command=SELECT | params=[adminID='11111111'] | sql=SELECT COUNT(1) FROM SY_AFFIRM_EMAIL EM WHERE ACTIVITY = 0 AND AFFIRM_PERSON_ID = '11111111' AND APPLY_AFFIRM_FLAG NOT IN ('14014310', '14014309', '14014308') AND NOT EXISTS (SELECT 1 FROM ESS_LEAVE_APPLY_TB TB WHERE TB.APPLY_NO = EM.APPLY_NO AND TB.BATCH_YN = 2) AND NOT EXISTS (SELECT 1 FROM ESS_APPLY_OT OT WHERE OT.APPLY_NO = EM.APPLY_NO AND OT.BATCH_YN = 2)
2026-08-31 17:27:54.822 INFO  [c.a.config.SqlOnlyInterceptor] SQL Result  | mapper=com.ait.sy.syAffirm.mapper.SyAffirmEmailMapper.countPendingApprovals | caller=com.ait.sy.syAffirm.service.impl.SyAffirmEmailServiceImpl.getPendingApprovalCounts(SyAffirmEmailServiceImpl.java:105) | rowsReturned=1 | took=1539 ms
2026-08-31 17:27:54.823 INFO  [c.a.config.SqlOnlyInterceptor] SQL Execute | mapper=com.ait.sy.syAffirm.mapper.SyAffirmEmailMapper.countPendingApprovals | caller=com.ait.sy.syAffirm.service.impl.SyAffirmEmailServiceImpl.getPendingApprovalCounts(SyAffirmEmailServiceImpl.java:108) | command=SELECT | params=[adminID='11111111', applyTypeCodeSearch='21'] | sql=SELECT COUNT(1) FROM SY_AFFIRM_EMAIL EM WHERE ACTIVITY = 0 AND AFFIRM_PERSON_ID = '11111111' AND APPLY_AFFIRM_FLAG NOT IN ('14014310', '14014309', '14014308') AND APPLY_TYPE_CODE = '21' AND NOT EXISTS (SELECT 1 FROM ESS_LEAVE_APPLY_TB TB WHERE TB.APPLY_NO = EM.APPLY_NO AND TB.BATCH_YN = 2) AND NOT EXISTS (SELECT 1 FROM ESS_APPLY_OT OT WHERE OT.APPLY_NO = EM.APPLY_NO AND OT.BATCH_YN = 2)
2026-08-31 17:27:55.875 INFO  [c.a.config.SqlOnlyInterceptor] SQL Result  | mapper=com.ait.sy.syAffirm.mapper.SyAffirmEmailMapper.countPendingApprovals | caller=com.ait.sy.syAffirm.service.impl.SyAffirmEmailServiceImpl.getPendingApprovalCounts(SyAffirmEmailServiceImpl.java:108) | rowsReturned=1 | took=1052 ms
2026-08-31 17:27:55.876 INFO  [c.a.config.SqlOnlyInterceptor] SQL Execute | mapper=com.ait.sy.syAffirm.mapper.SyAffirmEmailMapper.countPendingApprovals | caller=com.ait.sy.syAffirm.service.impl.SyAffirmEmailServiceImpl.getPendingApprovalCounts(SyAffirmEmailServiceImpl.java:111) | command=SELECT | params=[adminID='11111111', applyTypeCodeSearch='31'] | sql=SELECT COUNT(1) FROM SY_AFFIRM_EMAIL EM WHERE ACTIVITY = 0 AND AFFIRM_PERSON_ID = '11111111' AND APPLY_AFFIRM_FLAG NOT IN ('14014310', '14014309', '14014308') AND APPLY_TYPE_CODE = '31' AND NOT EXISTS (SELECT 1 FROM ESS_LEAVE_APPLY_TB TB WHERE TB.APPLY_NO = EM.APPLY_NO AND TB.BATCH_YN = 2) AND NOT EXISTS (SELECT 1 FROM ESS_APPLY_OT OT WHERE OT.APPLY_NO = EM.APPLY_NO AND OT.BATCH_YN = 2)
2026-08-31 17:27:57.040 INFO  [c.a.config.SqlOnlyInterceptor] SQL Result  | mapper=com.ait.sy.syAffirm.mapper.SyAffirmEmailMapper.countPendingApprovals | caller=com.ait.sy.syAffirm.service.impl.SyAffirmEmailServiceImpl.getPendingApprovalCounts(SyAffirmEmailServiceImpl.java:111) | rowsReturned=1 | took=1164 ms
2026-08-31 17:27:57.042 INFO  [c.a.config.SqlOnlyInterceptor] SQL Execute | mapper=com.ait.sy.syAffirm.mapper.SyAffirmEmailMapper.countPendingApprovals | caller=com.ait.sy.syAffirm.service.impl.SyAffirmEmailServiceImpl.getPendingApprovalCounts(SyAffirmEmailServiceImpl.java:114) | command=SELECT | params=[adminID='11111111', applyTypeCodeSearch='218197'] | sql=SELECT COUNT(1) FROM SY_AFFIRM_EMAIL EM WHERE ACTIVITY = 0 AND AFFIRM_PERSON_ID = '11111111' AND APPLY_AFFIRM_FLAG NOT IN ('14014310', '14014309', '14014308') AND APPLY_TYPE_CODE = '218197' AND NOT EXISTS (SELECT 1 FROM ESS_LEAVE_APPLY_TB TB WHERE TB.APPLY_NO = EM.APPLY_NO AND TB.BATCH_YN = 2) AND NOT EXISTS (SELECT 1 FROM ESS_APPLY_OT OT WHERE OT.APPLY_NO = EM.APPLY_NO AND OT.BATCH_YN = 2)
2026-08-31 17:27:58.660 INFO  [c.a.config.SqlOnlyInterceptor] SQL Result  | mapper=com.ait.sy.syAffirm.mapper.SyAffirmEmailMapper.countPendingApprovals | caller=com.ait.sy.syAffirm.service.impl.SyAffirmEmailServiceImpl.getPendingApprovalCounts(SyAffirmEmailServiceImpl.java:114) | rowsReturned=1 | took=1619 ms
2026-08-31 17:30:53.274 INFO  [c.a.config.SqlOnlyInterceptor] SQL Execute | mapper=com.ait.sy.syAffirm.mapper.SyAffirmEmailMapper.countPendingApprovals | caller=com.ait.sy.syAffirm.service.impl.SyAffirmEmailServiceImpl.getPendingApprovalCounts(SyAffirmEmailServiceImpl.java:105) | command=SELECT | params=[adminID='11111111'] | sql=SELECT COUNT(1) FROM SY_AFFIRM_EMAIL EM WHERE ACTIVITY = 0 AND AFFIRM_PERSON_ID = '11111111' AND APPLY_AFFIRM_FLAG NOT IN ('14014310', '14014309', '14014308') AND NOT EXISTS (SELECT 1 FROM ESS_LEAVE_APPLY_TB TB WHERE TB.APPLY_NO = EM.APPLY_NO AND TB.BATCH_YN = 2) AND NOT EXISTS (SELECT 1 FROM ESS_APPLY_OT OT WHERE OT.APPLY_NO = EM.APPLY_NO AND OT.BATCH_YN = 2)
2026-08-31 17:30:55.001 INFO  [c.a.config.SqlOnlyInterceptor] SQL Result  | mapper=com.ait.sy.syAffirm.mapper.SyAffirmEmailMapper.countPendingApprovals | caller=com.ait.sy.syAffirm.service.impl.SyAffirmEmailServiceImpl.getPendingApprovalCounts(SyAffirmEmailServiceImpl.java:105) | rowsReturned=1 | took=1727 ms
2026-08-31 17:30:55.002 INFO  [c.a.config.SqlOnlyInterceptor] SQL Execute | mapper=com.ait.sy.syAffirm.mapper.SyAffirmEmailMapper.countPendingApprovals | caller=com.ait.sy.syAffirm.service.impl.SyAffirmEmailServiceImpl.getPendingApprovalCounts(SyAffirmEmailServiceImpl.java:108) | command=SELECT | params=[adminID='11111111', applyTypeCodeSearch='21'] | sql=SELECT COUNT(1) FROM SY_AFFIRM_EMAIL EM WHERE ACTIVITY = 0 AND AFFIRM_PERSON_ID = '11111111' AND APPLY_AFFIRM_FLAG NOT IN ('14014310', '14014309', '14014308') AND APPLY_TYPE_CODE = '21' AND NOT EXISTS (SELECT 1 FROM ESS_LEAVE_APPLY_TB TB WHERE TB.APPLY_NO = EM.APPLY_NO AND TB.BATCH_YN = 2) AND NOT EXISTS (SELECT 1 FROM ESS_APPLY_OT OT WHERE OT.APPLY_NO = EM.APPLY_NO AND OT.BATCH_YN = 2)
2026-08-31 17:30:55.766 INFO  [c.a.config.SqlOnlyInterceptor] SQL Result  | mapper=com.ait.sy.syAffirm.mapper.SyAffirmEmailMapper.countPendingApprovals | caller=com.ait.sy.syAffirm.service.impl.SyAffirmEmailServiceImpl.getPendingApprovalCounts(SyAffirmEmailServiceImpl.java:108) | rowsReturned=1 | took=764 ms
2026-08-31 17:30:55.774 INFO  [c.a.config.SqlOnlyInterceptor] SQL Execute | mapper=com.ait.sy.syAffirm.mapper.SyAffirmEmailMapper.countPendingApprovals | caller=com.ait.sy.syAffirm.service.impl.SyAffirmEmailServiceImpl.getPendingApprovalCounts(SyAffirmEmailServiceImpl.java:111) | command=SELECT | params=[adminID='11111111', applyTypeCodeSearch='31'] | sql=SELECT COUNT(1) FROM SY_AFFIRM_EMAIL EM WHERE ACTIVITY = 0 AND AFFIRM_PERSON_ID = '11111111' AND APPLY_AFFIRM_FLAG NOT IN ('14014310', '14014309', '14014308') AND APPLY_TYPE_CODE = '31' AND NOT EXISTS (SELECT 1 FROM ESS_LEAVE_APPLY_TB TB WHERE TB.APPLY_NO = EM.APPLY_NO AND TB.BATCH_YN = 2) AND NOT EXISTS (SELECT 1 FROM ESS_APPLY_OT OT WHERE OT.APPLY_NO = EM.APPLY_NO AND OT.BATCH_YN = 2)
2026-08-31 17:30:56.496 INFO  [c.a.config.SqlOnlyInterceptor] SQL Result  | mapper=com.ait.sy.syAffirm.mapper.SyAffirmEmailMapper.countPendingApprovals | caller=com.ait.sy.syAffirm.service.impl.SyAffirmEmailServiceImpl.getPendingApprovalCounts(SyAffirmEmailServiceImpl.java:111) | rowsReturned=1 | took=723 ms
2026-08-31 17:30:56.498 INFO  [c.a.config.SqlOnlyInterceptor] SQL Execute | mapper=com.ait.sy.syAffirm.mapper.SyAffirmEmailMapper.countPendingApprovals | caller=com.ait.sy.syAffirm.service.impl.SyAffirmEmailServiceImpl.getPendingApprovalCounts(SyAffirmEmailServiceImpl.java:114) | command=SELECT | params=[adminID='11111111', applyTypeCodeSearch='218197'] | sql=SELECT COUNT(1) FROM SY_AFFIRM_EMAIL EM WHERE ACTIVITY = 0 AND AFFIRM_PERSON_ID = '11111111' AND APPLY_AFFIRM_FLAG NOT IN ('14014310', '14014309', '14014308') AND APPLY_TYPE_CODE = '218197' AND NOT EXISTS (SELECT 1 FROM ESS_LEAVE_APPLY_TB TB WHERE TB.APPLY_NO = EM.APPLY_NO AND TB.BATCH_YN = 2) AND NOT EXISTS (SELECT 1 FROM ESS_APPLY_OT OT WHERE OT.APPLY_NO = EM.APPLY_NO AND OT.BATCH_YN = 2)
2026-08-31 17:30:58.656 INFO  [c.a.config.SqlOnlyInterceptor] SQL Result  | mapper=com.ait.sy.syAffirm.mapper.SyAffirmEmailMapper.countPendingApprovals | caller=com.ait.sy.syAffirm.service.impl.SyAffirmEmailServiceImpl.getPendingApprovalCounts(SyAffirmEmailServiceImpl.java:114) | rowsReturned=1 | took=2158 ms
2026-08-31 17:33:53.282 INFO  [c.a.config.SqlOnlyInterceptor] SQL Execute | mapper=com.ait.sy.syAffirm.mapper.SyAffirmEmailMapper.countPendingApprovals | caller=com.ait.sy.syAffirm.service.impl.SyAffirmEmailServiceImpl.getPendingApprovalCounts(SyAffirmEmailServiceImpl.java:105) | command=SELECT | params=[adminID='11111111'] | sql=SELECT COUNT(1) FROM SY_AFFIRM_EMAIL EM WHERE ACTIVITY = 0 AND AFFIRM_PERSON_ID = '11111111' AND APPLY_AFFIRM_FLAG NOT IN ('14014310', '14014309', '14014308') AND NOT EXISTS (SELECT 1 FROM ESS_LEAVE_APPLY_TB TB WHERE TB.APPLY_NO = EM.APPLY_NO AND TB.BATCH_YN = 2) AND NOT EXISTS (SELECT 1 FROM ESS_APPLY_OT OT WHERE OT.APPLY_NO = EM.APPLY_NO AND OT.BATCH_YN = 2)
2026-08-31 17:33:54.188 INFO  [c.a.config.SqlOnlyInterceptor] SQL Result  | mapper=com.ait.sy.syAffirm.mapper.SyAffirmEmailMapper.countPendingApprovals | caller=com.ait.sy.syAffirm.service.impl.SyAffirmEmailServiceImpl.getPendingApprovalCounts(SyAffirmEmailServiceImpl.java:105) | rowsReturned=1 | took=907 ms
2026-08-31 17:33:54.190 INFO  [c.a.config.SqlOnlyInterceptor] SQL Execute | mapper=com.ait.sy.syAffirm.mapper.SyAffirmEmailMapper.countPendingApprovals | caller=com.ait.sy.syAffirm.service.impl.SyAffirmEmailServiceImpl.getPendingApprovalCounts(SyAffirmEmailServiceImpl.java:108) | command=SELECT | params=[adminID='11111111', applyTypeCodeSearch='21'] | sql=SELECT COUNT(1) FROM SY_AFFIRM_EMAIL EM WHERE ACTIVITY = 0 AND AFFIRM_PERSON_ID = '11111111' AND APPLY_AFFIRM_FLAG NOT IN ('14014310', '14014309', '14014308') AND APPLY_TYPE_CODE = '21' AND NOT EXISTS (SELECT 1 FROM ESS_LEAVE_APPLY_TB TB WHERE TB.APPLY_NO = EM.APPLY_NO AND TB.BATCH_YN = 2) AND NOT EXISTS (SELECT 1 FROM ESS_APPLY_OT OT WHERE OT.APPLY_NO = EM.APPLY_NO AND OT.BATCH_YN = 2)
2026-08-31 17:33:55.674 INFO  [c.a.config.SqlOnlyInterceptor] SQL Result  | mapper=com.ait.sy.syAffirm.mapper.SyAffirmEmailMapper.countPendingApprovals | caller=com.ait.sy.syAffirm.service.impl.SyAffirmEmailServiceImpl.getPendingApprovalCounts(SyAffirmEmailServiceImpl.java:108) | rowsReturned=1 | took=1484 ms
2026-08-31 17:33:55.674 INFO  [c.a.config.SqlOnlyInterceptor] SQL Execute | mapper=com.ait.sy.syAffirm.mapper.SyAffirmEmailMapper.countPendingApprovals | caller=com.ait.sy.syAffirm.service.impl.SyAffirmEmailServiceImpl.getPendingApprovalCounts(SyAffirmEmailServiceImpl.java:111) | command=SELECT | params=[adminID='11111111', applyTypeCodeSearch='31'] | sql=SELECT COUNT(1) FROM SY_AFFIRM_EMAIL EM WHERE ACTIVITY = 0 AND AFFIRM_PERSON_ID = '11111111' AND APPLY_AFFIRM_FLAG NOT IN ('14014310', '14014309', '14014308') AND APPLY_TYPE_CODE = '31' AND NOT EXISTS (SELECT 1 FROM ESS_LEAVE_APPLY_TB TB WHERE TB.APPLY_NO = EM.APPLY_NO AND TB.BATCH_YN = 2) AND NOT EXISTS (SELECT 1 FROM ESS_APPLY_OT OT WHERE OT.APPLY_NO = EM.APPLY_NO AND OT.BATCH_YN = 2)
2026-08-31 17:33:57.425 INFO  [c.a.config.SqlOnlyInterceptor] SQL Result  | mapper=com.ait.sy.syAffirm.mapper.SyAffirmEmailMapper.countPendingApprovals | caller=com.ait.sy.syAffirm.service.impl.SyAffirmEmailServiceImpl.getPendingApprovalCounts(SyAffirmEmailServiceImpl.java:111) | rowsReturned=1 | took=1751 ms
2026-08-31 17:33:57.427 INFO  [c.a.config.SqlOnlyInterceptor] SQL Execute | mapper=com.ait.sy.syAffirm.mapper.SyAffirmEmailMapper.countPendingApprovals | caller=com.ait.sy.syAffirm.service.impl.SyAffirmEmailServiceImpl.getPendingApprovalCounts(SyAffirmEmailServiceImpl.java:114) | command=SELECT | params=[adminID='11111111', applyTypeCodeSearch='218197'] | sql=SELECT COUNT(1) FROM SY_AFFIRM_EMAIL EM WHERE ACTIVITY = 0 AND AFFIRM_PERSON_ID = '11111111' AND APPLY_AFFIRM_FLAG NOT IN ('14014310', '14014309', '14014308') AND APPLY_TYPE_CODE = '218197' AND NOT EXISTS (SELECT 1 FROM ESS_LEAVE_APPLY_TB TB WHERE TB.APPLY_NO = EM.APPLY_NO AND TB.BATCH_YN = 2) AND NOT EXISTS (SELECT 1 FROM ESS_APPLY_OT OT WHERE OT.APPLY_NO = EM.APPLY_NO AND OT.BATCH_YN = 2)
2026-08-31 17:33:59.272 INFO  [c.a.config.SqlOnlyInterceptor] SQL Result  | mapper=com.ait.sy.syAffirm.mapper.SyAffirmEmailMapper.countPendingApprovals | caller=com.ait.sy.syAffirm.service.impl.SyAffirmEmailServiceImpl.getPendingApprovalCounts(SyAffirmEmailServiceImpl.java:114) | rowsReturned=1 | took=1846 ms
2026-08-31 17:36:53.272 INFO  [c.a.config.SqlOnlyInterceptor] SQL Execute | mapper=com.ait.sy.syAffirm.mapper.SyAffirmEmailMapper.countPendingApprovals | caller=com.ait.sy.syAffirm.service.impl.SyAffirmEmailServiceImpl.getPendingApprovalCounts(SyAffirmEmailServiceImpl.java:105) | command=SELECT | params=[adminID='11111111'] | sql=SELECT COUNT(1) FROM SY_AFFIRM_EMAIL EM WHERE ACTIVITY = 0 AND AFFIRM_PERSON_ID = '11111111' AND APPLY_AFFIRM_FLAG NOT IN ('14014310', '14014309', '14014308') AND NOT EXISTS (SELECT 1 FROM ESS_LEAVE_APPLY_TB TB WHERE TB.APPLY_NO = EM.APPLY_NO AND TB.BATCH_YN = 2) AND NOT EXISTS (SELECT 1 FROM ESS_APPLY_OT OT WHERE OT.APPLY_NO = EM.APPLY_NO AND OT.BATCH_YN = 2)
2026-08-31 17:36:55.065 INFO  [c.a.config.SqlOnlyInterceptor] SQL Result  | mapper=com.ait.sy.syAffirm.mapper.SyAffirmEmailMapper.countPendingApprovals | caller=com.ait.sy.syAffirm.service.impl.SyAffirmEmailServiceImpl.getPendingApprovalCounts(SyAffirmEmailServiceImpl.java:105) | rowsReturned=1 | took=1793 ms
2026-08-31 17:36:55.066 INFO  [c.a.config.SqlOnlyInterceptor] SQL Execute | mapper=com.ait.sy.syAffirm.mapper.SyAffirmEmailMapper.countPendingApprovals | caller=com.ait.sy.syAffirm.service.impl.SyAffirmEmailServiceImpl.getPendingApprovalCounts(SyAffirmEmailServiceImpl.java:108) | command=SELECT | params=[adminID='11111111', applyTypeCodeSearch='21'] | sql=SELECT COUNT(1) FROM SY_AFFIRM_EMAIL EM WHERE ACTIVITY = 0 AND AFFIRM_PERSON_ID = '11111111' AND APPLY_AFFIRM_FLAG NOT IN ('14014310', '14014309', '14014308') AND APPLY_TYPE_CODE = '21' AND NOT EXISTS (SELECT 1 FROM ESS_LEAVE_APPLY_TB TB WHERE TB.APPLY_NO = EM.APPLY_NO AND TB.BATCH_YN = 2) AND NOT EXISTS (SELECT 1 FROM ESS_APPLY_OT OT WHERE OT.APPLY_NO = EM.APPLY_NO AND OT.BATCH_YN = 2)
2026-08-31 17:36:56.756 INFO  [c.a.config.SqlOnlyInterceptor] SQL Result  | mapper=com.ait.sy.syAffirm.mapper.SyAffirmEmailMapper.countPendingApprovals | caller=com.ait.sy.syAffirm.service.impl.SyAffirmEmailServiceImpl.getPendingApprovalCounts(SyAffirmEmailServiceImpl.java:108) | rowsReturned=1 | took=1690 ms
2026-08-31 17:36:56.757 INFO  [c.a.config.SqlOnlyInterceptor] SQL Execute | mapper=com.ait.sy.syAffirm.mapper.SyAffirmEmailMapper.countPendingApprovals | caller=com.ait.sy.syAffirm.service.impl.SyAffirmEmailServiceImpl.getPendingApprovalCounts(SyAffirmEmailServiceImpl.java:111) | command=SELECT | params=[adminID='11111111', applyTypeCodeSearch='31'] | sql=SELECT COUNT(1) FROM SY_AFFIRM_EMAIL EM WHERE ACTIVITY = 0 AND AFFIRM_PERSON_ID = '11111111' AND APPLY_AFFIRM_FLAG NOT IN ('14014310', '14014309', '14014308') AND APPLY_TYPE_CODE = '31' AND NOT EXISTS (SELECT 1 FROM ESS_LEAVE_APPLY_TB TB WHERE TB.APPLY_NO = EM.APPLY_NO AND TB.BATCH_YN = 2) AND NOT EXISTS (SELECT 1 FROM ESS_APPLY_OT OT WHERE OT.APPLY_NO = EM.APPLY_NO AND OT.BATCH_YN = 2)
2026-08-31 17:36:58.340 INFO  [c.a.config.SqlOnlyInterceptor] SQL Result  | mapper=com.ait.sy.syAffirm.mapper.SyAffirmEmailMapper.countPendingApprovals | caller=com.ait.sy.syAffirm.service.impl.SyAffirmEmailServiceImpl.getPendingApprovalCounts(SyAffirmEmailServiceImpl.java:111) | rowsReturned=1 | took=1583 ms
2026-08-31 17:36:58.341 INFO  [c.a.config.SqlOnlyInterceptor] SQL Execute | mapper=com.ait.sy.syAffirm.mapper.SyAffirmEmailMapper.countPendingApprovals | caller=com.ait.sy.syAffirm.service.impl.SyAffirmEmailServiceImpl.getPendingApprovalCounts(SyAffirmEmailServiceImpl.java:114) | command=SELECT | params=[adminID='11111111', applyTypeCodeSearch='218197'] | sql=SELECT COUNT(1) FROM SY_AFFIRM_EMAIL EM WHERE ACTIVITY = 0 AND AFFIRM_PERSON_ID = '11111111' AND APPLY_AFFIRM_FLAG NOT IN ('14014310', '14014309', '14014308') AND APPLY_TYPE_CODE = '218197' AND NOT EXISTS (SELECT 1 FROM ESS_LEAVE_APPLY_TB TB WHERE TB.APPLY_NO = EM.APPLY_NO AND TB.BATCH_YN = 2) AND NOT EXISTS (SELECT 1 FROM ESS_APPLY_OT OT WHERE OT.APPLY_NO = EM.APPLY_NO AND OT.BATCH_YN = 2)
2026-08-31 17:36:59.561 INFO  [c.a.config.SqlOnlyInterceptor] SQL Result  | mapper=com.ait.sy.syAffirm.mapper.SyAffirmEmailMapper.countPendingApprovals | caller=com.ait.sy.syAffirm.service.impl.SyAffirmEmailServiceImpl.getPendingApprovalCounts(SyAffirmEmailServiceImpl.java:114) | rowsReturned=1 | took=1220 ms
2026-08-31 17:39:53.279 INFO  [c.a.config.SqlOnlyInterceptor] SQL Execute | mapper=com.ait.sy.syAffirm.mapper.SyAffirmEmailMapper.countPendingApprovals | caller=com.ait.sy.syAffirm.service.impl.SyAffirmEmailServiceImpl.getPendingApprovalCounts(SyAffirmEmailServiceImpl.java:105) | command=SELECT | params=[adminID='11111111'] | sql=SELECT COUNT(1) FROM SY_AFFIRM_EMAIL EM WHERE ACTIVITY = 0 AND AFFIRM_PERSON_ID = '11111111' AND APPLY_AFFIRM_FLAG NOT IN ('14014310', '14014309', '14014308') AND NOT EXISTS (SELECT 1 FROM ESS_LEAVE_APPLY_TB TB WHERE TB.APPLY_NO = EM.APPLY_NO AND TB.BATCH_YN = 2) AND NOT EXISTS (SELECT 1 FROM ESS_APPLY_OT OT WHERE OT.APPLY_NO = EM.APPLY_NO AND OT.BATCH_YN = 2)
2026-08-31 17:39:54.629 INFO  [c.a.config.SqlOnlyInterceptor] SQL Result  | mapper=com.ait.sy.syAffirm.mapper.SyAffirmEmailMapper.countPendingApprovals | caller=com.ait.sy.syAffirm.service.impl.SyAffirmEmailServiceImpl.getPendingApprovalCounts(SyAffirmEmailServiceImpl.java:105) | rowsReturned=1 | took=1350 ms
2026-08-31 17:39:54.629 INFO  [c.a.config.SqlOnlyInterceptor] SQL Execute | mapper=com.ait.sy.syAffirm.mapper.SyAffirmEmailMapper.countPendingApprovals | caller=com.ait.sy.syAffirm.service.impl.SyAffirmEmailServiceImpl.getPendingApprovalCounts(SyAffirmEmailServiceImpl.java:108) | command=SELECT | params=[adminID='11111111', applyTypeCodeSearch='21'] | sql=SELECT COUNT(1) FROM SY_AFFIRM_EMAIL EM WHERE ACTIVITY = 0 AND AFFIRM_PERSON_ID = '11111111' AND APPLY_AFFIRM_FLAG NOT IN ('14014310', '14014309', '14014308') AND APPLY_TYPE_CODE = '21' AND NOT EXISTS (SELECT 1 FROM ESS_LEAVE_APPLY_TB TB WHERE TB.APPLY_NO = EM.APPLY_NO AND TB.BATCH_YN = 2) AND NOT EXISTS (SELECT 1 FROM ESS_APPLY_OT OT WHERE OT.APPLY_NO = EM.APPLY_NO AND OT.BATCH_YN = 2)
2026-08-31 17:39:55.765 INFO  [c.a.config.SqlOnlyInterceptor] SQL Result  | mapper=com.ait.sy.syAffirm.mapper.SyAffirmEmailMapper.countPendingApprovals | caller=com.ait.sy.syAffirm.service.impl.SyAffirmEmailServiceImpl.getPendingApprovalCounts(SyAffirmEmailServiceImpl.java:108) | rowsReturned=1 | took=1136 ms
2026-08-31 17:39:55.766 INFO  [c.a.config.SqlOnlyInterceptor] SQL Execute | mapper=com.ait.sy.syAffirm.mapper.SyAffirmEmailMapper.countPendingApprovals | caller=com.ait.sy.syAffirm.service.impl.SyAffirmEmailServiceImpl.getPendingApprovalCounts(SyAffirmEmailServiceImpl.java:111) | command=SELECT | params=[adminID='11111111', applyTypeCodeSearch='31'] | sql=SELECT COUNT(1) FROM SY_AFFIRM_EMAIL EM WHERE ACTIVITY = 0 AND AFFIRM_PERSON_ID = '11111111' AND APPLY_AFFIRM_FLAG NOT IN ('14014310', '14014309', '14014308') AND APPLY_TYPE_CODE = '31' AND NOT EXISTS (SELECT 1 FROM ESS_LEAVE_APPLY_TB TB WHERE TB.APPLY_NO = EM.APPLY_NO AND TB.BATCH_YN = 2) AND NOT EXISTS (SELECT 1 FROM ESS_APPLY_OT OT WHERE OT.APPLY_NO = EM.APPLY_NO AND OT.BATCH_YN = 2)
2026-08-31 17:39:56.886 INFO  [c.a.config.SqlOnlyInterceptor] SQL Result  | mapper=com.ait.sy.syAffirm.mapper.SyAffirmEmailMapper.countPendingApprovals | caller=com.ait.sy.syAffirm.service.impl.SyAffirmEmailServiceImpl.getPendingApprovalCounts(SyAffirmEmailServiceImpl.java:111) | rowsReturned=1 | took=1120 ms
2026-08-31 17:39:56.886 INFO  [c.a.config.SqlOnlyInterceptor] SQL Execute | mapper=com.ait.sy.syAffirm.mapper.SyAffirmEmailMapper.countPendingApprovals | caller=com.ait.sy.syAffirm.service.impl.SyAffirmEmailServiceImpl.getPendingApprovalCounts(SyAffirmEmailServiceImpl.java:114) | command=SELECT | params=[adminID='11111111', applyTypeCodeSearch='218197'] | sql=SELECT COUNT(1) FROM SY_AFFIRM_EMAIL EM WHERE ACTIVITY = 0 AND AFFIRM_PERSON_ID = '11111111' AND APPLY_AFFIRM_FLAG NOT IN ('14014310', '14014309', '14014308') AND APPLY_TYPE_CODE = '218197' AND NOT EXISTS (SELECT 1 FROM ESS_LEAVE_APPLY_TB TB WHERE TB.APPLY_NO = EM.APPLY_NO AND TB.BATCH_YN = 2) AND NOT EXISTS (SELECT 1 FROM ESS_APPLY_OT OT WHERE OT.APPLY_NO = EM.APPLY_NO AND OT.BATCH_YN = 2)
2026-08-31 17:39:58.517 INFO  [c.a.config.SqlOnlyInterceptor] SQL Result  | mapper=com.ait.sy.syAffirm.mapper.SyAffirmEmailMapper.countPendingApprovals | caller=com.ait.sy.syAffirm.service.impl.SyAffirmEmailServiceImpl.getPendingApprovalCounts(SyAffirmEmailServiceImpl.java:114) | rowsReturned=1 | took=1631 ms
2026-08-31 17:42:53.272 INFO  [c.a.config.SqlOnlyInterceptor] SQL Execute | mapper=com.ait.sy.syAffirm.mapper.SyAffirmEmailMapper.countPendingApprovals | caller=com.ait.sy.syAffirm.service.impl.SyAffirmEmailServiceImpl.getPendingApprovalCounts(SyAffirmEmailServiceImpl.java:105) | command=SELECT | params=[adminID='11111111'] | sql=SELECT COUNT(1) FROM SY_AFFIRM_EMAIL EM WHERE ACTIVITY = 0 AND AFFIRM_PERSON_ID = '11111111' AND APPLY_AFFIRM_FLAG NOT IN ('14014310', '14014309', '14014308') AND NOT EXISTS (SELECT 1 FROM ESS_LEAVE_APPLY_TB TB WHERE TB.APPLY_NO = EM.APPLY_NO AND TB.BATCH_YN = 2) AND NOT EXISTS (SELECT 1 FROM ESS_APPLY_OT OT WHERE OT.APPLY_NO = EM.APPLY_NO AND OT.BATCH_YN = 2)
2026-08-31 17:42:54.892 INFO  [c.a.config.SqlOnlyInterceptor] SQL Result  | mapper=com.ait.sy.syAffirm.mapper.SyAffirmEmailMapper.countPendingApprovals | caller=com.ait.sy.syAffirm.service.impl.SyAffirmEmailServiceImpl.getPendingApprovalCounts(SyAffirmEmailServiceImpl.java:105) | rowsReturned=1 | took=1620 ms
2026-08-31 17:42:54.894 INFO  [c.a.config.SqlOnlyInterceptor] SQL Execute | mapper=com.ait.sy.syAffirm.mapper.SyAffirmEmailMapper.countPendingApprovals | caller=com.ait.sy.syAffirm.service.impl.SyAffirmEmailServiceImpl.getPendingApprovalCounts(SyAffirmEmailServiceImpl.java:108) | command=SELECT | params=[adminID='11111111', applyTypeCodeSearch='21'] | sql=SELECT COUNT(1) FROM SY_AFFIRM_EMAIL EM WHERE ACTIVITY = 0 AND AFFIRM_PERSON_ID = '11111111' AND APPLY_AFFIRM_FLAG NOT IN ('14014310', '14014309', '14014308') AND APPLY_TYPE_CODE = '21' AND NOT EXISTS (SELECT 1 FROM ESS_LEAVE_APPLY_TB TB WHERE TB.APPLY_NO = EM.APPLY_NO AND TB.BATCH_YN = 2) AND NOT EXISTS (SELECT 1 FROM ESS_APPLY_OT OT WHERE OT.APPLY_NO = EM.APPLY_NO AND OT.BATCH_YN = 2)
2026-08-31 17:42:56.089 INFO  [c.a.config.SqlOnlyInterceptor] SQL Result  | mapper=com.ait.sy.syAffirm.mapper.SyAffirmEmailMapper.countPendingApprovals | caller=com.ait.sy.syAffirm.service.impl.SyAffirmEmailServiceImpl.getPendingApprovalCounts(SyAffirmEmailServiceImpl.java:108) | rowsReturned=1 | took=1196 ms
2026-08-31 17:42:56.091 INFO  [c.a.config.SqlOnlyInterceptor] SQL Execute | mapper=com.ait.sy.syAffirm.mapper.SyAffirmEmailMapper.countPendingApprovals | caller=com.ait.sy.syAffirm.service.impl.SyAffirmEmailServiceImpl.getPendingApprovalCounts(SyAffirmEmailServiceImpl.java:111) | command=SELECT | params=[adminID='11111111', applyTypeCodeSearch='31'] | sql=SELECT COUNT(1) FROM SY_AFFIRM_EMAIL EM WHERE ACTIVITY = 0 AND AFFIRM_PERSON_ID = '11111111' AND APPLY_AFFIRM_FLAG NOT IN ('14014310', '14014309', '14014308') AND APPLY_TYPE_CODE = '31' AND NOT EXISTS (SELECT 1 FROM ESS_LEAVE_APPLY_TB TB WHERE TB.APPLY_NO = EM.APPLY_NO AND TB.BATCH_YN = 2) AND NOT EXISTS (SELECT 1 FROM ESS_APPLY_OT OT WHERE OT.APPLY_NO = EM.APPLY_NO AND OT.BATCH_YN = 2)
2026-08-31 17:42:57.890 INFO  [c.a.config.SqlOnlyInterceptor] SQL Result  | mapper=com.ait.sy.syAffirm.mapper.SyAffirmEmailMapper.countPendingApprovals | caller=com.ait.sy.syAffirm.service.impl.SyAffirmEmailServiceImpl.getPendingApprovalCounts(SyAffirmEmailServiceImpl.java:111) | rowsReturned=1 | took=1799 ms
2026-08-31 17:42:57.892 INFO  [c.a.config.SqlOnlyInterceptor] SQL Execute | mapper=com.ait.sy.syAffirm.mapper.SyAffirmEmailMapper.countPendingApprovals | caller=com.ait.sy.syAffirm.service.impl.SyAffirmEmailServiceImpl.getPendingApprovalCounts(SyAffirmEmailServiceImpl.java:114) | command=SELECT | params=[adminID='11111111', applyTypeCodeSearch='218197'] | sql=SELECT COUNT(1) FROM SY_AFFIRM_EMAIL EM WHERE ACTIVITY = 0 AND AFFIRM_PERSON_ID = '11111111' AND APPLY_AFFIRM_FLAG NOT IN ('14014310', '14014309', '14014308') AND APPLY_TYPE_CODE = '218197' AND NOT EXISTS (SELECT 1 FROM ESS_LEAVE_APPLY_TB TB WHERE TB.APPLY_NO = EM.APPLY_NO AND TB.BATCH_YN = 2) AND NOT EXISTS (SELECT 1 FROM ESS_APPLY_OT OT WHERE OT.APPLY_NO = EM.APPLY_NO AND OT.BATCH_YN = 2)
2026-08-31 17:42:58.881 INFO  [c.a.config.SqlOnlyInterceptor] SQL Result  | mapper=com.ait.sy.syAffirm.mapper.SyAffirmEmailMapper.countPendingApprovals | caller=com.ait.sy.syAffirm.service.impl.SyAffirmEmailServiceImpl.getPendingApprovalCounts(SyAffirmEmailServiceImpl.java:114) | rowsReturned=1 | took=990 ms
2026-08-31 17:45:53.286 INFO  [c.a.config.SqlOnlyInterceptor] SQL Execute | mapper=com.ait.sy.syAffirm.mapper.SyAffirmEmailMapper.countPendingApprovals | caller=com.ait.sy.syAffirm.service.impl.SyAffirmEmailServiceImpl.getPendingApprovalCounts(SyAffirmEmailServiceImpl.java:105) | command=SELECT | params=[adminID='11111111'] | sql=SELECT COUNT(1) FROM SY_AFFIRM_EMAIL EM WHERE ACTIVITY = 0 AND AFFIRM_PERSON_ID = '11111111' AND APPLY_AFFIRM_FLAG NOT IN ('14014310', '14014309', '14014308') AND NOT EXISTS (SELECT 1 FROM ESS_LEAVE_APPLY_TB TB WHERE TB.APPLY_NO = EM.APPLY_NO AND TB.BATCH_YN = 2) AND NOT EXISTS (SELECT 1 FROM ESS_APPLY_OT OT WHERE OT.APPLY_NO = EM.APPLY_NO AND OT.BATCH_YN = 2)
2026-08-31 17:45:54.945 INFO  [c.a.config.SqlOnlyInterceptor] SQL Result  | mapper=com.ait.sy.syAffirm.mapper.SyAffirmEmailMapper.countPendingApprovals | caller=com.ait.sy.syAffirm.service.impl.SyAffirmEmailServiceImpl.getPendingApprovalCounts(SyAffirmEmailServiceImpl.java:105) | rowsReturned=1 | took=1659 ms
2026-08-31 17:45:54.946 INFO  [c.a.config.SqlOnlyInterceptor] SQL Execute | mapper=com.ait.sy.syAffirm.mapper.SyAffirmEmailMapper.countPendingApprovals | caller=com.ait.sy.syAffirm.service.impl.SyAffirmEmailServiceImpl.getPendingApprovalCounts(SyAffirmEmailServiceImpl.java:108) | command=SELECT | params=[adminID='11111111', applyTypeCodeSearch='21'] | sql=SELECT COUNT(1) FROM SY_AFFIRM_EMAIL EM WHERE ACTIVITY = 0 AND AFFIRM_PERSON_ID = '11111111' AND APPLY_AFFIRM_FLAG NOT IN ('14014310', '14014309', '14014308') AND APPLY_TYPE_CODE = '21' AND NOT EXISTS (SELECT 1 FROM ESS_LEAVE_APPLY_TB TB WHERE TB.APPLY_NO = EM.APPLY_NO AND TB.BATCH_YN = 2) AND NOT EXISTS (SELECT 1 FROM ESS_APPLY_OT OT WHERE OT.APPLY_NO = EM.APPLY_NO AND OT.BATCH_YN = 2)
2026-08-31 17:45:56.143 INFO  [c.a.config.SqlOnlyInterceptor] SQL Result  | mapper=com.ait.sy.syAffirm.mapper.SyAffirmEmailMapper.countPendingApprovals | caller=com.ait.sy.syAffirm.service.impl.SyAffirmEmailServiceImpl.getPendingApprovalCounts(SyAffirmEmailServiceImpl.java:108) | rowsReturned=1 | took=1197 ms
2026-08-31 17:45:56.148 INFO  [c.a.config.SqlOnlyInterceptor] SQL Execute | mapper=com.ait.sy.syAffirm.mapper.SyAffirmEmailMapper.countPendingApprovals | caller=com.ait.sy.syAffirm.service.impl.SyAffirmEmailServiceImpl.getPendingApprovalCounts(SyAffirmEmailServiceImpl.java:111) | command=SELECT | params=[adminID='11111111', applyTypeCodeSearch='31'] | sql=SELECT COUNT(1) FROM SY_AFFIRM_EMAIL EM WHERE ACTIVITY = 0 AND AFFIRM_PERSON_ID = '11111111' AND APPLY_AFFIRM_FLAG NOT IN ('14014310', '14014309', '14014308') AND APPLY_TYPE_CODE = '31' AND NOT EXISTS (SELECT 1 FROM ESS_LEAVE_APPLY_TB TB WHERE TB.APPLY_NO = EM.APPLY_NO AND TB.BATCH_YN = 2) AND NOT EXISTS (SELECT 1 FROM ESS_APPLY_OT OT WHERE OT.APPLY_NO = EM.APPLY_NO AND OT.BATCH_YN = 2)
2026-08-31 17:45:57.694 INFO  [c.a.config.SqlOnlyInterceptor] SQL Result  | mapper=com.ait.sy.syAffirm.mapper.SyAffirmEmailMapper.countPendingApprovals | caller=com.ait.sy.syAffirm.service.impl.SyAffirmEmailServiceImpl.getPendingApprovalCounts(SyAffirmEmailServiceImpl.java:111) | rowsReturned=1 | took=1547 ms
2026-08-31 17:45:57.697 INFO  [c.a.config.SqlOnlyInterceptor] SQL Execute | mapper=com.ait.sy.syAffirm.mapper.SyAffirmEmailMapper.countPendingApprovals | caller=com.ait.sy.syAffirm.service.impl.SyAffirmEmailServiceImpl.getPendingApprovalCounts(SyAffirmEmailServiceImpl.java:114) | command=SELECT | params=[adminID='11111111', applyTypeCodeSearch='218197'] | sql=SELECT COUNT(1) FROM SY_AFFIRM_EMAIL EM WHERE ACTIVITY = 0 AND AFFIRM_PERSON_ID = '11111111' AND APPLY_AFFIRM_FLAG NOT IN ('14014310', '14014309', '14014308') AND APPLY_TYPE_CODE = '218197' AND NOT EXISTS (SELECT 1 FROM ESS_LEAVE_APPLY_TB TB WHERE TB.APPLY_NO = EM.APPLY_NO AND TB.BATCH_YN = 2) AND NOT EXISTS (SELECT 1 FROM ESS_APPLY_OT OT WHERE OT.APPLY_NO = EM.APPLY_NO AND OT.BATCH_YN = 2)
2026-08-31 17:45:59.265 INFO  [c.a.config.SqlOnlyInterceptor] SQL Result  | mapper=com.ait.sy.syAffirm.mapper.SyAffirmEmailMapper.countPendingApprovals | caller=com.ait.sy.syAffirm.service.impl.SyAffirmEmailServiceImpl.getPendingApprovalCounts(SyAffirmEmailServiceImpl.java:114) | rowsReturned=1 | took=1568 ms
2026-08-31 17:48:53.718 INFO  [c.a.config.SqlOnlyInterceptor] SQL Execute | mapper=com.ait.sy.syAffirm.mapper.SyAffirmEmailMapper.countPendingApprovals | caller=com.ait.sy.syAffirm.service.impl.SyAffirmEmailServiceImpl.getPendingApprovalCounts(SyAffirmEmailServiceImpl.java:105) | command=SELECT | params=[adminID='11111111'] | sql=SELECT COUNT(1) FROM SY_AFFIRM_EMAIL EM WHERE ACTIVITY = 0 AND AFFIRM_PERSON_ID = '11111111' AND APPLY_AFFIRM_FLAG NOT IN ('14014310', '14014309', '14014308') AND NOT EXISTS (SELECT 1 FROM ESS_LEAVE_APPLY_TB TB WHERE TB.APPLY_NO = EM.APPLY_NO AND TB.BATCH_YN = 2) AND NOT EXISTS (SELECT 1 FROM ESS_APPLY_OT OT WHERE OT.APPLY_NO = EM.APPLY_NO AND OT.BATCH_YN = 2)
2026-08-31 17:48:55.674 INFO  [c.a.config.SqlOnlyInterceptor] SQL Result  | mapper=com.ait.sy.syAffirm.mapper.SyAffirmEmailMapper.countPendingApprovals | caller=com.ait.sy.syAffirm.service.impl.SyAffirmEmailServiceImpl.getPendingApprovalCounts(SyAffirmEmailServiceImpl.java:105) | rowsReturned=1 | took=1956 ms
2026-08-31 17:48:55.676 INFO  [c.a.config.SqlOnlyInterceptor] SQL Execute | mapper=com.ait.sy.syAffirm.mapper.SyAffirmEmailMapper.countPendingApprovals | caller=com.ait.sy.syAffirm.service.impl.SyAffirmEmailServiceImpl.getPendingApprovalCounts(SyAffirmEmailServiceImpl.java:108) | command=SELECT | params=[adminID='11111111', applyTypeCodeSearch='21'] | sql=SELECT COUNT(1) FROM SY_AFFIRM_EMAIL EM WHERE ACTIVITY = 0 AND AFFIRM_PERSON_ID = '11111111' AND APPLY_AFFIRM_FLAG NOT IN ('14014310', '14014309', '14014308') AND APPLY_TYPE_CODE = '21' AND NOT EXISTS (SELECT 1 FROM ESS_LEAVE_APPLY_TB TB WHERE TB.APPLY_NO = EM.APPLY_NO AND TB.BATCH_YN = 2) AND NOT EXISTS (SELECT 1 FROM ESS_APPLY_OT OT WHERE OT.APPLY_NO = EM.APPLY_NO AND OT.BATCH_YN = 2)
2026-08-31 17:48:57.281 INFO  [c.a.config.SqlOnlyInterceptor] SQL Result  | mapper=com.ait.sy.syAffirm.mapper.SyAffirmEmailMapper.countPendingApprovals | caller=com.ait.sy.syAffirm.service.impl.SyAffirmEmailServiceImpl.getPendingApprovalCounts(SyAffirmEmailServiceImpl.java:108) | rowsReturned=1 | took=1606 ms
2026-08-31 17:48:57.283 INFO  [c.a.config.SqlOnlyInterceptor] SQL Execute | mapper=com.ait.sy.syAffirm.mapper.SyAffirmEmailMapper.countPendingApprovals | caller=com.ait.sy.syAffirm.service.impl.SyAffirmEmailServiceImpl.getPendingApprovalCounts(SyAffirmEmailServiceImpl.java:111) | command=SELECT | params=[adminID='11111111', applyTypeCodeSearch='31'] | sql=SELECT COUNT(1) FROM SY_AFFIRM_EMAIL EM WHERE ACTIVITY = 0 AND AFFIRM_PERSON_ID = '11111111' AND APPLY_AFFIRM_FLAG NOT IN ('14014310', '14014309', '14014308') AND APPLY_TYPE_CODE = '31' AND NOT EXISTS (SELECT 1 FROM ESS_LEAVE_APPLY_TB TB WHERE TB.APPLY_NO = EM.APPLY_NO AND TB.BATCH_YN = 2) AND NOT EXISTS (SELECT 1 FROM ESS_APPLY_OT OT WHERE OT.APPLY_NO = EM.APPLY_NO AND OT.BATCH_YN = 2)
2026-08-31 17:48:58.450 INFO  [c.a.config.SqlOnlyInterceptor] SQL Result  | mapper=com.ait.sy.syAffirm.mapper.SyAffirmEmailMapper.countPendingApprovals | caller=com.ait.sy.syAffirm.service.impl.SyAffirmEmailServiceImpl.getPendingApprovalCounts(SyAffirmEmailServiceImpl.java:111) | rowsReturned=1 | took=1168 ms
2026-08-31 17:48:58.452 INFO  [c.a.config.SqlOnlyInterceptor] SQL Execute | mapper=com.ait.sy.syAffirm.mapper.SyAffirmEmailMapper.countPendingApprovals | caller=com.ait.sy.syAffirm.service.impl.SyAffirmEmailServiceImpl.getPendingApprovalCounts(SyAffirmEmailServiceImpl.java:114) | command=SELECT | params=[adminID='11111111', applyTypeCodeSearch='218197'] | sql=SELECT COUNT(1) FROM SY_AFFIRM_EMAIL EM WHERE ACTIVITY = 0 AND AFFIRM_PERSON_ID = '11111111' AND APPLY_AFFIRM_FLAG NOT IN ('14014310', '14014309', '14014308') AND APPLY_TYPE_CODE = '218197' AND NOT EXISTS (SELECT 1 FROM ESS_LEAVE_APPLY_TB TB WHERE TB.APPLY_NO = EM.APPLY_NO AND TB.BATCH_YN = 2) AND NOT EXISTS (SELECT 1 FROM ESS_APPLY_OT OT WHERE OT.APPLY_NO = EM.APPLY_NO AND OT.BATCH_YN = 2)
2026-08-31 17:48:59.356 INFO  [c.a.config.SqlOnlyInterceptor] SQL Result  | mapper=com.ait.sy.syAffirm.mapper.SyAffirmEmailMapper.countPendingApprovals | caller=com.ait.sy.syAffirm.service.impl.SyAffirmEmailServiceImpl.getPendingApprovalCounts(SyAffirmEmailServiceImpl.java:114) | rowsReturned=1 | took=904 ms
2026-08-31 17:51:53.738 INFO  [c.a.config.SqlOnlyInterceptor] SQL Execute | mapper=com.ait.sy.syAffirm.mapper.SyAffirmEmailMapper.countPendingApprovals | caller=com.ait.sy.syAffirm.service.impl.SyAffirmEmailServiceImpl.getPendingApprovalCounts(SyAffirmEmailServiceImpl.java:105) | command=SELECT | params=[adminID='11111111'] | sql=SELECT COUNT(1) FROM SY_AFFIRM_EMAIL EM WHERE ACTIVITY = 0 AND AFFIRM_PERSON_ID = '11111111' AND APPLY_AFFIRM_FLAG NOT IN ('14014310', '14014309', '14014308') AND NOT EXISTS (SELECT 1 FROM ESS_LEAVE_APPLY_TB TB WHERE TB.APPLY_NO = EM.APPLY_NO AND TB.BATCH_YN = 2) AND NOT EXISTS (SELECT 1 FROM ESS_APPLY_OT OT WHERE OT.APPLY_NO = EM.APPLY_NO AND OT.BATCH_YN = 2)
2026-08-31 17:51:54.971 INFO  [c.a.config.SqlOnlyInterceptor] SQL Result  | mapper=com.ait.sy.syAffirm.mapper.SyAffirmEmailMapper.countPendingApprovals | caller=com.ait.sy.syAffirm.service.impl.SyAffirmEmailServiceImpl.getPendingApprovalCounts(SyAffirmEmailServiceImpl.java:105) | rowsReturned=1 | took=1233 ms
2026-08-31 17:51:54.973 INFO  [c.a.config.SqlOnlyInterceptor] SQL Execute | mapper=com.ait.sy.syAffirm.mapper.SyAffirmEmailMapper.countPendingApprovals | caller=com.ait.sy.syAffirm.service.impl.SyAffirmEmailServiceImpl.getPendingApprovalCounts(SyAffirmEmailServiceImpl.java:108) | command=SELECT | params=[adminID='11111111', applyTypeCodeSearch='21'] | sql=SELECT COUNT(1) FROM SY_AFFIRM_EMAIL EM WHERE ACTIVITY = 0 AND AFFIRM_PERSON_ID = '11111111' AND APPLY_AFFIRM_FLAG NOT IN ('14014310', '14014309', '14014308') AND APPLY_TYPE_CODE = '21' AND NOT EXISTS (SELECT 1 FROM ESS_LEAVE_APPLY_TB TB WHERE TB.APPLY_NO = EM.APPLY_NO AND TB.BATCH_YN = 2) AND NOT EXISTS (SELECT 1 FROM ESS_APPLY_OT OT WHERE OT.APPLY_NO = EM.APPLY_NO AND OT.BATCH_YN = 2)
2026-08-31 17:51:56.732 INFO  [c.a.config.SqlOnlyInterceptor] SQL Result  | mapper=com.ait.sy.syAffirm.mapper.SyAffirmEmailMapper.countPendingApprovals | caller=com.ait.sy.syAffirm.service.impl.SyAffirmEmailServiceImpl.getPendingApprovalCounts(SyAffirmEmailServiceImpl.java:108) | rowsReturned=1 | took=1759 ms
2026-08-31 17:51:56.734 INFO  [c.a.config.SqlOnlyInterceptor] SQL Execute | mapper=com.ait.sy.syAffirm.mapper.SyAffirmEmailMapper.countPendingApprovals | caller=com.ait.sy.syAffirm.service.impl.SyAffirmEmailServiceImpl.getPendingApprovalCounts(SyAffirmEmailServiceImpl.java:111) | command=SELECT | params=[adminID='11111111', applyTypeCodeSearch='31'] | sql=SELECT COUNT(1) FROM SY_AFFIRM_EMAIL EM WHERE ACTIVITY = 0 AND AFFIRM_PERSON_ID = '11111111' AND APPLY_AFFIRM_FLAG NOT IN ('14014310', '14014309', '14014308') AND APPLY_TYPE_CODE = '31' AND NOT EXISTS (SELECT 1 FROM ESS_LEAVE_APPLY_TB TB WHERE TB.APPLY_NO = EM.APPLY_NO AND TB.BATCH_YN = 2) AND NOT EXISTS (SELECT 1 FROM ESS_APPLY_OT OT WHERE OT.APPLY_NO = EM.APPLY_NO AND OT.BATCH_YN = 2)
2026-08-31 17:51:58.049 INFO  [c.a.config.SqlOnlyInterceptor] SQL Result  | mapper=com.ait.sy.syAffirm.mapper.SyAffirmEmailMapper.countPendingApprovals | caller=com.ait.sy.syAffirm.service.impl.SyAffirmEmailServiceImpl.getPendingApprovalCounts(SyAffirmEmailServiceImpl.java:111) | rowsReturned=1 | took=1315 ms
2026-08-31 17:51:58.051 INFO  [c.a.config.SqlOnlyInterceptor] SQL Execute | mapper=com.ait.sy.syAffirm.mapper.SyAffirmEmailMapper.countPendingApprovals | caller=com.ait.sy.syAffirm.service.impl.SyAffirmEmailServiceImpl.getPendingApprovalCounts(SyAffirmEmailServiceImpl.java:114) | command=SELECT | params=[adminID='11111111', applyTypeCodeSearch='218197'] | sql=SELECT COUNT(1) FROM SY_AFFIRM_EMAIL EM WHERE ACTIVITY = 0 AND AFFIRM_PERSON_ID = '11111111' AND APPLY_AFFIRM_FLAG NOT IN ('14014310', '14014309', '14014308') AND APPLY_TYPE_CODE = '218197' AND NOT EXISTS (SELECT 1 FROM ESS_LEAVE_APPLY_TB TB WHERE TB.APPLY_NO = EM.APPLY_NO AND TB.BATCH_YN = 2) AND NOT EXISTS (SELECT 1 FROM ESS_APPLY_OT OT WHERE OT.APPLY_NO = EM.APPLY_NO AND OT.BATCH_YN = 2)
2026-08-31 17:51:59.484 INFO  [c.a.config.SqlOnlyInterceptor] SQL Result  | mapper=com.ait.sy.syAffirm.mapper.SyAffirmEmailMapper.countPendingApprovals | caller=com.ait.sy.syAffirm.service.impl.SyAffirmEmailServiceImpl.getPendingApprovalCounts(SyAffirmEmailServiceImpl.java:114) | rowsReturned=1 | took=1433 ms
2026-08-31 17:54:53.713 INFO  [c.a.config.SqlOnlyInterceptor] SQL Execute | mapper=com.ait.sy.syAffirm.mapper.SyAffirmEmailMapper.countPendingApprovals | caller=com.ait.sy.syAffirm.service.impl.SyAffirmEmailServiceImpl.getPendingApprovalCounts(SyAffirmEmailServiceImpl.java:105) | command=SELECT | params=[adminID='11111111'] | sql=SELECT COUNT(1) FROM SY_AFFIRM_EMAIL EM WHERE ACTIVITY = 0 AND AFFIRM_PERSON_ID = '11111111' AND APPLY_AFFIRM_FLAG NOT IN ('14014310', '14014309', '14014308') AND NOT EXISTS (SELECT 1 FROM ESS_LEAVE_APPLY_TB TB WHERE TB.APPLY_NO = EM.APPLY_NO AND TB.BATCH_YN = 2) AND NOT EXISTS (SELECT 1 FROM ESS_APPLY_OT OT WHERE OT.APPLY_NO = EM.APPLY_NO AND OT.BATCH_YN = 2)
2026-08-31 17:54:55.089 INFO  [c.a.config.SqlOnlyInterceptor] SQL Result  | mapper=com.ait.sy.syAffirm.mapper.SyAffirmEmailMapper.countPendingApprovals | caller=com.ait.sy.syAffirm.service.impl.SyAffirmEmailServiceImpl.getPendingApprovalCounts(SyAffirmEmailServiceImpl.java:105) | rowsReturned=1 | took=1376 ms
2026-08-31 17:54:55.091 INFO  [c.a.config.SqlOnlyInterceptor] SQL Execute | mapper=com.ait.sy.syAffirm.mapper.SyAffirmEmailMapper.countPendingApprovals | caller=com.ait.sy.syAffirm.service.impl.SyAffirmEmailServiceImpl.getPendingApprovalCounts(SyAffirmEmailServiceImpl.java:108) | command=SELECT | params=[adminID='11111111', applyTypeCodeSearch='21'] | sql=SELECT COUNT(1) FROM SY_AFFIRM_EMAIL EM WHERE ACTIVITY = 0 AND AFFIRM_PERSON_ID = '11111111' AND APPLY_AFFIRM_FLAG NOT IN ('14014310', '14014309', '14014308') AND APPLY_TYPE_CODE = '21' AND NOT EXISTS (SELECT 1 FROM ESS_LEAVE_APPLY_TB TB WHERE TB.APPLY_NO = EM.APPLY_NO AND TB.BATCH_YN = 2) AND NOT EXISTS (SELECT 1 FROM ESS_APPLY_OT OT WHERE OT.APPLY_NO = EM.APPLY_NO AND OT.BATCH_YN = 2)
2026-08-31 17:54:56.410 INFO  [c.a.config.SqlOnlyInterceptor] SQL Result  | mapper=com.ait.sy.syAffirm.mapper.SyAffirmEmailMapper.countPendingApprovals | caller=com.ait.sy.syAffirm.service.impl.SyAffirmEmailServiceImpl.getPendingApprovalCounts(SyAffirmEmailServiceImpl.java:108) | rowsReturned=1 | took=1319 ms
2026-08-31 17:54:56.413 INFO  [c.a.config.SqlOnlyInterceptor] SQL Execute | mapper=com.ait.sy.syAffirm.mapper.SyAffirmEmailMapper.countPendingApprovals | caller=com.ait.sy.syAffirm.service.impl.SyAffirmEmailServiceImpl.getPendingApprovalCounts(SyAffirmEmailServiceImpl.java:111) | command=SELECT | params=[adminID='11111111', applyTypeCodeSearch='31'] | sql=SELECT COUNT(1) FROM SY_AFFIRM_EMAIL EM WHERE ACTIVITY = 0 AND AFFIRM_PERSON_ID = '11111111' AND APPLY_AFFIRM_FLAG NOT IN ('14014310', '14014309', '14014308') AND APPLY_TYPE_CODE = '31' AND NOT EXISTS (SELECT 1 FROM ESS_LEAVE_APPLY_TB TB WHERE TB.APPLY_NO = EM.APPLY_NO AND TB.BATCH_YN = 2) AND NOT EXISTS (SELECT 1 FROM ESS_APPLY_OT OT WHERE OT.APPLY_NO = EM.APPLY_NO AND OT.BATCH_YN = 2)
2026-08-31 17:54:57.916 INFO  [c.a.config.SqlOnlyInterceptor] SQL Result  | mapper=com.ait.sy.syAffirm.mapper.SyAffirmEmailMapper.countPendingApprovals | caller=com.ait.sy.syAffirm.service.impl.SyAffirmEmailServiceImpl.getPendingApprovalCounts(SyAffirmEmailServiceImpl.java:111) | rowsReturned=1 | took=1504 ms
2026-08-31 17:54:57.918 INFO  [c.a.config.SqlOnlyInterceptor] SQL Execute | mapper=com.ait.sy.syAffirm.mapper.SyAffirmEmailMapper.countPendingApprovals | caller=com.ait.sy.syAffirm.service.impl.SyAffirmEmailServiceImpl.getPendingApprovalCounts(SyAffirmEmailServiceImpl.java:114) | command=SELECT | params=[adminID='11111111', applyTypeCodeSearch='218197'] | sql=SELECT COUNT(1) FROM SY_AFFIRM_EMAIL EM WHERE ACTIVITY = 0 AND AFFIRM_PERSON_ID = '11111111' AND APPLY_AFFIRM_FLAG NOT IN ('14014310', '14014309', '14014308') AND APPLY_TYPE_CODE = '218197' AND NOT EXISTS (SELECT 1 FROM ESS_LEAVE_APPLY_TB TB WHERE TB.APPLY_NO = EM.APPLY_NO AND TB.BATCH_YN = 2) AND NOT EXISTS (SELECT 1 FROM ESS_APPLY_OT OT WHERE OT.APPLY_NO = EM.APPLY_NO AND OT.BATCH_YN = 2)
2026-08-31 17:54:59.146 INFO  [c.a.config.SqlOnlyInterceptor] SQL Result  | mapper=com.ait.sy.syAffirm.mapper.SyAffirmEmailMapper.countPendingApprovals | caller=com.ait.sy.syAffirm.service.impl.SyAffirmEmailServiceImpl.getPendingApprovalCounts(SyAffirmEmailServiceImpl.java:114) | rowsReturned=1 | took=1228 ms
2026-08-31 17:57:53.723 INFO  [c.a.config.SqlOnlyInterceptor] SQL Execute | mapper=com.ait.sy.syAffirm.mapper.SyAffirmEmailMapper.countPendingApprovals | caller=com.ait.sy.syAffirm.service.impl.SyAffirmEmailServiceImpl.getPendingApprovalCounts(SyAffirmEmailServiceImpl.java:105) | command=SELECT | params=[adminID='11111111'] | sql=SELECT COUNT(1) FROM SY_AFFIRM_EMAIL EM WHERE ACTIVITY = 0 AND AFFIRM_PERSON_ID = '11111111' AND APPLY_AFFIRM_FLAG NOT IN ('14014310', '14014309', '14014308') AND NOT EXISTS (SELECT 1 FROM ESS_LEAVE_APPLY_TB TB WHERE TB.APPLY_NO = EM.APPLY_NO AND TB.BATCH_YN = 2) AND NOT EXISTS (SELECT 1 FROM ESS_APPLY_OT OT WHERE OT.APPLY_NO = EM.APPLY_NO AND OT.BATCH_YN = 2)
2026-08-31 17:57:54.889 INFO  [c.a.config.SqlOnlyInterceptor] SQL Result  | mapper=com.ait.sy.syAffirm.mapper.SyAffirmEmailMapper.countPendingApprovals | caller=com.ait.sy.syAffirm.service.impl.SyAffirmEmailServiceImpl.getPendingApprovalCounts(SyAffirmEmailServiceImpl.java:105) | rowsReturned=1 | took=1166 ms
2026-08-31 17:57:54.891 INFO  [c.a.config.SqlOnlyInterceptor] SQL Execute | mapper=com.ait.sy.syAffirm.mapper.SyAffirmEmailMapper.countPendingApprovals | caller=com.ait.sy.syAffirm.service.impl.SyAffirmEmailServiceImpl.getPendingApprovalCounts(SyAffirmEmailServiceImpl.java:108) | command=SELECT | params=[adminID='11111111', applyTypeCodeSearch='21'] | sql=SELECT COUNT(1) FROM SY_AFFIRM_EMAIL EM WHERE ACTIVITY = 0 AND AFFIRM_PERSON_ID = '11111111' AND APPLY_AFFIRM_FLAG NOT IN ('14014310', '14014309', '14014308') AND APPLY_TYPE_CODE = '21' AND NOT EXISTS (SELECT 1 FROM ESS_LEAVE_APPLY_TB TB WHERE TB.APPLY_NO = EM.APPLY_NO AND TB.BATCH_YN = 2) AND NOT EXISTS (SELECT 1 FROM ESS_APPLY_OT OT WHERE OT.APPLY_NO = EM.APPLY_NO AND OT.BATCH_YN = 2)
2026-08-31 17:57:56.140 INFO  [c.a.config.SqlOnlyInterceptor] SQL Result  | mapper=com.ait.sy.syAffirm.mapper.SyAffirmEmailMapper.countPendingApprovals | caller=com.ait.sy.syAffirm.service.impl.SyAffirmEmailServiceImpl.getPendingApprovalCounts(SyAffirmEmailServiceImpl.java:108) | rowsReturned=1 | took=1249 ms
2026-08-31 17:57:56.145 INFO  [c.a.config.SqlOnlyInterceptor] SQL Execute | mapper=com.ait.sy.syAffirm.mapper.SyAffirmEmailMapper.countPendingApprovals | caller=com.ait.sy.syAffirm.service.impl.SyAffirmEmailServiceImpl.getPendingApprovalCounts(SyAffirmEmailServiceImpl.java:111) | command=SELECT | params=[adminID='11111111', applyTypeCodeSearch='31'] | sql=SELECT COUNT(1) FROM SY_AFFIRM_EMAIL EM WHERE ACTIVITY = 0 AND AFFIRM_PERSON_ID = '11111111' AND APPLY_AFFIRM_FLAG NOT IN ('14014310', '14014309', '14014308') AND APPLY_TYPE_CODE = '31' AND NOT EXISTS (SELECT 1 FROM ESS_LEAVE_APPLY_TB TB WHERE TB.APPLY_NO = EM.APPLY_NO AND TB.BATCH_YN = 2) AND NOT EXISTS (SELECT 1 FROM ESS_APPLY_OT OT WHERE OT.APPLY_NO = EM.APPLY_NO AND OT.BATCH_YN = 2)
2026-08-31 17:57:57.482 INFO  [c.a.config.SqlOnlyInterceptor] SQL Result  | mapper=com.ait.sy.syAffirm.mapper.SyAffirmEmailMapper.countPendingApprovals | caller=com.ait.sy.syAffirm.service.impl.SyAffirmEmailServiceImpl.getPendingApprovalCounts(SyAffirmEmailServiceImpl.java:111) | rowsReturned=1 | took=1338 ms
2026-08-31 17:57:57.486 INFO  [c.a.config.SqlOnlyInterceptor] SQL Execute | mapper=com.ait.sy.syAffirm.mapper.SyAffirmEmailMapper.countPendingApprovals | caller=com.ait.sy.syAffirm.service.impl.SyAffirmEmailServiceImpl.getPendingApprovalCounts(SyAffirmEmailServiceImpl.java:114) | command=SELECT | params=[adminID='11111111', applyTypeCodeSearch='218197'] | sql=SELECT COUNT(1) FROM SY_AFFIRM_EMAIL EM WHERE ACTIVITY = 0 AND AFFIRM_PERSON_ID = '11111111' AND APPLY_AFFIRM_FLAG NOT IN ('14014310', '14014309', '14014308') AND APPLY_TYPE_CODE = '218197' AND NOT EXISTS (SELECT 1 FROM ESS_LEAVE_APPLY_TB TB WHERE TB.APPLY_NO = EM.APPLY_NO AND TB.BATCH_YN = 2) AND NOT EXISTS (SELECT 1 FROM ESS_APPLY_OT OT WHERE OT.APPLY_NO = EM.APPLY_NO AND OT.BATCH_YN = 2)
2026-08-31 17:57:58.610 INFO  [c.a.config.SqlOnlyInterceptor] SQL Result  | mapper=com.ait.sy.syAffirm.mapper.SyAffirmEmailMapper.countPendingApprovals | caller=com.ait.sy.syAffirm.service.impl.SyAffirmEmailServiceImpl.getPendingApprovalCounts(SyAffirmEmailServiceImpl.java:114) | rowsReturned=1 | took=1125 ms
2026-08-31 18:00:53.284 INFO  [c.a.config.SqlOnlyInterceptor] SQL Execute | mapper=com.ait.sy.syAffirm.mapper.SyAffirmEmailMapper.countPendingApprovals | caller=com.ait.sy.syAffirm.service.impl.SyAffirmEmailServiceImpl.getPendingApprovalCounts(SyAffirmEmailServiceImpl.java:105) | command=SELECT | params=[adminID='11111111'] | sql=SELECT COUNT(1) FROM SY_AFFIRM_EMAIL EM WHERE ACTIVITY = 0 AND AFFIRM_PERSON_ID = '11111111' AND APPLY_AFFIRM_FLAG NOT IN ('14014310', '14014309', '14014308') AND NOT EXISTS (SELECT 1 FROM ESS_LEAVE_APPLY_TB TB WHERE TB.APPLY_NO = EM.APPLY_NO AND TB.BATCH_YN = 2) AND NOT EXISTS (SELECT 1 FROM ESS_APPLY_OT OT WHERE OT.APPLY_NO = EM.APPLY_NO AND OT.BATCH_YN = 2)
2026-08-31 18:00:54.224 INFO  [c.a.config.SqlOnlyInterceptor] SQL Result  | mapper=com.ait.sy.syAffirm.mapper.SyAffirmEmailMapper.countPendingApprovals | caller=com.ait.sy.syAffirm.service.impl.SyAffirmEmailServiceImpl.getPendingApprovalCounts(SyAffirmEmailServiceImpl.java:105) | rowsReturned=1 | took=941 ms
2026-08-31 18:00:54.226 INFO  [c.a.config.SqlOnlyInterceptor] SQL Execute | mapper=com.ait.sy.syAffirm.mapper.SyAffirmEmailMapper.countPendingApprovals | caller=com.ait.sy.syAffirm.service.impl.SyAffirmEmailServiceImpl.getPendingApprovalCounts(SyAffirmEmailServiceImpl.java:108) | command=SELECT | params=[adminID='11111111', applyTypeCodeSearch='21'] | sql=SELECT COUNT(1) FROM SY_AFFIRM_EMAIL EM WHERE ACTIVITY = 0 AND AFFIRM_PERSON_ID = '11111111' AND APPLY_AFFIRM_FLAG NOT IN ('14014310', '14014309', '14014308') AND APPLY_TYPE_CODE = '21' AND NOT EXISTS (SELECT 1 FROM ESS_LEAVE_APPLY_TB TB WHERE TB.APPLY_NO = EM.APPLY_NO AND TB.BATCH_YN = 2) AND NOT EXISTS (SELECT 1 FROM ESS_APPLY_OT OT WHERE OT.APPLY_NO = EM.APPLY_NO AND OT.BATCH_YN = 2)
2026-08-31 18:00:55.532 INFO  [c.a.config.SqlOnlyInterceptor] SQL Result  | mapper=com.ait.sy.syAffirm.mapper.SyAffirmEmailMapper.countPendingApprovals | caller=com.ait.sy.syAffirm.service.impl.SyAffirmEmailServiceImpl.getPendingApprovalCounts(SyAffirmEmailServiceImpl.java:108) | rowsReturned=1 | took=1307 ms
2026-08-31 18:00:55.536 INFO  [c.a.config.SqlOnlyInterceptor] SQL Execute | mapper=com.ait.sy.syAffirm.mapper.SyAffirmEmailMapper.countPendingApprovals | caller=com.ait.sy.syAffirm.service.impl.SyAffirmEmailServiceImpl.getPendingApprovalCounts(SyAffirmEmailServiceImpl.java:111) | command=SELECT | params=[adminID='11111111', applyTypeCodeSearch='31'] | sql=SELECT COUNT(1) FROM SY_AFFIRM_EMAIL EM WHERE ACTIVITY = 0 AND AFFIRM_PERSON_ID = '11111111' AND APPLY_AFFIRM_FLAG NOT IN ('14014310', '14014309', '14014308') AND APPLY_TYPE_CODE = '31' AND NOT EXISTS (SELECT 1 FROM ESS_LEAVE_APPLY_TB TB WHERE TB.APPLY_NO = EM.APPLY_NO AND TB.BATCH_YN = 2) AND NOT EXISTS (SELECT 1 FROM ESS_APPLY_OT OT WHERE OT.APPLY_NO = EM.APPLY_NO AND OT.BATCH_YN = 2)
2026-08-31 18:00:57.549 INFO  [c.a.config.SqlOnlyInterceptor] SQL Result  | mapper=com.ait.sy.syAffirm.mapper.SyAffirmEmailMapper.countPendingApprovals | caller=com.ait.sy.syAffirm.service.impl.SyAffirmEmailServiceImpl.getPendingApprovalCounts(SyAffirmEmailServiceImpl.java:111) | rowsReturned=1 | took=2014 ms
2026-08-31 18:00:57.551 INFO  [c.a.config.SqlOnlyInterceptor] SQL Execute | mapper=com.ait.sy.syAffirm.mapper.SyAffirmEmailMapper.countPendingApprovals | caller=com.ait.sy.syAffirm.service.impl.SyAffirmEmailServiceImpl.getPendingApprovalCounts(SyAffirmEmailServiceImpl.java:114) | command=SELECT | params=[adminID='11111111', applyTypeCodeSearch='218197'] | sql=SELECT COUNT(1) FROM SY_AFFIRM_EMAIL EM WHERE ACTIVITY = 0 AND AFFIRM_PERSON_ID = '11111111' AND APPLY_AFFIRM_FLAG NOT IN ('14014310', '14014309', '14014308') AND APPLY_TYPE_CODE = '218197' AND NOT EXISTS (SELECT 1 FROM ESS_LEAVE_APPLY_TB TB WHERE TB.APPLY_NO = EM.APPLY_NO AND TB.BATCH_YN = 2) AND NOT EXISTS (SELECT 1 FROM ESS_APPLY_OT OT WHERE OT.APPLY_NO = EM.APPLY_NO AND OT.BATCH_YN = 2)
2026-08-31 18:00:59.311 INFO  [c.a.config.SqlOnlyInterceptor] SQL Result  | mapper=com.ait.sy.syAffirm.mapper.SyAffirmEmailMapper.countPendingApprovals | caller=com.ait.sy.syAffirm.service.impl.SyAffirmEmailServiceImpl.getPendingApprovalCounts(SyAffirmEmailServiceImpl.java:114) | rowsReturned=1 | took=1760 ms
2026-08-31 18:03:53.719 INFO  [c.a.config.SqlOnlyInterceptor] SQL Execute | mapper=com.ait.sy.syAffirm.mapper.SyAffirmEmailMapper.countPendingApprovals | caller=com.ait.sy.syAffirm.service.impl.SyAffirmEmailServiceImpl.getPendingApprovalCounts(SyAffirmEmailServiceImpl.java:105) | command=SELECT | params=[adminID='11111111'] | sql=SELECT COUNT(1) FROM SY_AFFIRM_EMAIL EM WHERE ACTIVITY = 0 AND AFFIRM_PERSON_ID = '11111111' AND APPLY_AFFIRM_FLAG NOT IN ('14014310', '14014309', '14014308') AND NOT EXISTS (SELECT 1 FROM ESS_LEAVE_APPLY_TB TB WHERE TB.APPLY_NO = EM.APPLY_NO AND TB.BATCH_YN = 2) AND NOT EXISTS (SELECT 1 FROM ESS_APPLY_OT OT WHERE OT.APPLY_NO = EM.APPLY_NO AND OT.BATCH_YN = 2)
2026-08-31 18:03:54.749 INFO  [c.a.config.SqlOnlyInterceptor] SQL Result  | mapper=com.ait.sy.syAffirm.mapper.SyAffirmEmailMapper.countPendingApprovals | caller=com.ait.sy.syAffirm.service.impl.SyAffirmEmailServiceImpl.getPendingApprovalCounts(SyAffirmEmailServiceImpl.java:105) | rowsReturned=1 | took=1030 ms
2026-08-31 18:03:54.751 INFO  [c.a.config.SqlOnlyInterceptor] SQL Execute | mapper=com.ait.sy.syAffirm.mapper.SyAffirmEmailMapper.countPendingApprovals | caller=com.ait.sy.syAffirm.service.impl.SyAffirmEmailServiceImpl.getPendingApprovalCounts(SyAffirmEmailServiceImpl.java:108) | command=SELECT | params=[adminID='11111111', applyTypeCodeSearch='21'] | sql=SELECT COUNT(1) FROM SY_AFFIRM_EMAIL EM WHERE ACTIVITY = 0 AND AFFIRM_PERSON_ID = '11111111' AND APPLY_AFFIRM_FLAG NOT IN ('14014310', '14014309', '14014308') AND APPLY_TYPE_CODE = '21' AND NOT EXISTS (SELECT 1 FROM ESS_LEAVE_APPLY_TB TB WHERE TB.APPLY_NO = EM.APPLY_NO AND TB.BATCH_YN = 2) AND NOT EXISTS (SELECT 1 FROM ESS_APPLY_OT OT WHERE OT.APPLY_NO = EM.APPLY_NO AND OT.BATCH_YN = 2)
2026-08-31 18:03:55.639 INFO  [c.a.config.SqlOnlyInterceptor] SQL Result  | mapper=com.ait.sy.syAffirm.mapper.SyAffirmEmailMapper.countPendingApprovals | caller=com.ait.sy.syAffirm.service.impl.SyAffirmEmailServiceImpl.getPendingApprovalCounts(SyAffirmEmailServiceImpl.java:108) | rowsReturned=1 | took=888 ms
2026-08-31 18:03:55.640 INFO  [c.a.config.SqlOnlyInterceptor] SQL Execute | mapper=com.ait.sy.syAffirm.mapper.SyAffirmEmailMapper.countPendingApprovals | caller=com.ait.sy.syAffirm.service.impl.SyAffirmEmailServiceImpl.getPendingApprovalCounts(SyAffirmEmailServiceImpl.java:111) | command=SELECT | params=[adminID='11111111', applyTypeCodeSearch='31'] | sql=SELECT COUNT(1) FROM SY_AFFIRM_EMAIL EM WHERE ACTIVITY = 0 AND AFFIRM_PERSON_ID = '11111111' AND APPLY_AFFIRM_FLAG NOT IN ('14014310', '14014309', '14014308') AND APPLY_TYPE_CODE = '31' AND NOT EXISTS (SELECT 1 FROM ESS_LEAVE_APPLY_TB TB WHERE TB.APPLY_NO = EM.APPLY_NO AND TB.BATCH_YN = 2) AND NOT EXISTS (SELECT 1 FROM ESS_APPLY_OT OT WHERE OT.APPLY_NO = EM.APPLY_NO AND OT.BATCH_YN = 2)
2026-08-31 18:03:56.749 INFO  [c.a.config.SqlOnlyInterceptor] SQL Result  | mapper=com.ait.sy.syAffirm.mapper.SyAffirmEmailMapper.countPendingApprovals | caller=com.ait.sy.syAffirm.service.impl.SyAffirmEmailServiceImpl.getPendingApprovalCounts(SyAffirmEmailServiceImpl.java:111) | rowsReturned=1 | took=1109 ms
2026-08-31 18:03:56.751 INFO  [c.a.config.SqlOnlyInterceptor] SQL Execute | mapper=com.ait.sy.syAffirm.mapper.SyAffirmEmailMapper.countPendingApprovals | caller=com.ait.sy.syAffirm.service.impl.SyAffirmEmailServiceImpl.getPendingApprovalCounts(SyAffirmEmailServiceImpl.java:114) | command=SELECT | params=[adminID='11111111', applyTypeCodeSearch='218197'] | sql=SELECT COUNT(1) FROM SY_AFFIRM_EMAIL EM WHERE ACTIVITY = 0 AND AFFIRM_PERSON_ID = '11111111' AND APPLY_AFFIRM_FLAG NOT IN ('14014310', '14014309', '14014308') AND APPLY_TYPE_CODE = '218197' AND NOT EXISTS (SELECT 1 FROM ESS_LEAVE_APPLY_TB TB WHERE TB.APPLY_NO = EM.APPLY_NO AND TB.BATCH_YN = 2) AND NOT EXISTS (SELECT 1 FROM ESS_APPLY_OT OT WHERE OT.APPLY_NO = EM.APPLY_NO AND OT.BATCH_YN = 2)
2026-08-31 18:03:58.037 INFO  [c.a.config.SqlOnlyInterceptor] SQL Result  | mapper=com.ait.sy.syAffirm.mapper.SyAffirmEmailMapper.countPendingApprovals | caller=com.ait.sy.syAffirm.service.impl.SyAffirmEmailServiceImpl.getPendingApprovalCounts(SyAffirmEmailServiceImpl.java:114) | rowsReturned=1 | took=1286 ms
2026-08-31 18:05:00.002 INFO  [c.a.a.a.s.ArCardRecordScheduler] [AutoImport] Bắt đầu tự động đọc dữ liệu quẹt thẻ: fromDate=2026-08-29, toDate=2026-08-31
2026-08-31 18:05:00.013 INFO  [c.a.a.a.s.i.ArCardRecordServiceImpl] [importFromDevice] Bắt đầu đọc dữ liệu quẹt thẻ từ máy chủ, fromDate=2026-08-29, toDate=2026-08-31
2026-08-31 18:05:30.020 ERROR [c.a.a.a.s.i.ArCardRecordServiceImpl] [importFromDevice] Lỗi kết nối hoặc xử lý dữ liệu
com.microsoft.sqlserver.jdbc.SQLServerException: The TCP/IP connection to the host 10.43.7.249, port 1433 has failed. Error: "Connect timed out. Verify the connection properties. Make sure that an instance of SQL Server is running on the host and accepting TCP/IP connections at the port. Make sure that TCP connections to the port are not blocked by a firewall.".
	at at com.microsoft.sqlserver.jdbc.SQLServerException.makeFromDriverError(SQLServerException.java:231)
2026-08-31 18:05:30.021 ERROR [c.a.a.a.s.ArCardRecordScheduler] [AutoImport] Thất bại: Lỗi kết nối máy chủ quẹt thẻ: The TCP/IP connection to the host 10.43.7.249, port 1433 has failed. Error: "Connect timed out. Verify the connection properties. Make sure that an instance of SQL Server is running on the host and accepting TCP/IP connections at the port. Make sure that TCP connections to the port are not blocked by a firewall.".
2026-08-31 18:06:53.713 INFO  [c.a.config.SqlOnlyInterceptor] SQL Execute | mapper=com.ait.sy.syAffirm.mapper.SyAffirmEmailMapper.countPendingApprovals | caller=com.ait.sy.syAffirm.service.impl.SyAffirmEmailServiceImpl.getPendingApprovalCounts(SyAffirmEmailServiceImpl.java:105) | command=SELECT | params=[adminID='11111111'] | sql=SELECT COUNT(1) FROM SY_AFFIRM_EMAIL EM WHERE ACTIVITY = 0 AND AFFIRM_PERSON_ID = '11111111' AND APPLY_AFFIRM_FLAG NOT IN ('14014310', '14014309', '14014308') AND NOT EXISTS (SELECT 1 FROM ESS_LEAVE_APPLY_TB TB WHERE TB.APPLY_NO = EM.APPLY_NO AND TB.BATCH_YN = 2) AND NOT EXISTS (SELECT 1 FROM ESS_APPLY_OT OT WHERE OT.APPLY_NO = EM.APPLY_NO AND OT.BATCH_YN = 2)
2026-08-31 18:06:55.083 INFO  [c.a.config.SqlOnlyInterceptor] SQL Result  | mapper=com.ait.sy.syAffirm.mapper.SyAffirmEmailMapper.countPendingApprovals | caller=com.ait.sy.syAffirm.service.impl.SyAffirmEmailServiceImpl.getPendingApprovalCounts(SyAffirmEmailServiceImpl.java:105) | rowsReturned=1 | took=1369 ms
2026-08-31 18:06:55.084 INFO  [c.a.config.SqlOnlyInterceptor] SQL Execute | mapper=com.ait.sy.syAffirm.mapper.SyAffirmEmailMapper.countPendingApprovals | caller=com.ait.sy.syAffirm.service.impl.SyAffirmEmailServiceImpl.getPendingApprovalCounts(SyAffirmEmailServiceImpl.java:108) | command=SELECT | params=[adminID='11111111', applyTypeCodeSearch='21'] | sql=SELECT COUNT(1) FROM SY_AFFIRM_EMAIL EM WHERE ACTIVITY = 0 AND AFFIRM_PERSON_ID = '11111111' AND APPLY_AFFIRM_FLAG NOT IN ('14014310', '14014309', '14014308') AND APPLY_TYPE_CODE = '21' AND NOT EXISTS (SELECT 1 FROM ESS_LEAVE_APPLY_TB TB WHERE TB.APPLY_NO = EM.APPLY_NO AND TB.BATCH_YN = 2) AND NOT EXISTS (SELECT 1 FROM ESS_APPLY_OT OT WHERE OT.APPLY_NO = EM.APPLY_NO AND OT.BATCH_YN = 2)
2026-08-31 18:06:56.543 INFO  [c.a.config.SqlOnlyInterceptor] SQL Result  | mapper=com.ait.sy.syAffirm.mapper.SyAffirmEmailMapper.countPendingApprovals | caller=com.ait.sy.syAffirm.service.impl.SyAffirmEmailServiceImpl.getPendingApprovalCounts(SyAffirmEmailServiceImpl.java:108) | rowsReturned=1 | took=1460 ms
2026-08-31 18:06:56.544 INFO  [c.a.config.SqlOnlyInterceptor] SQL Execute | mapper=com.ait.sy.syAffirm.mapper.SyAffirmEmailMapper.countPendingApprovals | caller=com.ait.sy.syAffirm.service.impl.SyAffirmEmailServiceImpl.getPendingApprovalCounts(SyAffirmEmailServiceImpl.java:111) | command=SELECT | params=[adminID='11111111', applyTypeCodeSearch='31'] | sql=SELECT COUNT(1) FROM SY_AFFIRM_EMAIL EM WHERE ACTIVITY = 0 AND AFFIRM_PERSON_ID = '11111111' AND APPLY_AFFIRM_FLAG NOT IN ('14014310', '14014309', '14014308') AND APPLY_TYPE_CODE = '31' AND NOT EXISTS (SELECT 1 FROM ESS_LEAVE_APPLY_TB TB WHERE TB.APPLY_NO = EM.APPLY_NO AND TB.BATCH_YN = 2) AND NOT EXISTS (SELECT 1 FROM ESS_APPLY_OT OT WHERE OT.APPLY_NO = EM.APPLY_NO AND OT.BATCH_YN = 2)
2026-08-31 18:06:57.831 INFO  [c.a.config.SqlOnlyInterceptor] SQL Result  | mapper=com.ait.sy.syAffirm.mapper.SyAffirmEmailMapper.countPendingApprovals | caller=com.ait.sy.syAffirm.service.impl.SyAffirmEmailServiceImpl.getPendingApprovalCounts(SyAffirmEmailServiceImpl.java:111) | rowsReturned=1 | took=1285 ms
2026-08-31 18:06:57.831 INFO  [c.a.config.SqlOnlyInterceptor] SQL Execute | mapper=com.ait.sy.syAffirm.mapper.SyAffirmEmailMapper.countPendingApprovals | caller=com.ait.sy.syAffirm.service.impl.SyAffirmEmailServiceImpl.getPendingApprovalCounts(SyAffirmEmailServiceImpl.java:114) | command=SELECT | params=[adminID='11111111', applyTypeCodeSearch='218197'] | sql=SELECT COUNT(1) FROM SY_AFFIRM_EMAIL EM WHERE ACTIVITY = 0 AND AFFIRM_PERSON_ID = '11111111' AND APPLY_AFFIRM_FLAG NOT IN ('14014310', '14014309', '14014308') AND APPLY_TYPE_CODE = '218197' AND NOT EXISTS (SELECT 1 FROM ESS_LEAVE_APPLY_TB TB WHERE TB.APPLY_NO = EM.APPLY_NO AND TB.BATCH_YN = 2) AND NOT EXISTS (SELECT 1 FROM ESS_APPLY_OT OT WHERE OT.APPLY_NO = EM.APPLY_NO AND OT.BATCH_YN = 2)
2026-08-31 18:06:59.887 INFO  [c.a.config.SqlOnlyInterceptor] SQL Result  | mapper=com.ait.sy.syAffirm.mapper.SyAffirmEmailMapper.countPendingApprovals | caller=com.ait.sy.syAffirm.service.impl.SyAffirmEmailServiceImpl.getPendingApprovalCounts(SyAffirmEmailServiceImpl.java:114) | rowsReturned=1 | took=2056 ms
2026-08-31 18:09:53.717 INFO  [c.a.config.SqlOnlyInterceptor] SQL Execute | mapper=com.ait.sy.syAffirm.mapper.SyAffirmEmailMapper.countPendingApprovals | caller=com.ait.sy.syAffirm.service.impl.SyAffirmEmailServiceImpl.getPendingApprovalCounts(SyAffirmEmailServiceImpl.java:105) | command=SELECT | params=[adminID='11111111'] | sql=SELECT COUNT(1) FROM SY_AFFIRM_EMAIL EM WHERE ACTIVITY = 0 AND AFFIRM_PERSON_ID = '11111111' AND APPLY_AFFIRM_FLAG NOT IN ('14014310', '14014309', '14014308') AND NOT EXISTS (SELECT 1 FROM ESS_LEAVE_APPLY_TB TB WHERE TB.APPLY_NO = EM.APPLY_NO AND TB.BATCH_YN = 2) AND NOT EXISTS (SELECT 1 FROM ESS_APPLY_OT OT WHERE OT.APPLY_NO = EM.APPLY_NO AND OT.BATCH_YN = 2)
2026-08-31 18:09:55.148 INFO  [c.a.config.SqlOnlyInterceptor] SQL Result  | mapper=com.ait.sy.syAffirm.mapper.SyAffirmEmailMapper.countPendingApprovals | caller=com.ait.sy.syAffirm.service.impl.SyAffirmEmailServiceImpl.getPendingApprovalCounts(SyAffirmEmailServiceImpl.java:105) | rowsReturned=1 | took=1431 ms
2026-08-31 18:09:55.150 INFO  [c.a.config.SqlOnlyInterceptor] SQL Execute | mapper=com.ait.sy.syAffirm.mapper.SyAffirmEmailMapper.countPendingApprovals | caller=com.ait.sy.syAffirm.service.impl.SyAffirmEmailServiceImpl.getPendingApprovalCounts(SyAffirmEmailServiceImpl.java:108) | command=SELECT | params=[adminID='11111111', applyTypeCodeSearch='21'] | sql=SELECT COUNT(1) FROM SY_AFFIRM_EMAIL EM WHERE ACTIVITY = 0 AND AFFIRM_PERSON_ID = '11111111' AND APPLY_AFFIRM_FLAG NOT IN ('14014310', '14014309', '14014308') AND APPLY_TYPE_CODE = '21' AND NOT EXISTS (SELECT 1 FROM ESS_LEAVE_APPLY_TB TB WHERE TB.APPLY_NO = EM.APPLY_NO AND TB.BATCH_YN = 2) AND NOT EXISTS (SELECT 1 FROM ESS_APPLY_OT OT WHERE OT.APPLY_NO = EM.APPLY_NO AND OT.BATCH_YN = 2)
2026-08-31 18:09:57.012 INFO  [c.a.config.SqlOnlyInterceptor] SQL Result  | mapper=com.ait.sy.syAffirm.mapper.SyAffirmEmailMapper.countPendingApprovals | caller=com.ait.sy.syAffirm.service.impl.SyAffirmEmailServiceImpl.getPendingApprovalCounts(SyAffirmEmailServiceImpl.java:108) | rowsReturned=1 | took=1862 ms
2026-08-31 18:09:57.013 INFO  [c.a.config.SqlOnlyInterceptor] SQL Execute | mapper=com.ait.sy.syAffirm.mapper.SyAffirmEmailMapper.countPendingApprovals | caller=com.ait.sy.syAffirm.service.impl.SyAffirmEmailServiceImpl.getPendingApprovalCounts(SyAffirmEmailServiceImpl.java:111) | command=SELECT | params=[adminID='11111111', applyTypeCodeSearch='31'] | sql=SELECT COUNT(1) FROM SY_AFFIRM_EMAIL EM WHERE ACTIVITY = 0 AND AFFIRM_PERSON_ID = '11111111' AND APPLY_AFFIRM_FLAG NOT IN ('14014310', '14014309', '14014308') AND APPLY_TYPE_CODE = '31' AND NOT EXISTS (SELECT 1 FROM ESS_LEAVE_APPLY_TB TB WHERE TB.APPLY_NO = EM.APPLY_NO AND TB.BATCH_YN = 2) AND NOT EXISTS (SELECT 1 FROM ESS_APPLY_OT OT WHERE OT.APPLY_NO = EM.APPLY_NO AND OT.BATCH_YN = 2)
2026-08-31 18:09:59.182 INFO  [c.a.config.SqlOnlyInterceptor] SQL Result  | mapper=com.ait.sy.syAffirm.mapper.SyAffirmEmailMapper.countPendingApprovals | caller=com.ait.sy.syAffirm.service.impl.SyAffirmEmailServiceImpl.getPendingApprovalCounts(SyAffirmEmailServiceImpl.java:111) | rowsReturned=1 | took=2169 ms
2026-08-31 18:09:59.184 INFO  [c.a.config.SqlOnlyInterceptor] SQL Execute | mapper=com.ait.sy.syAffirm.mapper.SyAffirmEmailMapper.countPendingApprovals | caller=com.ait.sy.syAffirm.service.impl.SyAffirmEmailServiceImpl.getPendingApprovalCounts(SyAffirmEmailServiceImpl.java:114) | command=SELECT | params=[adminID='11111111', applyTypeCodeSearch='218197'] | sql=SELECT COUNT(1) FROM SY_AFFIRM_EMAIL EM WHERE ACTIVITY = 0 AND AFFIRM_PERSON_ID = '11111111' AND APPLY_AFFIRM_FLAG NOT IN ('14014310', '14014309', '14014308') AND APPLY_TYPE_CODE = '218197' AND NOT EXISTS (SELECT 1 FROM ESS_LEAVE_APPLY_TB TB WHERE TB.APPLY_NO = EM.APPLY_NO AND TB.BATCH_YN = 2) AND NOT EXISTS (SELECT 1 FROM ESS_APPLY_OT OT WHERE OT.APPLY_NO = EM.APPLY_NO AND OT.BATCH_YN = 2)
2026-08-31 18:10:00.347 INFO  [c.a.config.SqlOnlyInterceptor] SQL Result  | mapper=com.ait.sy.syAffirm.mapper.SyAffirmEmailMapper.countPendingApprovals | caller=com.ait.sy.syAffirm.service.impl.SyAffirmEmailServiceImpl.getPendingApprovalCounts(SyAffirmEmailServiceImpl.java:114) | rowsReturned=1 | took=1163 ms
2026-08-31 18:12:53.719 INFO  [c.a.config.SqlOnlyInterceptor] SQL Execute | mapper=com.ait.sy.syAffirm.mapper.SyAffirmEmailMapper.countPendingApprovals | caller=com.ait.sy.syAffirm.service.impl.SyAffirmEmailServiceImpl.getPendingApprovalCounts(SyAffirmEmailServiceImpl.java:105) | command=SELECT | params=[adminID='11111111'] | sql=SELECT COUNT(1) FROM SY_AFFIRM_EMAIL EM WHERE ACTIVITY = 0 AND AFFIRM_PERSON_ID = '11111111' AND APPLY_AFFIRM_FLAG NOT IN ('14014310', '14014309', '14014308') AND NOT EXISTS (SELECT 1 FROM ESS_LEAVE_APPLY_TB TB WHERE TB.APPLY_NO = EM.APPLY_NO AND TB.BATCH_YN = 2) AND NOT EXISTS (SELECT 1 FROM ESS_APPLY_OT OT WHERE OT.APPLY_NO = EM.APPLY_NO AND OT.BATCH_YN = 2)
2026-08-31 18:12:55.511 INFO  [c.a.config.SqlOnlyInterceptor] SQL Result  | mapper=com.ait.sy.syAffirm.mapper.SyAffirmEmailMapper.countPendingApprovals | caller=com.ait.sy.syAffirm.service.impl.SyAffirmEmailServiceImpl.getPendingApprovalCounts(SyAffirmEmailServiceImpl.java:105) | rowsReturned=1 | took=1792 ms
2026-08-31 18:12:55.513 INFO  [c.a.config.SqlOnlyInterceptor] SQL Execute | mapper=com.ait.sy.syAffirm.mapper.SyAffirmEmailMapper.countPendingApprovals | caller=com.ait.sy.syAffirm.service.impl.SyAffirmEmailServiceImpl.getPendingApprovalCounts(SyAffirmEmailServiceImpl.java:108) | command=SELECT | params=[adminID='11111111', applyTypeCodeSearch='21'] | sql=SELECT COUNT(1) FROM SY_AFFIRM_EMAIL EM WHERE ACTIVITY = 0 AND AFFIRM_PERSON_ID = '11111111' AND APPLY_AFFIRM_FLAG NOT IN ('14014310', '14014309', '14014308') AND APPLY_TYPE_CODE = '21' AND NOT EXISTS (SELECT 1 FROM ESS_LEAVE_APPLY_TB TB WHERE TB.APPLY_NO = EM.APPLY_NO AND TB.BATCH_YN = 2) AND NOT EXISTS (SELECT 1 FROM ESS_APPLY_OT OT WHERE OT.APPLY_NO = EM.APPLY_NO AND OT.BATCH_YN = 2)
2026-08-31 18:12:56.567 INFO  [c.a.config.SqlOnlyInterceptor] SQL Result  | mapper=com.ait.sy.syAffirm.mapper.SyAffirmEmailMapper.countPendingApprovals | caller=com.ait.sy.syAffirm.service.impl.SyAffirmEmailServiceImpl.getPendingApprovalCounts(SyAffirmEmailServiceImpl.java:108) | rowsReturned=1 | took=1054 ms
2026-08-31 18:12:56.569 INFO  [c.a.config.SqlOnlyInterceptor] SQL Execute | mapper=com.ait.sy.syAffirm.mapper.SyAffirmEmailMapper.countPendingApprovals | caller=com.ait.sy.syAffirm.service.impl.SyAffirmEmailServiceImpl.getPendingApprovalCounts(SyAffirmEmailServiceImpl.java:111) | command=SELECT | params=[adminID='11111111', applyTypeCodeSearch='31'] | sql=SELECT COUNT(1) FROM SY_AFFIRM_EMAIL EM WHERE ACTIVITY = 0 AND AFFIRM_PERSON_ID = '11111111' AND APPLY_AFFIRM_FLAG NOT IN ('14014310', '14014309', '14014308') AND APPLY_TYPE_CODE = '31' AND NOT EXISTS (SELECT 1 FROM ESS_LEAVE_APPLY_TB TB WHERE TB.APPLY_NO = EM.APPLY_NO AND TB.BATCH_YN = 2) AND NOT EXISTS (SELECT 1 FROM ESS_APPLY_OT OT WHERE OT.APPLY_NO = EM.APPLY_NO AND OT.BATCH_YN = 2)
2026-08-31 18:12:57.876 INFO  [c.a.config.SqlOnlyInterceptor] SQL Result  | mapper=com.ait.sy.syAffirm.mapper.SyAffirmEmailMapper.countPendingApprovals | caller=com.ait.sy.syAffirm.service.impl.SyAffirmEmailServiceImpl.getPendingApprovalCounts(SyAffirmEmailServiceImpl.java:111) | rowsReturned=1 | took=1307 ms
2026-08-31 18:12:57.878 INFO  [c.a.config.SqlOnlyInterceptor] SQL Execute | mapper=com.ait.sy.syAffirm.mapper.SyAffirmEmailMapper.countPendingApprovals | caller=com.ait.sy.syAffirm.service.impl.SyAffirmEmailServiceImpl.getPendingApprovalCounts(SyAffirmEmailServiceImpl.java:114) | command=SELECT | params=[adminID='11111111', applyTypeCodeSearch='218197'] | sql=SELECT COUNT(1) FROM SY_AFFIRM_EMAIL EM WHERE ACTIVITY = 0 AND AFFIRM_PERSON_ID = '11111111' AND APPLY_AFFIRM_FLAG NOT IN ('14014310', '14014309', '14014308') AND APPLY_TYPE_CODE = '218197' AND NOT EXISTS (SELECT 1 FROM ESS_LEAVE_APPLY_TB TB WHERE TB.APPLY_NO = EM.APPLY_NO AND TB.BATCH_YN = 2) AND NOT EXISTS (SELECT 1 FROM ESS_APPLY_OT OT WHERE OT.APPLY_NO = EM.APPLY_NO AND OT.BATCH_YN = 2)
2026-08-31 18:12:59.880 INFO  [c.a.config.SqlOnlyInterceptor] SQL Result  | mapper=com.ait.sy.syAffirm.mapper.SyAffirmEmailMapper.countPendingApprovals | caller=com.ait.sy.syAffirm.service.impl.SyAffirmEmailServiceImpl.getPendingApprovalCounts(SyAffirmEmailServiceImpl.java:114) | rowsReturned=1 | took=2003 ms
2026-08-31 18:15:53.726 INFO  [c.a.config.SqlOnlyInterceptor] SQL Execute | mapper=com.ait.sy.syAffirm.mapper.SyAffirmEmailMapper.countPendingApprovals | caller=com.ait.sy.syAffirm.service.impl.SyAffirmEmailServiceImpl.getPendingApprovalCounts(SyAffirmEmailServiceImpl.java:105) | command=SELECT | params=[adminID='11111111'] | sql=SELECT COUNT(1) FROM SY_AFFIRM_EMAIL EM WHERE ACTIVITY = 0 AND AFFIRM_PERSON_ID = '11111111' AND APPLY_AFFIRM_FLAG NOT IN ('14014310', '14014309', '14014308') AND NOT EXISTS (SELECT 1 FROM ESS_LEAVE_APPLY_TB TB WHERE TB.APPLY_NO = EM.APPLY_NO AND TB.BATCH_YN = 2) AND NOT EXISTS (SELECT 1 FROM ESS_APPLY_OT OT WHERE OT.APPLY_NO = EM.APPLY_NO AND OT.BATCH_YN = 2)
2026-08-31 18:15:54.892 INFO  [c.a.config.SqlOnlyInterceptor] SQL Result  | mapper=com.ait.sy.syAffirm.mapper.SyAffirmEmailMapper.countPendingApprovals | caller=com.ait.sy.syAffirm.service.impl.SyAffirmEmailServiceImpl.getPendingApprovalCounts(SyAffirmEmailServiceImpl.java:105) | rowsReturned=1 | took=1166 ms
2026-08-31 18:15:54.894 INFO  [c.a.config.SqlOnlyInterceptor] SQL Execute | mapper=com.ait.sy.syAffirm.mapper.SyAffirmEmailMapper.countPendingApprovals | caller=com.ait.sy.syAffirm.service.impl.SyAffirmEmailServiceImpl.getPendingApprovalCounts(SyAffirmEmailServiceImpl.java:108) | command=SELECT | params=[adminID='11111111', applyTypeCodeSearch='21'] | sql=SELECT COUNT(1) FROM SY_AFFIRM_EMAIL EM WHERE ACTIVITY = 0 AND AFFIRM_PERSON_ID = '11111111' AND APPLY_AFFIRM_FLAG NOT IN ('14014310', '14014309', '14014308') AND APPLY_TYPE_CODE = '21' AND NOT EXISTS (SELECT 1 FROM ESS_LEAVE_APPLY_TB TB WHERE TB.APPLY_NO = EM.APPLY_NO AND TB.BATCH_YN = 2) AND NOT EXISTS (SELECT 1 FROM ESS_APPLY_OT OT WHERE OT.APPLY_NO = EM.APPLY_NO AND OT.BATCH_YN = 2)
2026-08-31 18:15:55.857 INFO  [c.a.config.SqlOnlyInterceptor] SQL Result  | mapper=com.ait.sy.syAffirm.mapper.SyAffirmEmailMapper.countPendingApprovals | caller=com.ait.sy.syAffirm.service.impl.SyAffirmEmailServiceImpl.getPendingApprovalCounts(SyAffirmEmailServiceImpl.java:108) | rowsReturned=1 | took=963 ms
2026-08-31 18:15:55.858 INFO  [c.a.config.SqlOnlyInterceptor] SQL Execute | mapper=com.ait.sy.syAffirm.mapper.SyAffirmEmailMapper.countPendingApprovals | caller=com.ait.sy.syAffirm.service.impl.SyAffirmEmailServiceImpl.getPendingApprovalCounts(SyAffirmEmailServiceImpl.java:111) | command=SELECT | params=[adminID='11111111', applyTypeCodeSearch='31'] | sql=SELECT COUNT(1) FROM SY_AFFIRM_EMAIL EM WHERE ACTIVITY = 0 AND AFFIRM_PERSON_ID = '11111111' AND APPLY_AFFIRM_FLAG NOT IN ('14014310', '14014309', '14014308') AND APPLY_TYPE_CODE = '31' AND NOT EXISTS (SELECT 1 FROM ESS_LEAVE_APPLY_TB TB WHERE TB.APPLY_NO = EM.APPLY_NO AND TB.BATCH_YN = 2) AND NOT EXISTS (SELECT 1 FROM ESS_APPLY_OT OT WHERE OT.APPLY_NO = EM.APPLY_NO AND OT.BATCH_YN = 2)
2026-08-31 18:15:57.391 INFO  [c.a.config.SqlOnlyInterceptor] SQL Result  | mapper=com.ait.sy.syAffirm.mapper.SyAffirmEmailMapper.countPendingApprovals | caller=com.ait.sy.syAffirm.service.impl.SyAffirmEmailServiceImpl.getPendingApprovalCounts(SyAffirmEmailServiceImpl.java:111) | rowsReturned=1 | took=1534 ms
2026-08-31 18:15:57.392 INFO  [c.a.config.SqlOnlyInterceptor] SQL Execute | mapper=com.ait.sy.syAffirm.mapper.SyAffirmEmailMapper.countPendingApprovals | caller=com.ait.sy.syAffirm.service.impl.SyAffirmEmailServiceImpl.getPendingApprovalCounts(SyAffirmEmailServiceImpl.java:114) | command=SELECT | params=[adminID='11111111', applyTypeCodeSearch='218197'] | sql=SELECT COUNT(1) FROM SY_AFFIRM_EMAIL EM WHERE ACTIVITY = 0 AND AFFIRM_PERSON_ID = '11111111' AND APPLY_AFFIRM_FLAG NOT IN ('14014310', '14014309', '14014308') AND APPLY_TYPE_CODE = '218197' AND NOT EXISTS (SELECT 1 FROM ESS_LEAVE_APPLY_TB TB WHERE TB.APPLY_NO = EM.APPLY_NO AND TB.BATCH_YN = 2) AND NOT EXISTS (SELECT 1 FROM ESS_APPLY_OT OT WHERE OT.APPLY_NO = EM.APPLY_NO AND OT.BATCH_YN = 2)
2026-08-31 18:15:58.859 INFO  [c.a.config.SqlOnlyInterceptor] SQL Result  | mapper=com.ait.sy.syAffirm.mapper.SyAffirmEmailMapper.countPendingApprovals | caller=com.ait.sy.syAffirm.service.impl.SyAffirmEmailServiceImpl.getPendingApprovalCounts(SyAffirmEmailServiceImpl.java:114) | rowsReturned=1 | took=1467 ms
2026-08-31 21:52:59.623 WARN  [c.zaxxer.hikari.pool.PoolBase] HrAppPool - Failed to validate connection oracle.jdbc.driver.T4CConnection@58e387e2 (ORA-17008: Closed connection
https://docs.oracle.com/error-help/db/ora-17008/). Possibly consider using a shorter maxLifetime value.
2026-08-31 21:52:59.624 WARN  [c.z.hikari.pool.HikariPool] HrAppPool - Thread starvation or clock leap detected (housekeeper delta=2h50m48s585ms563µs700ns).
2026-08-31 21:53:04.631 WARN  [c.zaxxer.hikari.pool.PoolBase] HrAppPool - Failed to validate connection oracle.jdbc.driver.T4CConnection@40d2aa6 (ORA-17008: Closed connection
https://docs.oracle.com/error-help/db/ora-17008/). Possibly consider using a shorter maxLifetime value.
